stem,img_path,direction,edge,xmin,ymin,xmax,ymax,bbox_w,bbox_h,cx,cy,xmin_norm,ymin_norm,xmax_norm,ymax_norm,bbox_w_norm,bbox_h_norm,cx_norm,cy_norm,aspect_ratio,offscreen_dist
image_0,../data/train_data/train_data/image_0.png,1,left,-228.87714385986328,223.6187400817871,-110.61487913131714,416.3587894439697,118.26226472854614,192.74004936218262,-169.7460114955902,319.9887647628784,-0.3178849220275879,0.4658723751703898,-0.1536317765712738,0.8674141446749369,0.1642531454563141,0.4015417695045471,-0.23575834929943085,0.6666432599226634,1.6297679551849393,110.61487913131714
image_10,../data/train_data/train_data/image_10.png,0,left,-307.3855948448181,215.6910743713379,-243.78775835037231,438.10311102867126,63.5978364944458,222.41203665733337,-275.5866765975952,326.8970927000046,-0.4269244372844696,0.4493564049402873,-0.33859410881996155,0.9127148146430651,0.08833032846450806,0.46335840970277786,-0.3827592730522156,0.6810356097916762,3.4971635658825804,243.78775835037231
image_100,../data/train_data/train_data/image_100.png,1,left,-253.66890907287598,215.60472869873047,-174.38595414161682,434.19680976867676,79.28295493125916,218.5920810699463,-214.0274316072464,324.9007692337036,-0.3523179292678833,0.44917651812235515,-0.24220271408557892,0.9045766870180766,0.11011521518230438,0.45540016889572144,-0.2972603216767311,0.6768766025702159,2.7571131936173745,174.38595414161682
image_1000,../data/train_data/train_data/image_1000.png,0,left,-234.06380653381348,227.4595775604248,-138.2507836818695,379.1891088485718,95.81302285194397,151.72953128814697,-186.1572951078415,303.3243432044983,-0.32508862018585205,0.4738741199175517,-0.19201497733592987,0.7899773101011912,0.13307364284992218,0.3161031901836395,-0.25855179876089096,0.6319257150093714,1.583600295364948,138.2507836818695
image_1001,../data/train_data/train_data/image_1001.png,1,left,-195.74817180633545,225.63796424865723,-87.97619819641113,392.7053179740906,107.77197360992432,167.06735372543335,-141.8621850013733,309.1716411113739,-0.27187246084213257,0.47007909218470256,-0.12218916416168213,0.8181360791126887,0.14968329668045044,0.34805698692798615,-0.19703081250190735,0.6441075856486956,1.5501929502574197,87.97619819641113
image_1003,../data/train_data/train_data/image_1003.png,0,left,-205.0696849822998,226.19952583312988,-130.63246250152588,378.0185570716858,74.43722248077393,151.8190312385559,-167.85107374191284,302.10904145240784,-0.28481900691986084,0.47124901215235393,-0.18143397569656372,0.7875386605660121,0.10338503122329712,0.31628964841365814,-0.23312649130821228,0.629393836359183,2.0395579815967557,130.63246250152588
image_1004,../data/train_data/train_data/image_1004.png,1,left,-160.4232108592987,224.98012924194336,-119.25739645957947,355.68025493621826,41.16581439971924,130.7001256942749,-139.8403036594391,290.3301920890808,-0.22281001508235931,0.468708602587382,-0.16563527286052704,0.7410005311171214,0.057174742221832275,0.2722919285297394,-0.19422264397144318,0.6048545668522517,3.174967569575553,119.25739645957947
image_1005,../data/train_data/train_data/image_1005.png,0,right,795.0722408294678,228.65880393981934,879.3706798553467,365.76491022109985,84.2984390258789,137.10610628128052,837.2214603424072,297.2118570804596,1.1042670011520386,0.47637250820795696,1.2213481664657593,0.7620102296272914,0.1170811653137207,0.2856377214193344,1.162807583808899,0.6191913689176242,1.626437071262851,75.07224082946777
image_1006,../data/train_data/train_data/image_1006.png,1,right,858.4817218780518,225.10498428344727,962.7878093719482,406.2089743614197,104.30608749389648,181.1039900779724,910.634765625,315.6569793224335,1.1923357248306274,0.4689687172571818,1.3372052907943726,0.846268696586291,0.14486956596374512,0.3772999793291092,1.2647705078125,0.6576187069217364,1.7362744057346584,138.48172187805176
image_1007,../data/train_data/train_data/image_1007.png,0,left,-260.42163848876953,223.98360633850098,-133.88513445854187,417.33487033843994,126.53650403022766,193.35126399993896,-197.1533864736557,320.65923833847046,-0.361696720123291,0.4666325132052104,-0.1859515756368637,0.8694476465384166,0.1757451444864273,0.4028151333332062,-0.27382414788007736,0.6680400798718135,1.5280275481117311,133.88513445854187
image_1008,../data/train_data/train_data/image_1008.png,0,left,-259.4011974334717,217.06199073791504,-207.21266269683838,421.47125148773193,52.1885347366333,204.4092607498169,-233.30693006515503,319.2666211128235,-0.3602794408798218,0.45221248070398967,-0.28779536485671997,0.8780651072661082,0.0724840760231018,0.42585262656211853,-0.3240374028682709,0.6651387939850489,3.9167464996163908,207.21266269683838
image_1009,../data/train_data/train_data/image_1009.png,0,left,-168.9951753616333,222.4161376953125,-132.17026948928833,375.54263496398926,36.82490587234497,153.12649726867676,-150.58272242546082,298.9793863296509,-0.2347155213356018,0.46336695353190105,-0.18356981873512268,0.782380489508311,0.051145702600479126,0.3190135359764099,-0.20914267003536224,0.622873721520106,4.158231871644044,132.17026948928833
image_101,../data/train_data/train_data/image_101.png,0,left,-194.96779918670654,225.05274200439453,-119.16980624198914,385.9528102874756,75.79799294471741,160.90006828308105,-157.06880271434784,305.50277614593506,-0.27078860998153687,0.46885987917582195,-0.16551361978054047,0.8040683547655741,0.1052749902009964,0.3352084755897522,-0.21815111488103867,0.636464116970698,2.122748400481159,119.16980624198914
image_1010,../data/train_data/train_data/image_1010.png,0,right,868.0267810821533,216.93745040893555,970.1618671417236,439.1048445701599,102.13508605957031,222.16739416122437,919.0943241119385,328.02114748954773,1.2055927515029907,0.4519530216852824,1.3474470376968384,0.9148017595211665,0.14185428619384766,0.4628487378358841,1.2765198945999146,0.6833773906032244,2.175230890113953,148.02678108215332
image_1011,../data/train_data/train_data/image_1011.png,0,left,-194.8596954345703,226.07275390625,-133.21943163871765,356.3597192764282,61.64026379585266,130.28696537017822,-164.03956353664398,291.2162365913391,-0.27063846588134766,0.4709849039713542,-0.18502698838710785,0.7424160818258921,0.08561147749423981,0.27143117785453796,-0.22783272713422775,0.6067004928986232,2.113666576795934,133.21943163871765
image_1012,../data/train_data/train_data/image_1012.png,0,left,-315.095636844635,215.17268562316895,-245.30972957611084,438.78291511535645,69.78590726852417,223.6102294921875,-280.2026832103729,326.9778003692627,-0.43763282895088196,0.448276428381602,-0.3407079577445984,0.9141310731569926,0.09692487120628357,0.4658546447753906,-0.3891703933477402,0.6812037507692973,3.204231889280651,245.30972957611084
image_1013,../data/train_data/train_data/image_1013.png,1,right,801.1824417114258,226.0551586151123,863.8383293151855,365.792676448822,62.655887603759766,139.73751783370972,832.5103855133057,295.92391753196716,1.1127533912658691,0.4709482471148173,1.1997754573822021,0.7620680759350459,0.08702206611633301,0.2911198288202286,1.1562644243240356,0.6165081615249316,2.2302376229576315,81.18244171142578
image_1015,../data/train_data/train_data/image_1015.png,0,right,858.63450050354,224.76995849609375,957.698392868042,390.11828804016113,99.06389236450195,165.34832954406738,908.166446685791,307.44412326812744,1.1925479173660278,0.468270746866862,1.3301366567611694,0.8127464334170024,0.1375887393951416,0.3444756865501404,1.2613422870635986,0.6405085901419322,1.6691079423335626,138.63450050354004
image_1016,../data/train_data/train_data/image_1016.png,0,right,842.2923374176025,218.87127304077148,892.1532726287842,404.1587510108948,49.86093521118164,185.2874779701233,867.2228050231934,311.51501202583313,1.169850468635559,0.4559818188349406,1.239101767539978,0.8419973979393641,0.06925129890441895,0.3860155791044235,1.2044761180877686,0.6489896083871524,3.7160850911711614,122.29233741760254
image_1018,../data/train_data/train_data/image_1018.png,0,left,-328.5745310783386,218.82194900512695,-197.46875524520874,443.74279522895813,131.10577583312988,224.92084622383118,-263.0216431617737,331.28237211704254,-0.4563535153865814,0.4558790604273478,-0.2742621600627899,0.9244641567269961,0.1820913553237915,0.4685850962996483,-0.36530783772468567,0.690171608577172,1.7155677909271378,197.46875524520874
image_1019,../data/train_data/train_data/image_1019.png,1,left,-231.8099570274353,223.78997230529785,-121.60786986351013,399.131139755249,110.20208716392517,175.34116744995117,-176.70891344547272,311.46055603027344,-0.3219582736492157,0.46622910896937053,-0.16889981925487518,0.8315232078234355,0.15305845439434052,0.36529409885406494,-0.24542904645204544,0.648876158396403,1.5910875371092734,121.60786986351013
image_102,../data/train_data/train_data/image_102.png,1,right,826.4478206634521,225.67387008666992,922.7647876739502,383.902765750885,96.31696701049805,158.2288956642151,874.6063041687012,304.78831791877747,1.1478441953659058,0.4701538960138957,1.2816177606582642,0.7997974286476771,0.1337735652923584,0.32964353263378143,1.214730978012085,0.6349756623307864,1.6427935863778702,106.44782066345215
image_1020,../data/train_data/train_data/image_1020.png,1,right,801.6418933868408,221.11216926574707,875.5063247680664,397.448851108551,73.86443138122559,176.33668184280396,838.5741090774536,309.28051018714905,1.1133915185928345,0.46065035263697307,1.2159810066223145,0.8280184398094813,0.10258948802947998,0.36736808717250824,1.1646862626075745,0.6443343962232272,2.3873016896685155,81.64189338684082
image_1021,../data/train_data/train_data/image_1021.png,0,left,-158.6448311805725,224.83215713500977,-127.18377470970154,354.1100254058838,31.46105647087097,129.27786827087402,-142.91430294513702,289.4710912704468,-0.2203400433063507,0.4684003273646037,-0.17664413154125214,0.7377292195955912,0.04369591176509857,0.26932889223098755,-0.19849208742380142,0.6030647734800975,4.109139449610322,127.18377470970154
image_1022,../data/train_data/train_data/image_1022.png,0,right,877.1588230133057,219.669527053833,990.7247543334961,424.3310549259186,113.56593132019043,204.66152787208557,933.9417886734009,322.0002909898758,1.2182761430740356,0.4576448480288188,1.3760066032409668,0.8840230310956637,0.15773046016693115,0.42637818306684494,1.2971413731575012,0.6708339395622412,1.8021384185637337,157.15882301330566
image_1023,../data/train_data/train_data/image_1023.png,1,left,-206.56352519989014,216.62391090393066,-153.348069190979,421.9953694343567,53.21545600891113,205.37145853042603,-179.95579719543457,319.3096401691437,-0.2868937849998474,0.4512998143831889,-0.21298342943191528,0.8791570196549098,0.07391035556793213,0.4278572052717209,-0.24993860721588135,0.6652284170190493,3.8592445491030984,153.348069190979
image_1024,../data/train_data/train_data/image_1024.png,1,left,-218.93882989883423,224.27162551879883,-130.83263039588928,382.8298034667969,88.10619950294495,158.55817794799805,-174.88573014736176,303.55071449279785,-0.3040817081928253,0.46723255316416423,-0.18171198666095734,0.7975620905558268,0.12236972153186798,0.3303295373916626,-0.24289684742689133,0.6323973218599955,1.799625665872675,130.83263039588928
image_1025,../data/train_data/train_data/image_1025.png,1,left,-322.8818106651306,218.50454711914062,-218.2788348197937,442.68699193000793,104.60297584533691,224.1824448108673,-270.58032274246216,330.5957695245743,-0.44844695925712585,0.45521780649820964,-0.3031650483608246,0.9222645665208499,0.14528191089630127,0.46704676002264023,-0.3758060038089752,0.6887411865095298,2.143174637233431,218.2788348197937
image_1026,../data/train_data/train_data/image_1026.png,0,right,834.0941333770752,224.1699447631836,873.6801910400391,361.5642919540405,39.58605766296387,137.39434719085693,853.8871622085571,292.86711835861206,1.1584640741348267,0.4670207182566325,1.213444709777832,0.7532589415709178,0.05498063564300537,0.2862382233142853,1.1859543919563293,0.6101398299137751,3.470776210165557,114.0941333770752
image_1027,../data/train_data/train_data/image_1027.png,1,left,-301.6653871536255,221.2743034362793,-159.85463619232178,452.4098619222641,141.8107509613037,231.1355584859848,-230.76001167297363,336.8420826792717,-0.4189797043800354,0.4609881321589152,-0.22202032804489136,0.9425205456713835,0.19695937633514404,0.48153241351246834,-0.3205000162124634,0.7017543389151494,1.6298874162866213,159.85463619232178
image_1028,../data/train_data/train_data/image_1028.png,0,left,-159.2540466785431,224.81167221069336,-130.3909456729889,352.5808515548706,28.8631010055542,127.76917934417725,-144.822496175766,288.696261882782,-0.22118617594242096,0.4683576504389445,-0.18109853565692902,0.7345434407393138,0.04008764028549194,0.26618579030036926,-0.201142355799675,0.6014505455891291,4.426730839475297,130.3909456729889
image_1029,../data/train_data/train_data/image_1029.png,1,left,-202.3005723953247,216.52800941467285,-141.66192054748535,431.66932487487793,60.638651847839355,215.14131546020508,-171.98124647140503,324.0986671447754,-0.28097301721572876,0.4511000196139018,-0.196752667427063,0.899311093489329,0.08422034978866577,0.44821107387542725,-0.23886284232139587,0.6752055565516154,3.5479237895997335,141.66192054748535
image_103,../data/train_data/train_data/image_103.png,1,right,805.3287506103516,225.29518508911133,889.2548561096191,374.97047328948975,83.92610549926758,149.67528820037842,847.2918033599854,300.13282918930054,1.1185121536254883,0.4693649689356486,1.2350761890411377,0.7811884860197703,0.11656403541564941,0.3118235170841217,1.176794171333313,0.6252767274777095,1.7834175351039567,85.32875061035156
image_1030,../data/train_data/train_data/image_1030.png,0,left,-270.72505474090576,217.8754940032959,-190.58594942092896,424.7671248912811,80.1391053199768,206.89163088798523,-230.65550208091736,321.3213094472885,-0.3760070204734802,0.45390727917353313,-0.264702707529068,0.884931510190169,0.11130431294441223,0.4310242310166359,-0.3203548640012741,0.6694193946818511,2.581656359425465,190.58594942092896
image_1031,../data/train_data/train_data/image_1031.png,0,left,-287.9615521430969,217.02376747131348,-214.85363245010376,431.35836386680603,73.10791969299316,214.33459639549255,-251.40759229660034,324.19106566905975,-0.3999466001987457,0.45213284889856975,-0.29840782284736633,0.8986632580558459,0.1015387773513794,0.44653040915727615,-0.34917721152305603,0.6753980534772078,2.931756194069832,214.85363245010376
image_1033,../data/train_data/train_data/image_1033.png,1,left,-262.3094415664673,213.81904983520508,-207.0122480392456,443.3545186519623,55.29719352722168,229.5354688167572,-234.66084480285645,328.5867842435837,-0.3643186688423157,0.4454563538233439,-0.2875170111656189,0.9236552471915881,0.07680165767669678,0.47819889336824417,-0.3259178400039673,0.684555800507466,4.150942465167994,207.0122480392456
image_1034,../data/train_data/train_data/image_1034.png,0,left,-173.75537753105164,224.07638931274414,-125.78581809997559,362.04386377334595,47.96955943107605,137.9674744606018,-149.7705978155136,293.06012654304504,-0.24132691323757172,0.46682581106821697,-0.17470252513885498,0.7542580495278041,0.06662438809871674,0.2874322384595871,-0.20801471918821335,0.6105419302980105,2.8761463748450136,125.78581809997559
image_1035,../data/train_data/train_data/image_1035.png,1,right,830.8235549926758,218.7232723236084,872.0002269744873,403.62496280670166,41.17667198181152,184.90169048309326,851.4118909835815,311.17411756515503,1.1539216041564941,0.4556734840075175,1.2111114263534546,0.8408853391806285,0.05718982219696045,0.38521185517311096,1.1825165152549744,0.648279411594073,4.490447663297502,110.82355499267578
image_1036,../data/train_data/train_data/image_1036.png,0,left,-239.066641330719,220.9725513458252,-179.0013062953949,396.77133226394653,60.0653350353241,175.79878091812134,-209.03397381305695,308.87194180488586,-0.3320370018482208,0.46035948197046916,-0.2486129254102707,0.8266069422165553,0.08342407643795013,0.3662474602460861,-0.29032496362924576,0.6434832120935122,2.92679264695244,179.0013062953949
image_1037,../data/train_data/train_data/image_1037.png,1,right,853.1365299224854,221.19502449035645,890.1381397247314,385.31707668304443,37.001609802246094,164.122052192688,871.6373348236084,303.25605058670044,1.184911847114563,0.4608229676882426,1.2363029718399048,0.8027439097563426,0.0513911247253418,0.3419209420681,1.2106074094772339,0.6317834387222926,4.435538158199954,133.13652992248535
image_1038,../data/train_data/train_data/image_1038.png,0,right,852.6511573791504,225.82856559753418,952.6955795288086,396.62688636779785,100.0444221496582,170.79832077026367,902.6733684539795,311.227725982666,1.1842377185821533,0.4704761783281962,1.323188304901123,0.8263060132662455,0.13895058631896973,0.3558298349380493,1.2537130117416382,0.6483910957972209,1.7072248217373225,132.6511573791504
image_1039,../data/train_data/train_data/image_1039.png,0,left,-218.9786982536316,216.71849632263184,-172.52827763557434,418.1875195503235,46.45042061805725,201.46902322769165,-195.75348794460297,317.45300793647766,-0.30413708090782166,0.45149686733881633,-0.23962260782718658,0.8712239990631739,0.06451447308063507,0.4197271317243576,-0.2718798443675041,0.6613604332009951,4.337291687502439,172.52827763557434
image_104,../data/train_data/train_data/image_104.png,1,left,-195.800142288208,226.94050216674805,-87.57884502410889,394.2188992500305,108.22129726409912,167.27839708328247,-141.68949365615845,310.5797007083893,-0.27194464206695557,0.47279271284739177,-0.12163728475570679,0.8212893734375636,0.15030735731124878,0.3484966605901718,-0.19679096341133118,0.6470410431424777,1.5457068184560998,87.57884502410889
image_1041,../data/train_data/train_data/image_1041.png,0,left,-178.27110171318054,222.12703132629395,-141.10410690307617,374.5815315246582,37.16699481010437,152.45450019836426,-159.68760430812836,298.3542814254761,-0.24759875237941742,0.4627646485964457,-0.19597792625427246,0.7803781906763713,0.05162082612514496,0.31761354207992554,-0.22178833931684494,0.6215714196364085,4.101878588174618,141.10410690307617
image_1042,../data/train_data/train_data/image_1042.png,0,right,845.599479675293,215.8064308166504,949.8369884490967,441.26258873939514,104.23750877380371,225.45615792274475,897.7182340621948,328.53450977802277,1.1744437217712402,0.44959673086802165,1.3192180395126343,0.9192970598737399,0.14477431774139404,0.46970032900571823,1.2468308806419373,0.6844468953708808,2.1629081563334993,125.59947967529297
image_1043,../data/train_data/train_data/image_1043.png,1,right,828.6423397064209,223.2928123474121,948.4470462799072,412.1741786003113,119.80470657348633,188.88136625289917,888.5446929931641,317.7334954738617,1.1508921384811401,0.46519335905710857,1.317287564277649,0.8586962054173152,0.1663954257965088,0.3935028463602066,1.2340898513793945,0.6619447822372119,1.5765771784353255,108.6423397064209
image_1044,../data/train_data/train_data/image_1044.png,1,right,860.269660949707,220.60759925842285,1000.1032161712646,444.2649962902069,139.83355522155762,223.65739703178406,930.1864385604858,332.4362977743149,1.1948189735412598,0.4595991651217143,1.389032244682312,0.9255520756045977,0.19421327114105225,0.46595291048288345,1.2919256091117859,0.692575620363156,1.5994544133374335,140.26966094970703
image_1045,../data/train_data/train_data/image_1045.png,0,left,-295.1053476333618,223.276762008667,-168.5131072998047,426.64763593673706,126.59224033355713,203.37087392807007,-231.80922746658325,324.962198972702,-0.4098685383796692,0.4651599208513896,-0.23404598236083984,0.8888492415348689,0.17582255601882935,0.4236893206834793,-0.3219572603702545,0.6770045811931292,1.6065034744010327,168.5131072998047
image_1046,../data/train_data/train_data/image_1046.png,0,left,-236.79847955703735,212.02318572998047,-177.30790972709656,458.92545187473297,59.490569829940796,246.9022661447525,-207.05319464206696,335.4743188023567,-0.3288867771625519,0.44171497027079265,-0.24626098573207855,0.9560946914056937,0.08262579143047333,0.514379721134901,-0.2875738814473152,0.6989048308382432,4.150275696644781,177.30790972709656
image_1048,../data/train_data/train_data/image_1048.png,0,right,796.2277793884277,227.78321647644043,871.6147613525391,361.7503800392151,75.38698196411133,133.96716356277466,833.9212703704834,294.76679825782776,1.1058719158172607,0.4745483676592509,1.210576057434082,0.7536466250816981,0.10470414161682129,0.2790982574224472,1.1582239866256714,0.6140974963704745,1.7770596470694497,76.22777938842773
image_1049,../data/train_data/train_data/image_1049.png,1,left,-151.47788286209106,224.16307830810547,-115.64004063606262,361.37050771713257,35.83784222602844,137.2074294090271,-133.55896174907684,292.766793012619,-0.21038594841957092,0.4670064131418864,-0.16061116755008698,0.7528552244106929,0.04977478086948395,0.28584881126880646,-0.18549855798482895,0.6099308187762896,3.8285627952615844,115.64004063606262
image_105,../data/train_data/train_data/image_105.png,0,right,830.334062576294,224.86474418640137,946.5210056304932,412.5771894454956,116.18694305419922,187.71244525909424,888.4275341033936,318.7209668159485,1.153241753578186,0.46846821705500286,1.3146125078201294,0.8595358113447825,0.16137075424194336,0.39106759428977966,1.2339271306991577,0.6640020141998927,1.6156070581143493,110.33406257629395
image_1050,../data/train_data/train_data/image_1050.png,0,right,831.6627216339111,225.708345413208,932.9028511047363,383.450945854187,101.2401294708252,157.742600440979,882.2827863693237,304.5796456336975,1.1550871133804321,0.47022571961085,1.2956984043121338,0.798856137196223,0.14061129093170166,0.3286304175853729,1.225392758846283,0.6345409284035365,1.5581035036747595,111.66272163391113
image_1051,../data/train_data/train_data/image_1051.png,1,right,842.416877746582,217.5250186920166,908.5668468475342,418.8755955696106,66.14996910095215,201.350576877594,875.4918622970581,318.2003071308136,1.1700234413146973,0.4531771222750346,1.261898398399353,0.8726574907700221,0.09187495708465576,0.4194803684949875,1.2159609198570251,0.6629173065225283,3.043849900675098,122.41687774658203
image_1054,../data/train_data/train_data/image_1054.png,1,left,-280.0032877922058,223.75518226623535,-152.50120997428894,424.0515830516815,127.50207781791687,200.29640078544617,-216.25224888324738,323.90338265895844,-0.3888934552669525,0.46615662972132366,-0.2118072360754013,0.8834407980243365,0.1770862191915512,0.41728416830301285,-0.3003503456711769,0.6747987138728301,1.5709265622438358,152.50120997428894
image_1056,../data/train_data/train_data/image_1056.png,0,right,835.8882522583008,218.22036170959473,912.5582313537598,419.13514041900635,76.66997909545898,200.91477870941162,874.2232418060303,318.67775106430054,1.1609559059143066,0.4546257535616557,1.267441987991333,0.8731982092062632,0.10648608207702637,0.41857245564460754,1.2141989469528198,0.6639119813839595,2.6205143275082934,115.88825225830078
image_1057,../data/train_data/train_data/image_1057.png,0,left,-292.06801414489746,213.50825691223145,-220.7086157798767,446.5237846374512,71.35939836502075,233.01552772521973,-256.3883149623871,330.0160207748413,-0.4056500196456909,0.44480886856714885,-0.30653974413871765,0.9302578846613566,0.09911027550697327,0.48544901609420776,-0.3560948818922043,0.6875333766142527,3.265379656556077,220.7086157798767
image_1058,../data/train_data/train_data/image_1058.png,0,left,-285.13158559799194,222.57887268066406,-188.3224654197693,412.57916355133057,96.80912017822266,190.0002908706665,-236.72702550888062,317.5790181159973,-0.39601609110832214,0.46370598475138347,-0.26155897974967957,0.859539924065272,0.13445711135864258,0.39583393931388855,-0.32878753542900085,0.6616229544083277,1.962628009849503,188.3224654197693
image_1059,../data/train_data/train_data/image_1059.png,1,right,834.8347663879395,224.0033473968506,869.8626136779785,362.36829662323,35.02784729003906,138.3649492263794,852.348690032959,293.1858220100403,1.1594927310943604,0.4666736404101054,1.2081425189971924,0.7549339512983958,0.04864978790283203,0.2882603108882904,1.1838176250457764,0.6108037958542506,3.9501413855291787,114.83476638793945
image_106,../data/train_data/train_data/image_106.png,1,left,-286.09649419784546,223.65238571166992,-163.1025767326355,415.22655391693115,122.99391746520996,191.57416820526123,-224.59953546524048,319.43946981430054,-0.397356241941452,0.4659424702326457,-0.22653135657310486,0.8650553206602732,0.17082488536834717,0.39911285042762756,-0.31194379925727844,0.6654988954464595,1.5575905878390277,163.1025767326355
image_1060,../data/train_data/train_data/image_1060.png,0,right,907.6221942901611,217.91620635986328,1038.753547668457,442.95089983940125,131.1313533782959,225.03469347953796,973.1878709793091,330.43355309963226,1.2605863809585571,0.4539920965830485,1.4427132606506348,0.9228143746654193,0.18212687969207764,0.46882227808237076,1.351649820804596,0.6884032356242339,1.7161013570137102,187.62219429016113
image_1061,../data/train_data/train_data/image_1061.png,1,left,-213.9467453956604,215.44122123718262,-154.73376274108887,425.01094126701355,59.21298265457153,209.56972002983093,-184.34025406837463,320.2260812520981,-0.2971482574939728,0.4488358775774638,-0.21490800380706787,0.8854394609729449,0.08224025368690491,0.4366035833954811,-0.2560281306505203,0.6671376692752043,3.539252890745086,154.73376274108887
image_1062,../data/train_data/train_data/image_1062.png,0,right,805.2042102813721,229.3364086151123,877.6595592498779,350.5475654602051,72.45534896850586,121.21115684509277,841.431884765625,289.9419870376587,1.11833918094635,0.4777841846148173,1.218971610069275,0.7303074280420939,0.1006324291229248,0.2525232434272766,1.1686553955078125,0.6040458063284556,1.6729083300361935,85.20421028137207
image_1064,../data/train_data/train_data/image_1064.png,0,right,834.8776817321777,225.03915214538574,943.2387542724609,396.44985342025757,108.3610725402832,171.41070127487183,889.0582180023193,310.74450278282166,1.1595523357391357,0.46883156696955364,1.310053825378418,0.8259371946255366,0.15050148963928223,0.35710562765598297,1.2348030805587769,0.6473843807975451,1.5818475884054206,114.87768173217773
image_1066,../data/train_data/train_data/image_1066.png,1,left,-286.14232778549194,222.2466220855713,-178.17192435264587,419.4140901565552,107.97040343284607,197.1674680709839,-232.1571260690689,320.83035612106323,-0.39741989970207214,0.46301379601160686,-0.2474610060453415,0.8737793544928233,0.14995889365673065,0.41076555848121643,-0.3224404528737068,0.6683965752522151,1.8261251398733114,178.17192435264587
image_1067,../data/train_data/train_data/image_1067.png,0,left,-231.52469873428345,221.72027969360352,-174.23623323440552,386.7234625816345,57.28846549987793,165.003182888031,-202.88046598434448,304.221871137619,-0.3215620815753937,0.461917249361674,-0.24199476838111877,0.8056738803784053,0.0795673131942749,0.34375663101673126,-0.2817784249782562,0.6337955648700396,2.8802164877043634,174.23623323440552
image_1068,../data/train_data/train_data/image_1068.png,0,left,-277.71705865859985,224.49012184143066,-159.02090907096863,411.77079582214355,118.69614958763123,187.2806739807129,-218.36898386478424,318.1304588317871,-0.38571813702583313,0.4676877538363139,-0.22086237370967865,0.8578558246294657,0.16485576331615448,0.39016807079315186,-0.3032902553677559,0.6627717892328898,1.5778159159446612,159.02090907096863
image_1069,../data/train_data/train_data/image_1069.png,0,left,-168.12342524528503,223.65991020202637,-137.30457544326782,363.03141021728516,30.818849802017212,139.3715000152588,-152.71400034427643,293.34566020965576,-0.2335047572851181,0.4659581462542216,-0.19070079922676086,0.7563154379526774,0.04280395805835724,0.2903572916984558,-0.21210277825593948,0.6111367921034495,4.522281036138357,137.30457544326782
image_107,../data/train_data/train_data/image_107.png,1,right,797.0186233520508,220.37579917907715,907.4934482574463,418.04693603515625,110.47482490539551,197.6711368560791,852.2560358047485,319.2113676071167,1.1069703102111816,0.45911624828974407,1.260407567024231,0.8709311167399089,0.15343725681304932,0.4118148684501648,1.1836889386177063,0.6650236825148265,1.7892867178142502,77.01862335205078
image_1070,../data/train_data/train_data/image_1070.png,1,right,835.3870010375977,220.10011100769043,983.3266639709473,460.41358613967896,147.9396629333496,240.31347513198853,909.3568325042725,340.2568485736847,1.16025972366333,0.4585418979326884,1.3657314777374268,0.9591949711243312,0.20547175407409668,0.5006530731916428,1.2629956007003784,0.7088684345285098,1.6244019377025047,115.38700103759766
image_1071,../data/train_data/train_data/image_1071.png,1,left,-158.9465582370758,222.48031044006348,-115.56999206542969,372.05360317230225,43.37656617164612,149.57329273223877,-137.25827515125275,297.26695680618286,-0.22075910866260529,0.46350064675013225,-0.16051387786865234,0.7751116732756297,0.06024523079395294,0.31161102652549744,-0.19063649326562881,0.619306160012881,3.4482511165212997,115.56999206542969
image_1072,../data/train_data/train_data/image_1072.png,1,left,-190.07253170013428,216.93973922729492,-136.70995116233826,421.6020109653473,53.36258053779602,204.66227173805237,-163.39124143123627,319.2708750963211,-0.2639896273612976,0.45195779005686443,-0.18987493216991425,0.8783375228444735,0.07411469519138336,0.4263797327876091,-0.22693227976560593,0.665147656450669,3.8353143658990168,136.70995116233826
image_1074,../data/train_data/train_data/image_1074.png,0,right,813.7017059326172,222.9309787750244,906.271390914917,405.06396436691284,92.5696849822998,182.13298559188843,859.9865484237671,313.9974715709686,1.130141258239746,0.4644395391146342,1.258710265159607,0.8438832590977351,0.12856900691986084,0.3794437199831009,1.1944257616996765,0.6541613991061846,1.967523013897195,93.70170593261719
image_1075,../data/train_data/train_data/image_1075.png,1,left,-233.94066095352173,211.85761833190918,-169.98854756355286,458.36944603919983,63.95211338996887,246.51182770729065,-201.9646042585373,335.1135321855545,-0.32491758465766907,0.44137003819147747,-0.23609520494937897,0.9549363459149997,0.0888223797082901,0.5135663077235222,-0.280506394803524,0.6981531920532386,3.854631452194619,169.98854756355286
image_1076,../data/train_data/train_data/image_1076.png,1,right,823.7905883789062,221.78645515441895,866.9838523864746,381.2676420211792,43.19326400756836,159.48118686676025,845.3872203826904,301.5270485877991,1.1441535949707031,0.4620551149050395,1.2041442394256592,0.7943075875441233,0.059990644454956055,0.33225247263908386,1.1741489171981812,0.6281813512245814,3.6922698603841524,103.79058837890625
image_1078,../data/train_data/train_data/image_1078.png,1,left,-183.72045993804932,225.9833469390869,-131.77268028259277,361.3773670196533,51.94777965545654,135.3940200805664,-157.74657011032104,293.6803569793701,-0.25516730546951294,0.4707986394564311,-0.18301761150360107,0.7528695146242778,0.07214969396591187,0.2820708751678467,-0.219092458486557,0.6118340770403544,2.606348548072059,131.77268028259277
image_1079,../data/train_data/train_data/image_1079.png,1,left,-178.21963548660278,229.17619132995605,-104.46298599243164,352.9289665222168,73.75664949417114,123.75277519226074,-141.3413107395172,291.0525789260864,-0.24752727150917053,0.4774503986040751,-0.14508748054504395,0.7352686802546183,0.10243979096412659,0.2578182816505432,-0.19630737602710724,0.6063595394293467,1.6778524518259292,104.46298599243164
image_108,../data/train_data/train_data/image_108.png,0,right,837.4812698364258,225.4864444732666,925.4880237579346,372.4650683403015,88.00675392150879,146.9786238670349,881.4846467971802,298.97575640678406,1.1631684303283691,0.4697634259859721,1.2854000329971313,0.7759688923756282,0.12223160266876221,0.30620546638965607,1.2242842316627502,0.6228661591808001,1.6700834574369348,117.48126983642578
image_1080,../data/train_data/train_data/image_1080.png,0,left,-238.5497260093689,223.53960418701172,-154.07395005226135,399.3331923484802,84.47577595710754,175.7935881614685,-196.31183803081512,311.436398267746,-0.33131906390190125,0.4657075087229411,-0.21399159729480743,0.8319441507260005,0.11732746660709381,0.3662366420030594,-0.27265533059835434,0.6488258297244708,2.0809940621406953,154.07395005226135
image_1081,../data/train_data/train_data/image_1081.png,0,right,828.9742469787598,224.81278800964355,884.8288249969482,358.16747093200684,55.85457801818848,133.35468292236328,856.901535987854,291.4901294708252,1.151353120803833,0.46835997502009075,1.2289289236068726,0.7461822311083476,0.07757580280303955,0.27782225608825684,1.1901410222053528,0.6072711030642192,2.3875336213074188,108.97424697875977
image_1082,../data/train_data/train_data/image_1082.png,0,left,-307.64158487319946,221.90976524353027,-183.93909215927124,436.250337600708,123.70249271392822,214.34057235717773,-245.79033851623535,329.08005142211914,-0.4272799789905548,0.4623120109240214,-0.25547096133232117,0.908854870001475,0.17180901765823364,0.4465428590774536,-0.341375470161438,0.6855834404627482,1.7327102118536708,183.93909215927124
image_1083,../data/train_data/train_data/image_1083.png,0,right,863.0676555633545,218.24579620361328,979.0041446685791,434.03835558891296,115.93648910522461,215.79255938529968,921.0359001159668,326.1420758962631,1.1987050771713257,0.454678742090861,1.3597279787063599,0.9042465741435687,0.16102290153503418,0.44956783205270767,1.2792165279388428,0.6794626581172148,1.8612997603321,143.0676555633545
image_1084,../data/train_data/train_data/image_1084.png,1,right,811.4600658416748,225.29263877868652,839.4072246551514,348.98802185058594,27.947158813476562,123.69538307189941,825.4336452484131,287.14033031463623,1.1270278692245483,0.4693596641222636,1.1658433675765991,0.7270583788553874,0.03881549835205078,0.2576987147331238,1.1464356184005737,0.5982090214888255,4.426045019368893,91.4600658416748
image_1086,../data/train_data/train_data/image_1086.png,0,left,-218.6122226715088,223.8399543762207,-117.90489792823792,405.61441802978516,100.70732474327087,181.77446365356445,-168.25856029987335,314.72718620300293,-0.3036280870437622,0.46633323828379314,-0.16375680267810822,0.8450300375620524,0.139871284365654,0.3786967992782593,-0.2336924448609352,0.6556816379229228,1.8049775834772175,117.90489792823792
image_1087,../data/train_data/train_data/image_1087.png,1,left,-216.81113004684448,220.05585098266602,-120.67353844642639,417.367235660553,96.13759160041809,197.31138467788696,-168.74233424663544,318.7115433216095,-0.3011265695095062,0.4584496895472209,-0.16760213673114777,0.8695150742928187,0.13352443277835846,0.41106538474559784,-0.234364353120327,0.6639823819200198,2.052385350966384,120.67353844642639
image_1089,../data/train_data/train_data/image_1089.png,1,right,815.5681800842285,222.81473541259766,950.509557723999,429.8956050872803,134.9413776397705,207.08086967468262,883.0388689041138,326.35517024993896,1.1327335834503174,0.4641973654429118,1.3201521635055542,0.8956158439318339,0.18741858005523682,0.4314184784889221,1.2264428734779358,0.6799066046873729,1.5345987516704502,95.56818008422852
image_1090,../data/train_data/train_data/image_1090.png,0,left,-277.6268935203552,218.79674339294434,-169.07010555267334,445.9978177547455,108.55678796768188,227.20107436180115,-223.34849953651428,332.3972805738449,-0.38559290766716003,0.4558265487353007,-0.23481959104537964,0.9291621203223864,0.1507733166217804,0.4733355715870857,-0.31020624935626984,0.6924943345288436,2.092923700261291,169.07010555267334
image_1091,../data/train_data/train_data/image_1091.png,1,left,-229.81724739074707,226.57463455200195,-139.48864459991455,381.5739288330078,90.32860279083252,154.99929428100586,-184.6529459953308,304.0742816925049,-0.3191906213760376,0.4720304886500041,-0.19373422861099243,0.7949456850687663,0.12545639276504517,0.3229151964187622,-0.256462424993515,0.6334880868593852,1.7159492064759003,139.48864459991455
image_1092,../data/train_data/train_data/image_1092.png,1,left,-214.48262929916382,222.67168426513672,-145.58818101882935,384.8263039588928,68.89444828033447,162.1546196937561,-180.03540515899658,303.74899411201477,-0.2978925406932831,0.46389934221903484,-0.2022058069705963,0.8017214665810267,0.09568673372268677,0.3378221243619919,-0.2500491738319397,0.6328104044000308,2.3536674397034427,145.58818101882935
image_1093,../data/train_data/train_data/image_1093.png,1,left,-159.92739915847778,228.08828735351562,-78.59257578849792,358.6444034576416,81.33482336997986,130.55611610412598,-119.25998747348785,293.3663454055786,-0.22212138772010803,0.4751839319864909,-0.10915635526180267,0.7471758405367533,0.11296503245830536,0.27199190855026245,-0.16563887149095535,0.6111798862616221,1.6051687419329095,78.59257578849792
image_1095,../data/train_data/train_data/image_1095.png,1,left,-265.0720739364624,221.43658065795898,-126.8542492389679,434.1045060157776,138.2178246974945,212.6679253578186,-195.96316158771515,327.7705433368683,-0.36815565824508667,0.4613262097040812,-0.1761864572763443,0.90438438753287,0.19196920096874237,0.44305817782878876,-0.2721710577607155,0.6828552986184756,1.53864326705522,126.8542492389679
image_1097,../data/train_data/train_data/image_1097.png,1,left,-179.61779594421387,223.65879440307617,-110.56758642196655,376.24714756011963,69.05020952224731,152.58835315704346,-145.0926911830902,299.9529709815979,-0.24946916103363037,0.46595582167307537,-0.15356609225273132,0.7838482240835826,0.09590306878089905,0.3178924024105072,-0.20151762664318085,0.624902022878329,2.2098173808999224,110.56758642196655
image_1098,../data/train_data/train_data/image_1098.png,0,right,858.0508518218994,222.09109687805176,1008.4929943084717,452.0304706096649,150.44214248657227,229.93937373161316,933.2719230651855,337.06078374385834,1.1917372941970825,0.46268978516260784,1.4006847143173218,0.9417301471034686,0.20894742012023926,0.47904036194086075,1.2962110042572021,0.7022099661330382,1.528423950437534,138.0508518218994
image_11,../data/train_data/train_data/image_11.png,0,right,852.6660060882568,222.4197998046875,913.0372524261475,386.7249503135681,60.371246337890625,164.30515050888062,882.8516292572021,304.5723750591278,1.1842583417892456,0.4633745829264323,1.268107295036316,0.8056769798199336,0.08384895324707031,0.3423023968935013,1.2261828184127808,0.6345257813731829,2.7215795676849934,132.66600608825684
image_110,../data/train_data/train_data/image_110.png,0,right,872.4239730834961,218.25360679626465,917.7478981018066,406.81373739242554,45.32392501831055,188.5601305961609,895.0859355926514,312.5336720943451,1.2116999626159668,0.4546950141588847,1.2746498584747314,0.8475286195675532,0.06294989585876465,0.3928336054086685,1.2431749105453491,0.651111816863219,4.160278054470877,152.4239730834961
image_1100,../data/train_data/train_data/image_1100.png,1,right,863.4109783172607,220.9268035888672,905.4756546020508,384.85484981536865,42.06467628479004,163.92804622650146,884.4433164596558,302.8908267021179,1.1991819143295288,0.4602641741434733,1.2576050758361816,0.8017809371153514,0.05842316150665283,0.34151676297187805,1.2283934950828552,0.6310225556294123,3.8970476110801644,143.41097831726074
image_1101,../data/train_data/train_data/image_1101.png,0,right,813.7826442718506,226.67911911010742,882.9009819030762,353.0680122375488,69.11833763122559,126.3888931274414,848.3418130874634,289.8735656738281,1.1302536725997925,0.4722481648127238,1.2262513637542725,0.7355583588282267,0.09599769115447998,0.26331019401550293,1.1782525181770325,0.6039032618204753,1.8285869923807703,93.78264427185059
image_1104,../data/train_data/train_data/image_1104.png,1,left,-258.42867136001587,222.43722343444824,-155.2279543876648,421.424681186676,103.20071697235107,198.98745775222778,-206.82831287384033,321.93095231056213,-0.35892871022224426,0.4634108821551005,-0.21559438109397888,0.8779680858055751,0.14333432912826538,0.41455720365047455,-0.2872615456581116,0.6706894839803378,1.9281596445259128,155.2279543876648
image_1105,../data/train_data/train_data/image_1105.png,0,right,850.581865310669,224.4354763031006,960.9517192840576,399.7806921005249,110.36985397338867,175.34521579742432,905.7667922973633,312.10808420181274,1.1813637018203735,0.4675739089647929,1.3346551656723022,0.8328764418760936,0.1532914638519287,0.36530253291130066,1.258009433746338,0.6502251754204432,1.588705697116369,130.58186531066895
image_1106,../data/train_data/train_data/image_1106.png,0,right,866.5159893035889,215.11889839172363,965.1282405853271,450.5366017818451,98.61225128173828,235.41770339012146,915.822114944458,332.82775008678436,1.2034944295883179,0.44816437164942424,1.3404558897018433,0.938617920378844,0.1369614601135254,0.4904535487294197,1.2719751596450806,0.6933911460141341,2.387306854170946,146.51598930358887
image_1107,../data/train_data/train_data/image_1107.png,1,right,862.2961235046387,217.3506965637207,961.7546653747559,433.43721532821655,99.45854187011719,216.08651876449585,912.0253944396973,325.3939559459686,1.1976335048675537,0.45281395117441814,1.3357703685760498,0.9029941986004512,0.1381368637084961,0.450180247426033,1.2667019367218018,0.6779040748874346,2.172629064346057,142.29612350463867
image_1108,../data/train_data/train_data/image_1108.png,0,left,-177.8124439716339,228.30572509765625,-98.80937218666077,365.80609464645386,79.00307178497314,137.5003695487976,-138.31090807914734,297.05590987205505,-0.24696172773838043,0.47563692728678386,-0.13723523914813995,0.7620960305134455,0.10972648859024048,0.2864591032266617,-0.1920984834432602,0.6188664789001147,1.7404433326724265,98.80937218666077
image_1109,../data/train_data/train_data/image_1109.png,1,right,824.8710250854492,223.86021041870117,862.8607177734375,364.1282048225403,37.98969268798828,140.2679944038391,843.8658714294434,293.9942076206207,1.1456542015075684,0.4663754383722941,1.1984176635742188,0.7586004267136256,0.05276346206665039,0.2922249883413315,1.1720359325408936,0.6124879325429599,3.6922645191123,104.87102508544922
image_111,../data/train_data/train_data/image_111.png,0,right,833.1102561950684,222.26979637145996,876.4118385314941,375.17875576019287,43.30158233642578,152.9089593887329,854.7610473632812,298.7242760658264,1.157097578048706,0.4630620757738749,1.2172386646270752,0.7816224078337352,0.06014108657836914,0.31856033205986023,1.1871681213378906,0.622342241803805,3.5312556987115955,113.11025619506836
image_1110,../data/train_data/train_data/image_1110.png,1,right,844.2311668395996,224.63363075256348,934.2484188079834,399.4807424545288,90.01725196838379,174.84711170196533,889.2397928237915,312.05718660354614,1.1725432872772217,0.46798673073450725,1.2975672483444214,0.8322515467802684,0.1250239610671997,0.3642648160457611,1.2350552678108215,0.6501191387573878,1.942373354869529,124.23116683959961
image_1111,../data/train_data/train_data/image_1111.png,0,right,825.0026035308838,224.35290718078613,877.4442958831787,368.651997089386,52.44169235229492,144.29908990859985,851.2234497070312,296.50245213508606,1.1458369493484497,0.4674018899599711,1.2186726331710815,0.7680249939362208,0.07283568382263184,0.3006231039762497,1.1822547912597656,0.617713441948096,2.7516100918181965,105.00260353088379
image_1113,../data/train_data/train_data/image_1113.png,1,right,841.11328125,221.75097846984863,896.7859840393066,386.05087900161743,55.67270278930664,164.2999005317688,868.9496326446533,303.90092873573303,1.168212890625,0.461981205145518,1.2455360889434814,0.804272664586703,0.07732319831848145,0.342291459441185,1.2068744897842407,0.6331269348661105,2.9511752133457905,121.11328125
image_1116,../data/train_data/train_data/image_1116.png,0,left,-245.4301929473877,222.3234691619873,-156.89633131027222,407.89652729034424,88.53386163711548,185.57305812835693,-201.16326212882996,315.10999822616577,-0.3408752679824829,0.46317389408747356,-0.21791157126426697,0.8497844318548838,0.12296369671821594,0.3866105377674103,-0.27939341962337494,0.6564791629711787,2.0960687210164606,156.89633131027222
image_1118,../data/train_data/train_data/image_1118.png,0,left,-185.76842308044434,224.24367332458496,-107.58652567863464,388.5887494087219,78.18189740180969,164.34507608413696,-146.6774743795395,306.41621136665344,-0.25801169872283936,0.4671743194262187,-0.14942573010921478,0.809559894601504,0.10858596861362457,0.34238557517528534,-0.20371871441602707,0.6383671070138613,2.1020860524719476,107.58652567863464
image_112,../data/train_data/train_data/image_112.png,1,right,799.5810127258301,228.1429901123047,857.1382141113281,349.7554340362549,57.55720138549805,121.6124439239502,828.3596134185791,288.9492120742798,1.1105291843414307,0.47529789606730144,1.190469741821289,0.7286571542421977,0.0799405574798584,0.25335925817489624,1.1504994630813599,0.6019775251547496,2.1128971005631856,79.58101272583008
image_1121,../data/train_data/train_data/image_1121.png,0,left,-263.45534563064575,217.01758766174316,-201.90832614898682,421.365597486496,61.547019481658936,204.3480098247528,-232.68183588981628,319.19159257411957,-0.36591020226478577,0.45211997429529827,-0.2804282307624817,0.8778449947635333,0.08548197150230408,0.425725020468235,-0.32316921651363373,0.6649824845294158,3.320193431716847,201.90832614898682
image_1123,../data/train_data/train_data/image_1123.png,0,right,830.7629585266113,228.13990020751953,921.6341400146484,372.02709579467773,90.87118148803711,143.8871955871582,876.1985492706299,300.08349800109863,1.1538374423980713,0.4752914587656657,1.2800474166870117,0.7750564495722453,0.12620997428894043,0.2997649908065796,1.2169424295425415,0.6251739541689555,1.5834194431168531,110.76295852661133
image_1124,../data/train_data/train_data/image_1124.png,1,left,-222.82646656036377,225.8980312347412,-147.54021763801575,380.80790424346924,75.28624892234802,154.90987300872803,-185.18334209918976,303.3529677391052,-0.3094812035560608,0.47062089840571086,-0.20491696894168854,0.7933498005072276,0.10456423461437225,0.3227289021015167,-0.25719908624887466,0.6319853494564692,2.0576117847032815,147.54021763801575
image_1126,../data/train_data/train_data/image_1126.png,0,left,-223.64260911941528,218.6687412261963,-161.13700032234192,408.9659204483032,62.505608797073364,190.29717922210693,-192.3898047208786,313.81733083724976,-0.3106147348880768,0.4555598775545756,-0.223801389336586,0.8520123342672984,0.08681334555149078,0.3964524567127228,-0.2672080621123314,0.653786105910937,3.044481653477104,161.13700032234192
image_1129,../data/train_data/train_data/image_1129.png,1,right,835.8462810516357,225.3267993927002,872.4958992004395,353.12962436676025,36.64961814880371,127.80282497406006,854.1710901260376,289.2282118797302,1.1608976125717163,0.4694308320681254,1.2117998600006104,0.7356867174307505,0.05090224742889404,0.2662558853626251,1.1863487362861633,0.602558774749438,3.4871529753777724,115.84628105163574
image_113,../data/train_data/train_data/image_113.png,0,left,-186.1466360092163,224.55569648742676,-135.7155168056488,366.3509693145752,50.431119203567505,141.79527282714844,-160.93107640743256,295.453332901001,-0.2585369944572449,0.4678243676821391,-0.1884937733411789,0.7632311860720317,0.07004322111606598,0.2954068183898926,-0.22351538389921188,0.6155277768770854,2.811662224960453,135.7155168056488
image_1131,../data/train_data/train_data/image_1131.png,1,left,-227.4280858039856,225.56761169433594,-107.96540379524231,408.84567880630493,119.46268200874329,183.278067111969,-167.69674479961395,317.20664525032043,-0.31587234139442444,0.4699325243631999,-0.14995194971561432,0.8517618308464686,0.16592039167881012,0.38182930648326874,-0.23291214555501938,0.6608471776048342,1.5341867772444215,107.96540379524231
image_1136,../data/train_data/train_data/image_1136.png,1,left,-213.29335927963257,222.86096954345703,-145.34732937812805,382.82954597473145,67.94602990150452,159.9685764312744,-179.3203443288803,302.84525775909424,-0.29624077677726746,0.4642936865488688,-0.20187129080295563,0.7975615541140239,0.09436948597431183,0.33326786756515503,-0.24905603379011154,0.6309276203314463,2.3543476589164523,145.34732937812805
image_1137,../data/train_data/train_data/image_1137.png,1,left,-173.42130303382874,229.33197402954102,-102.38811492919922,349.01083850860596,71.03318810462952,119.67886447906494,-137.90470898151398,289.1714062690735,-0.2408629208803177,0.4777749458948771,-0.14220571517944336,0.7271059135595958,0.09865720570087433,0.24933096766471863,-0.19153431802988052,0.6024404297272364,1.6848302557219024,102.38811492919922
image_1138,../data/train_data/train_data/image_1138.png,1,right,828.160400390625,226.3781681060791,872.2920513153076,352.8078451156616,44.13165092468262,126.42967700958252,850.2262258529663,289.59300661087036,1.1502227783203125,0.47162118355433147,1.2115167379379272,0.7350163439909617,0.061293959617614746,0.26339516043663025,1.1808697581291199,0.6033187637726466,2.8648299884668718,108.160400390625
image_1139,../data/train_data/train_data/image_1139.png,1,left,-169.01769518852234,225.87036514282227,-90.84843635559082,366.7025532722473,78.16925883293152,140.83218812942505,-129.93306577205658,296.2864592075348,-0.2347467988729477,0.47056326071421306,-0.12617838382720947,0.7639636526505152,0.10856841504573822,0.2934003919363022,-0.18046259135007858,0.6172634566823642,1.801631360358947,90.84843635559082
image_1140,../data/train_data/train_data/image_1140.png,0,left,-181.21025562286377,229.08904457092285,-101.96935772895813,356.17957496643066,79.24089789390564,127.09053039550781,-141.58980667591095,292.63430976867676,-0.2516809105873108,0.4772688428560893,-0.1416241079568863,0.7420407811800639,0.1100568026304245,0.2647719383239746,-0.19665250927209854,0.6096548120180766,1.6038502058074515,101.96935772895813
image_1142,../data/train_data/train_data/image_1142.png,1,left,-252.48412370681763,214.11940002441406,-168.98792266845703,456.27810084819794,83.4962010383606,242.15870082378387,-210.73602318763733,335.198750436306,-0.3506723940372467,0.44608208338419597,-0.23470544815063477,0.950579376767079,0.11596694588661194,0.5044972933828831,-0.29268892109394073,0.6983307300756375,2.9002361522116327,168.98792266845703
image_1143,../data/train_data/train_data/image_1143.png,1,right,805.5974006652832,224.1088047027588,906.0645389556885,388.6804451942444,100.46713829040527,164.5716404914856,855.8309698104858,306.3946249485016,1.1188852787017822,0.4668933431307475,1.2584229707717896,0.8097509274880091,0.13953769207000732,0.34285758435726166,1.1886541247367859,0.6383221353093783,1.638064378979155,85.5974006652832
image_1144,../data/train_data/train_data/image_1144.png,1,left,-175.27344346046448,224.46202659606934,-132.46987223625183,361.0194959640503,42.80357122421265,136.55746936798096,-153.87165784835815,292.7407612800598,-0.243435338139534,0.46762922207514446,-0.18398593366146088,0.7521239499251048,0.05944940447807312,0.2844947278499603,-0.21371063590049744,0.6098765860001246,3.1903288782300168,132.46987223625183
image_1145,../data/train_data/train_data/image_1145.png,0,left,-292.19388484954834,221.507905960083,-136.6098403930664,464.4385635256767,155.58404445648193,242.93065756559372,-214.40186262130737,342.97323474287987,-0.40582484006881714,0.4614748040835063,-0.18973588943481445,0.9675803406784932,0.21608895063400269,0.5061055365949869,-0.2977803647518158,0.7145275723809997,1.5614111229351884,136.6098403930664
image_1146,../data/train_data/train_data/image_1146.png,1,right,811.366081237793,218.54176902770996,889.929141998291,416.8347134590149,78.56306076049805,198.29294443130493,850.647611618042,317.6882412433624,1.1268973350524902,0.4552953521410624,1.2360126972198486,0.8684056530396144,0.1091153621673584,0.41311030089855194,1.1814550161361694,0.6618505025903384,2.523997187887157,91.36608123779297
image_1147,../data/train_data/train_data/image_1147.png,0,right,830.1941585540771,226.5004768371582,922.9298400878906,379.6059241294861,92.73568153381348,153.10544729232788,876.5619993209839,303.05320048332214,1.1530474424362183,0.47187599341074626,1.2818470001220703,0.7908456752697627,0.12879955768585205,0.3189696818590164,1.2174472212791443,0.6313608343402545,1.6509874598430838,110.19415855407715
image_1148,../data/train_data/train_data/image_1148.png,0,left,-219.51078414916992,228.4681453704834,-126.8580150604248,374.16976594924927,92.65276908874512,145.70162057876587,-173.18439960479736,301.31895565986633,-0.30487608909606934,0.47597530285517375,-0.17619168758392334,0.7795203457276026,0.128684401512146,0.3035450428724289,-0.24053388833999634,0.6277478242913882,1.57255548875403,126.8580150604248
image_1149,../data/train_data/train_data/image_1149.png,0,right,852.7767276763916,221.65727996826172,921.8818473815918,385.0327911376953,69.1051197052002,163.3755111694336,887.3292875289917,303.3450355529785,1.1844121217727661,0.4617859999338786,1.2803914546966553,0.8021516482035319,0.09597933292388916,0.3403656482696533,1.2324017882347107,0.6319688240687052,2.364159296248777,132.7767276763916
image_115,../data/train_data/train_data/image_115.png,0,left,-279.83561754226685,215.6343116760254,-232.0295763015747,428.35850977897644,47.80604124069214,212.72419810295105,-255.93259692192078,321.9964107275009,-0.38866057991981506,0.4492381493250529,-0.32226330041885376,0.8924135620395343,0.0663972795009613,0.44317541271448135,-0.3554619401693344,0.6708258556822936,4.449734648220188,232.0295763015747
image_1150,../data/train_data/train_data/image_1150.png,0,right,822.6000308990479,221.91791915893555,869.8162651062012,375.2409472465515,47.21623420715332,153.32302808761597,846.2081480026245,298.57943320274353,1.1425000429153442,0.4623289982477824,1.208078145980835,0.7817519734303157,0.06557810306549072,0.31942297518253326,1.1752890944480896,0.622040485839049,3.247252362713571,102.60003089904785
image_1151,../data/train_data/train_data/image_1151.png,1,right,868.9462852478027,214.42298316955566,940.2458381652832,444.6062090396881,71.29955291748047,230.18322587013245,904.596061706543,329.5145961046219,1.2068698406219482,0.44671454826990764,1.3058969974517822,0.9262629354993502,0.09902715682983398,0.4795483872294426,1.2563834190368652,0.6864887418846289,3.2283964828859193,148.94628524780273
image_1152,../data/train_data/train_data/image_1152.png,1,right,879.6813011169434,216.20548629760742,995.6363296508789,446.7600657939911,115.95502853393555,230.55457949638367,937.6588153839111,331.48277604579926,1.2217795848846436,0.4504280964533488,1.3828282356262207,0.9307501370708148,0.16104865074157715,0.480322040617466,1.3023039102554321,0.6905891167620818,1.9883103166061424,159.68130111694336
image_1153,../data/train_data/train_data/image_1153.png,0,right,844.2452430725098,223.29856300354004,884.0384101867676,367.1966519355774,39.79316711425781,143.89808893203735,864.1418266296387,295.2476074695587,1.172562837600708,0.4652053395907084,1.2278311252593994,0.7649930248657862,0.055268287658691406,0.2997876852750778,1.2001969814300537,0.6150991822282473,3.616150695391093,124.24524307250977
image_1154,../data/train_data/train_data/image_1154.png,1,left,-149.525728225708,224.7975673675537,-117.75240898132324,351.26576805114746,31.773319244384766,126.46820068359375,-133.63906860351562,288.0316677093506,-0.20767462253570557,0.46832826534907024,-0.16354501247406006,0.7318036834398906,0.04412961006164551,0.2634754180908203,-0.1856098175048828,0.6000659743944804,3.980327006783977,117.75240898132324
image_1155,../data/train_data/train_data/image_1155.png,0,left,-206.61440134048462,220.0628318786621,-141.40986800193787,402.37180614471436,65.20453333854675,182.30897426605225,-174.01213467121124,311.21731901168823,-0.28696444630622864,0.45846423308054607,-0.19640259444713593,0.8382745961348216,0.09056185185909271,0.3798103630542755,-0.24168352037668228,0.6483694146076838,2.7959555100178477,141.40986800193787
image_1156,../data/train_data/train_data/image_1156.png,0,right,882.4826431274414,213.5963191986084,943.0119037628174,446.8032600879669,60.52926063537598,233.20694088935852,912.7472734451294,330.19978964328766,1.225670337677002,0.4449923316637675,1.3097387552261353,0.9308401251832644,0.0840684175491333,0.4858477935194969,1.2677045464515686,0.687916228423516,3.8527967868991624,162.4826431274414
image_1158,../data/train_data/train_data/image_1158.png,0,right,806.1317825317383,227.57739448547363,887.1755218505859,360.4800715446472,81.04373931884766,132.90267705917358,846.6536521911621,294.0287330150604,1.1196274757385254,0.47411957184473674,1.2321882247924805,0.7510001490513484,0.11256074905395508,0.27688057720661163,1.175907850265503,0.6125598604480426,1.639888264981198,86.13178253173828
image_1159,../data/train_data/train_data/image_1159.png,0,right,808.3677577972412,224.67245483398438,913.7961673736572,403.1641592979431,105.42840957641602,178.49170446395874,861.0819625854492,313.91830706596375,1.1227329969406128,0.46806761423746746,1.269161343574524,0.8399253318707148,0.14642834663391113,0.3718577176332474,1.1959471702575684,0.6539964730540911,1.6930133460335035,88.36775779724121
image_116,../data/train_data/train_data/image_116.png,0,right,832.3806095123291,227.20380210876465,890.3716850280762,355.15302562713623,57.99107551574707,127.94922351837158,861.3761472702026,291.17841386795044,1.1560841798782349,0.4733412543932597,1.2366273403167725,0.7399021367232005,0.0805431604385376,0.2665608823299408,1.1963557600975037,0.6066216955582301,2.20636058877073,112.3806095123291
image_1160,../data/train_data/train_data/image_1160.png,1,right,818.6270999908447,223.97236251831055,929.2353057861328,405.48913383483887,110.60820579528809,181.51677131652832,873.9312028884888,314.7307481765747,1.1369820833206177,0.46660908857981365,1.290604591369629,0.844769028822581,0.15362250804901123,0.37815994024276733,1.2137933373451233,0.6556890587011973,1.6410787066962886,98.62709999084473
image_1161,../data/train_data/train_data/image_1161.png,0,right,819.807014465332,222.93778800964355,871.8133735656738,378.0054249763489,52.0063591003418,155.06763696670532,845.8101940155029,300.4716064929962,1.1386208534240723,0.46445372502009075,1.2108519077301025,0.7875113020340602,0.07223105430603027,0.3230575770139694,1.1747363805770874,0.6259825135270755,2.9817053077589155,99.80701446533203
image_1162,../data/train_data/train_data/image_1162.png,0,right,831.9277667999268,224.90754508972168,871.1959934234619,355.2339496612549,39.268226623535156,130.3264045715332,851.5618801116943,290.0707473754883,1.155455231666565,0.46855738560358684,1.2099944353103638,0.7400707284609477,0.05453920364379883,0.27151334285736084,1.1827248334884644,0.6043140570322673,3.3188767555248577,111.92776679992676
image_1164,../data/train_data/train_data/image_1164.png,0,left,-240.94774961471558,225.20938301086426,-140.41025161743164,396.9707098007202,100.53749799728394,171.76132678985596,-190.6790006160736,311.09004640579224,-0.3346496522426605,0.4691862146059672,-0.19501423835754395,0.8270223120848338,0.13963541388511658,0.3578360974788666,-0.26483194530010223,0.6481042633454005,1.7084304882392853,140.41025161743164
image_1165,../data/train_data/train_data/image_1165.png,0,left,-204.98333930969238,221.23456382751465,-159.99241590499878,386.30610370635986,44.9909234046936,165.07153987884521,-182.48787760734558,303.77033376693726,-0.28469908237457275,0.4609053413073222,-0.22221168875694275,0.8048043827215831,0.062487393617630005,0.34389904141426086,-0.25345538556575775,0.6328548620144526,3.668996486114006,159.99241590499878
image_1166,../data/train_data/train_data/image_1166.png,0,left,-183.3850336074829,228.50390815734863,-97.38002300262451,362.1829595565796,86.0050106048584,133.67905139923096,-140.3825283050537,295.3434338569641,-0.2547014355659485,0.476049808661143,-0.1352500319480896,0.7545478324095408,0.11945140361785889,0.2784980237483978,-0.19497573375701904,0.6152988205353419,1.5543170154749038,97.38002300262451
image_1167,../data/train_data/train_data/image_1167.png,0,left,-245.1764988899231,225.3578987121582,-140.02504348754883,399.3760504722595,105.15145540237427,174.01815176010132,-192.60077118873596,312.36697459220886,-0.3405229151248932,0.46949562231699626,-0.19447922706604004,0.832033438483874,0.14604368805885315,0.36253781616687775,-0.2675010710954666,0.6507645304004351,1.6549286083982446,140.02504348754883
image_1168,../data/train_data/train_data/image_1168.png,1,left,-172.98433899879456,223.0653896331787,-110.92085480690002,382.1203055381775,62.06348419189453,159.05491590499878,-141.9525969028473,302.5928475856781,-0.24025602638721466,0.464719561735789,-0.15405674278736115,0.7960839698712031,0.08619928359985352,0.3313644081354141,-0.1971563845872879,0.630401765803496,2.562777742435725,110.92085480690002
image_1169,../data/train_data/train_data/image_1169.png,0,left,-254.1971755027771,225.1465549468994,-142.92245149612427,403.90971326828003,111.27472400665283,178.76315832138062,-198.55981349945068,314.5281341075897,-0.35305163264274597,0.46905532280604045,-0.19850340485572815,0.8414785693089167,0.15454822778701782,0.3724232465028763,-0.27577751874923706,0.6552669460574786,1.606502823684315,142.92245149612427
image_117,../data/train_data/train_data/image_117.png,1,right,804.6523189544678,227.89376640319824,889.4717502593994,361.9541063308716,84.81943130493164,134.06033992767334,847.0620346069336,294.9239363670349,1.1175726652145386,0.474778680006663,1.2353774309158325,0.7540710548559825,0.11780476570129395,0.27929237484931946,1.1764750480651855,0.6144248674313227,1.5805380661621895,84.65231895446777
image_1171,../data/train_data/train_data/image_1171.png,0,right,882.3891735076904,219.80270767211914,975.7655811309814,409.7420301437378,93.37640762329102,189.93932247161865,929.0773773193359,314.77236890792847,1.2255405187606812,0.4579223076502482,1.3552299737930298,0.8536292294661204,0.12968945503234863,0.3957069218158722,1.2903852462768555,0.6557757685581843,2.0341253996179844,162.38917350769043
image_1172,../data/train_data/train_data/image_1172.png,1,right,821.0699272155762,221.3116111755371,941.8137073516846,440.86372995376587,120.7437801361084,219.55211877822876,881.4418172836304,331.0876705646515,1.1403748989105225,0.4610658566157023,1.3080745935440063,0.9184661040703456,0.1676996946334839,0.45740024745464325,1.2242247462272644,0.6897659803430239,1.8183306712009404,101.06992721557617
image_1173,../data/train_data/train_data/image_1173.png,0,right,834.581823348999,226.04405784606934,903.4811210632324,356.55720138549805,68.8992977142334,130.5131435394287,869.0314722061157,291.3006296157837,1.1591414213180542,0.47092512051264446,1.2548348903656006,0.7428275028864543,0.09569346904754639,0.2719023823738098,1.2069881558418274,0.6068763116995494,1.8942594172838276,114.58182334899902
image_1174,../data/train_data/train_data/image_1174.png,1,right,898.5540962219238,213.35670852661133,959.7507762908936,447.36623072624207,61.19668006896973,234.00952219963074,929.1524362564087,330.3614696264267,1.2479918003082275,0.4444931427637736,1.3329871892929077,0.932012980679671,0.08499538898468018,0.48751983791589737,1.2904894948005676,0.6882530617217223,3.8238924388691986,178.55409622192383
image_1177,../data/train_data/train_data/image_1177.png,1,left,-189.368999004364,220.18142127990723,-132.9011607170105,393.1954255104065,56.467838287353516,173.01400423049927,-161.13507986068726,306.68842339515686,-0.26301249861717224,0.45871129433314006,-0.18458494544029236,0.8191571364800135,0.07842755317687988,0.3604458421468735,-0.2237987220287323,0.6389342154065768,3.0639388628632402,132.9011607170105
image_1178,../data/train_data/train_data/image_1178.png,0,left,-294.7657370567322,221.69561767578125,-167.978618144989,425.90866589546204,126.78711891174316,204.2130482196808,-231.3721776008606,323.80214178562164,-0.40939685702323914,0.4618658701578776,-0.23330363631248474,0.8873097206155459,0.1760932207107544,0.4254438504576683,-0.32135024666786194,0.6745877953867118,1.6106766205629612,167.978618144989
image_1179,../data/train_data/train_data/image_1179.png,1,right,841.5288734436035,225.91571235656738,930.3814029693604,385.96089267730713,88.85252952575684,160.04518032073975,885.9551382064819,305.93830251693726,1.1687901020050049,0.47065773407618205,1.2921963930130005,0.8040851930777232,0.1234062910079956,0.33342745900154114,1.2304932475090027,0.6373714635769526,1.8012450649966625,121.52887344360352
image_118,../data/train_data/train_data/image_118.png,0,left,-270.07563829421997,221.34703063964844,-156.16093397140503,433.5977544784546,113.91470432281494,212.25072383880615,-213.1182861328125,327.4723925590515,-0.3751050531864166,0.46113964716593425,-0.21689018607139587,0.9033286551634471,0.15821486711502075,0.4421890079975128,-0.29599761962890625,0.6822341511646907,1.8632425471370546,156.16093397140503
image_1183,../data/train_data/train_data/image_1183.png,0,left,-320.1879072189331,222.43805313110352,-177.2436761856079,440.2497866153717,142.9442310333252,217.8117334842682,-248.7157917022705,331.3439198732376,-0.44470542669296265,0.463412610689799,-0.246171772480011,0.9171870554486911,0.19853365421295166,0.45377444475889206,-0.3454385995864868,0.690299833069245,1.5237532281627288,177.2436761856079
image_1184,../data/train_data/train_data/image_1184.png,1,left,-285.5161499977112,220.26951217651367,-190.11995315551758,424.72025060653687,95.3961968421936,204.4507384300232,-237.81805157661438,322.49488139152527,-0.3965502083301544,0.4588948170344035,-0.2640554904937744,0.8848338554302851,0.13249471783638,0.42593903839588165,-0.3303028494119644,0.6718643362323443,2.143174939858765,190.11995315551758
image_1185,../data/train_data/train_data/image_1185.png,0,right,825.9843349456787,225.35993003845215,888.3245372772217,369.67774534225464,62.34020233154297,144.3178153038025,857.1544361114502,297.5188376903534,1.1472004652023315,0.4694998542467753,1.2337840795516968,0.7701619694630305,0.08658361434936523,0.3006621152162552,1.1904922723770142,0.6198309118549029,2.3150039606268713,105.98433494567871
image_1186,../data/train_data/train_data/image_1186.png,0,right,797.3869228363037,227.13748359680176,880.4033088684082,371.3093008995056,83.01638603210449,144.17181730270386,838.895115852356,299.2233922481537,1.107481837272644,0.47320309082667034,1.2227823734283447,0.7735610435406367,0.11530053615570068,0.30035795271396637,1.1651321053504944,0.6233820671836535,1.7366669906221772,77.38692283630371
image_1187,../data/train_data/train_data/image_1187.png,1,right,807.48610496521,223.28068161010742,884.4900512695312,377.92987966537476,77.00394630432129,154.64919805526733,845.9880781173706,300.6052806377411,1.1215084791183472,0.4651680866877238,1.2284584045410156,0.7873539159695307,0.10694992542266846,0.32218582928180695,1.1749834418296814,0.6262610013286273,2.0083282153370465,87.48610496520996
image_1188,../data/train_data/train_data/image_1188.png,0,right,827.303466796875,224.93981742858887,882.92724609375,367.3508539199829,55.623779296875,142.41103649139404,855.1153564453125,296.1453356742859,1.1490325927734375,0.4686246196428935,1.226287841796875,0.7653142789999644,0.0772552490234375,0.2966896593570709,1.1876602172851562,0.6169694493214289,2.560254594196458,107.303466796875
image_1189,../data/train_data/train_data/image_1189.png,0,right,816.9369220733643,225.0883617401123,844.6941375732422,351.4641227722168,27.75721549987793,126.37576103210449,830.8155298233032,288.27624225616455,1.1346346139907837,0.4689340869585673,1.1731863021850586,0.7322169224421183,0.0385516881942749,0.263282835483551,1.1539104580879211,0.6005755047003428,4.552897643232992,96.93692207336426
image_119,../data/train_data/train_data/image_119.png,0,left,-178.23749899864197,227.25544357299805,-118.91665935516357,347.2366180419922,59.320839643478394,119.98117446899414,-148.57707917690277,287.2460308074951,-0.2475520819425583,0.47344884077707927,-0.16516202688217163,0.7234096209208171,0.08239005506038666,0.2499607801437378,-0.20635705441236496,0.5984292308489482,2.022580516224784,118.91665935516357
image_1191,../data/train_data/train_data/image_1191.png,1,left,-249.96949911117554,219.0769805908203,-170.0950312614441,422.30021500587463,79.87446784973145,203.22323441505432,-210.03226518630981,320.6885977983475,-0.3471798598766327,0.45641037623087566,-0.2362430989742279,0.8797921145955722,0.11093676090240479,0.4233817383646965,-0.2917114794254303,0.6681012454132239,2.5442827963170913,170.0950312614441
image_1192,../data/train_data/train_data/image_1192.png,0,left,-219.72347259521484,223.82175827026367,-155.93159437179565,379.23211002349854,63.79187822341919,155.41035175323486,-187.82753348350525,301.5269341468811,-0.30517148971557617,0.466295329729716,-0.2165716588497162,0.7900668958822886,0.08859983086585999,0.32377156615257263,-0.2608715742826462,0.6281811128060023,2.4362090611118083,155.93159437179565
image_1193,../data/train_data/train_data/image_1193.png,0,left,-147.9348349571228,228.48247909545898,-88.48044276237488,346.60486125946045,59.454392194747925,118.12238216400146,-118.20763885974884,287.5436701774597,-0.20546504855155945,0.4760051647822062,-0.12288950383663177,0.7220934609572093,0.08257554471492767,0.24608829617500305,-0.1641772761940956,0.5990493128697078,1.98677301715711,88.48044276237488
image_1194,../data/train_data/train_data/image_1194.png,1,right,872.4027729034424,223.22852516174316,995.0788593292236,424.4083847999573,122.67608642578125,201.1798596382141,933.740816116333,323.8184549808502,1.2116705179214478,0.46505942742029827,1.3820539712905884,0.884184134999911,0.17038345336914062,0.41912470757961273,1.296862244606018,0.6746217812101046,1.6399272710735475,152.40277290344238
image_1195,../data/train_data/train_data/image_1195.png,1,left,-216.50507926940918,214.0833225250244,-150.77024102210999,444.63265204429626,65.7348382472992,230.54932951927185,-183.63766014575958,329.35798728466034,-0.3007014989852905,0.4460069219271342,-0.2094031125307083,0.9263180250922839,0.09129838645458221,0.4803111031651497,-0.2550523057579994,0.686162473509709,3.507262445096901,150.77024102210999
image_1196,../data/train_data/train_data/image_1196.png,0,right,789.5051765441895,228.65545654296875,879.0994548797607,367.48960638046265,89.59427833557129,138.8341498374939,834.3023157119751,298.0725314617157,1.0965349674224854,0.47636553446451824,1.2209714651107788,0.7656033466259639,0.12443649768829346,0.2892378121614456,1.158753216266632,0.620984440545241,1.5495872327638704,69.50517654418945
image_1197,../data/train_data/train_data/image_1197.png,1,right,805.2745914459229,224.80512046813965,882.9172897338867,373.2269444465637,77.64269828796387,148.42182397842407,844.0959405899048,299.0160324573517,1.1184369325637817,0.46834400097529094,1.226274013519287,0.7775561342636744,0.10783708095550537,0.3092121332883835,1.1723554730415344,0.6229500676194827,1.9116005400527452,85.27459144592285
image_1198,../data/train_data/train_data/image_1198.png,1,right,788.6400890350342,226.41473197937012,841.5414047241211,350.2819194793701,52.901315689086914,123.8671875,815.0907468795776,288.3483257293701,1.095333456993103,0.4716973582903544,1.1688075065612793,0.7297539989153544,0.07347404956817627,0.258056640625,1.1320704817771912,0.6007256786028544,2.341476499904004,68.64008903503418
image_1199,../data/train_data/train_data/image_1199.png,1,left,-191.39846563339233,226.17143058776855,-91.94830298423767,382.85897874832153,99.45016264915466,156.68754816055298,-141.673384308815,304.51520466804504,-0.26583120226860046,0.4711904803911845,-0.12770597636699677,0.7976228723923365,0.1381252259016037,0.32643239200115204,-0.19676858931779861,0.6344066763917605,1.5755383800962022,91.94830298423767
image_12,../data/train_data/train_data/image_12.png,1,left,-246.37405157089233,220.73351287841797,-129.44802045822144,440.0395050048828,116.9260311126709,219.30599212646484,-187.91103601455688,330.3865089416504,-0.34218618273735046,0.4598614851633708,-0.17978891730308533,0.9167489687601725,0.16239726543426514,0.45688748359680176,-0.2609875500202179,0.6883052269617717,1.8755959647269629,129.44802045822144
image_120,../data/train_data/train_data/image_120.png,1,left,-180.7997488975525,229.2584457397461,-102.27447509765625,350.90895557403564,78.52527379989624,121.65050983428955,-141.53711199760437,290.08370065689087,-0.2511107623577118,0.47762176195780437,-0.14204788208007812,0.7310603241125743,0.10906288027763367,0.2534385621547699,-0.19657932221889496,0.6043410430351893,1.5491892475827356,102.27447509765625
image_1200,../data/train_data/train_data/image_1200.png,1,left,-176.3147735595703,224.78472137451172,-108.39605927467346,369.0626611709595,67.91871428489685,144.27793979644775,-142.3554164171219,296.9236912727356,-0.24488162994384766,0.4683015028635661,-0.15055008232593536,0.7688805441061656,0.09433154761791229,0.3005790412425995,-0.1977158561348915,0.6185910234848658,2.1242737191880408,108.39605927467346
image_1201,../data/train_data/train_data/image_1201.png,1,left,-198.5578179359436,217.16444396972656,-144.89282369613647,418.29394245147705,53.66499423980713,201.1294984817505,-171.72532081604004,317.7291932106018,-0.275774747133255,0.45242592493693035,-0.20124003291130066,0.8714457134405772,0.07453471422195435,0.41901978850364685,-0.23850739002227783,0.6619358191887538,3.747871425886756,144.89282369613647
image_1202,../data/train_data/train_data/image_1202.png,0,left,-249.32913780212402,216.52692222595215,-167.92107939720154,432.646035194397,81.40805840492249,216.11911296844482,-208.62510859966278,324.58647871017456,-0.3462904691696167,0.4510977546374003,-0.23322372138500214,0.9013459066549937,0.11306674778461456,0.4502481520175934,-0.2897570952773094,0.676221830646197,2.6547631426543985,167.92107939720154
image_1203,../data/train_data/train_data/image_1203.png,0,right,846.6715049743652,223.72070693969727,888.4392929077148,366.11966276168823,41.76778793334961,142.39895582199097,867.55539894104,294.92018485069275,1.1759326457977295,0.4660848061243693,1.2339434623718262,0.7627492974201838,0.05801081657409668,0.2966644912958145,1.2049380540847778,0.6144170517722766,3.4093008719835054,126.67150497436523
image_1204,../data/train_data/train_data/image_1204.png,1,left,-140.30494809150696,225.46358489990234,-109.29781794548035,352.18098068237305,31.00713014602661,126.7173957824707,-124.80138301849365,288.8222827911377,-0.19486798346042633,0.46971580187479656,-0.15180252492427826,0.7337103764216105,0.04306545853614807,0.26399457454681396,-0.1733352541923523,0.6017130891482035,4.086717964084426,109.29781794548035
image_1205,../data/train_data/train_data/image_1205.png,0,right,806.4490127563477,225.5139675140381,918.7636184692383,405.00494146347046,112.31460571289062,179.49097394943237,862.606315612793,315.2594544887543,1.120068073272705,0.469820765654246,1.2760605812072754,0.8437602947155635,0.1559925079345703,0.37393952906131744,1.1980643272399902,0.6567905301849047,1.598108926351613,86.44901275634766
image_1206,../data/train_data/train_data/image_1206.png,0,left,-182.47497081756592,225.77331924438477,-118.98356437683105,359.27535915374756,63.49140644073486,133.5020399093628,-150.7292675971985,292.52433919906616,-0.25343745946884155,0.47036108175913494,-0.16525495052337646,0.7484903315703074,0.08818250894546509,0.2781292498111725,-0.209346204996109,0.6094257066647212,2.10267888826779,118.98356437683105
image_1207,../data/train_data/train_data/image_1207.png,1,right,825.4268646240234,218.52960968017578,907.3238468170166,426.9188895225525,81.89698219299316,208.3892798423767,866.37535572052,322.72424960136414,1.1464262008666992,0.4552700201670329,1.2601720094680786,0.8894143531719844,0.1137458086013794,0.4341443330049515,1.203299105167389,0.6723421866695086,2.544529410757773,105.42686462402344
image_1208,../data/train_data/train_data/image_1208.png,0,left,-293.85786294937134,224.5068016052246,-174.78242754936218,415.2332844734192,119.07543540000916,190.72648286819458,-234.32014524936676,319.8700430393219,-0.40813592076301575,0.46772250334421794,-0.24275337159633636,0.8650693426529567,0.16538254916667938,0.3973468393087387,-0.32544464617967606,0.6663959229985873,1.6017282005099427,174.78242754936218
image_1209,../data/train_data/train_data/image_1209.png,1,right,813.37477684021,224.3025245666504,864.0129947662354,368.3490719795227,50.63821792602539,144.04654741287231,838.6938858032227,296.32579827308655,1.1296871900558472,0.46729692618052165,1.200018048286438,0.767393899957339,0.07033085823059082,0.3000969737768173,1.1648526191711426,0.6173454130689303,2.8446211836147564,93.37477684020996
image_121,../data/train_data/train_data/image_121.png,0,right,824.108419418335,221.39901542663574,905.5893802642822,398.639036655426,81.48096084594727,177.24002122879028,864.8488998413086,310.0190260410309,1.1445950269699097,0.46124794880549114,1.2577630281448364,0.8304979930321376,0.11316800117492676,0.3692500442266464,1.201179027557373,0.6458729709188143,2.175232341256883,104.10841941833496
image_1210,../data/train_data/train_data/image_1210.png,0,left,-325.4564952850342,221.2988224029541,-193.30639600753784,444.3601932525635,132.15009927749634,223.06137084960938,-259.381445646286,332.8295078277588,-0.452022910118103,0.4610392133394877,-0.2684811055660248,0.9257504026095073,0.18354180455207825,0.46471118927001953,-0.3602520078420639,0.6933948079744975,1.6879394875157252,193.30639600753784
image_1212,../data/train_data/train_data/image_1212.png,0,left,-202.63011932373047,220.6451644897461,-162.0802366733551,390.44641876220703,40.549882650375366,169.80125427246094,-182.35517799854279,305.54579162597656,-0.281430721282959,0.45967742602030437,-0.2251114398241043,0.8134300390879313,0.056319281458854675,0.35375261306762695,-0.25327108055353165,0.6365537325541178,4.187465984464177,162.0802366733551
image_1213,../data/train_data/train_data/image_1213.png,1,left,-210.69178819656372,216.91888236999512,-133.03033590316772,431.3396062850952,77.661452293396,214.4207239151001,-171.86106204986572,324.12924432754517,-0.2926274836063385,0.45191433827082317,-0.18476435542106628,0.898624179760615,0.10786312818527222,0.44670984148979187,-0.2386959195137024,0.6752692590157191,2.7609672183961145,133.03033590316772
image_1214,../data/train_data/train_data/image_1214.png,0,right,852.7033424377441,223.9051570892334,915.4310703277588,377.476243019104,62.72772789001465,153.5710859298706,884.0672063827515,300.6907000541687,1.1843101978302002,0.46646907726923625,1.2714320421218872,0.7864088396231333,0.08712184429168701,0.3199397623538971,1.2278711199760437,0.6264389584461848,2.448216938434923,132.70334243774414
image_1215,../data/train_data/train_data/image_1215.png,0,right,826.5295314788818,225.19839668273926,898.9508056640625,368.84559535980225,72.42127418518066,143.647198677063,862.7401685714722,297.02199602127075,1.147957682609558,0.46916332642237346,1.2485427856445312,0.7684283236662547,0.10058510303497314,0.2992649972438812,1.1982502341270447,0.6187958250443141,1.9834944951363072,106.52953147888184
image_1216,../data/train_data/train_data/image_1216.png,0,right,825.4842853546143,224.70741653442383,858.1848335266113,354.8427047729492,32.70054817199707,130.1352882385254,841.8345594406128,289.7750606536865,1.1465059518814087,0.468140451113383,1.1919233798980713,0.7392556349436442,0.0454174280166626,0.27111518383026123,1.16921466588974,0.6036980430285136,3.9796057104010876,105.48428535461426
image_1217,../data/train_data/train_data/image_1217.png,1,left,-246.47724151611328,224.92634201049805,-147.02764749526978,397.26568126678467,99.4495940208435,172.33933925628662,-196.75244450569153,311.09601163864136,-0.3423295021057129,0.46859654585520427,-0.20420506596565247,0.8276368359724681,0.13812443614006042,0.3590402901172638,-0.2732672840356827,0.6481166909138362,1.732931551436663,147.02764749526978
image_1219,../data/train_data/train_data/image_1219.png,1,right,858.9912128448486,218.03691291809082,914.9982261657715,413.43559646606445,56.00701332092285,195.39868354797363,886.9947195053101,315.73625469207764,1.1930433511734009,0.4542435685793559,1.2708308696746826,0.861324159304301,0.07778751850128174,0.40708059072494507,1.2319371104240417,0.6577838639418284,3.488825273155165,138.99121284484863
image_122,../data/train_data/train_data/image_122.png,0,left,-264.00545597076416,218.43124771118164,-142.77733325958252,436.3929452896118,121.22812271118164,217.96169757843018,-203.39139461517334,327.41209650039673,-0.3666742444038391,0.4550650993982951,-0.19830185174942017,0.909151969353358,0.16837239265441895,0.45408686995506287,-0.28248804807662964,0.6821085343758265,1.7979466538280906,142.77733325958252
image_1221,../data/train_data/train_data/image_1221.png,0,right,809.1345691680908,225.53779983520508,915.8280372619629,401.04153060913086,106.69346809387207,175.50373077392578,862.4813032150269,313.28966522216797,1.1237980127334595,0.4698704163233439,1.2719833850860596,0.8355031887690226,0.1481853723526001,0.3656327724456787,1.1978906989097595,0.6526868025461833,1.6449341642874746,89.13456916809082
image_1223,../data/train_data/train_data/image_1223.png,1,right,833.8538932800293,222.50783348083496,879.7348594665527,374.3371071815491,45.88096618652344,151.8292737007141,856.794376373291,298.422470331192,1.158130407333374,0.4635579864184062,1.2218539714813232,0.7798689732948939,0.06372356414794922,0.31631098687648773,1.1899921894073486,0.62171347985665,3.30919957272632,113.8538932800293
image_1224,../data/train_data/train_data/image_1224.png,1,right,835.4666519165039,225.76894187927246,894.9721240997314,368.11051988601685,59.50547218322754,142.34157800674438,865.2193880081177,296.93973088264465,1.1603703498840332,0.4703519622484843,1.2430168390274048,0.7668969164292018,0.08264648914337158,0.29654495418071747,1.201693594455719,0.618624439338843,2.392075430784757,115.4666519165039
image_1225,../data/train_data/train_data/image_1225.png,1,right,805.9589195251465,225.27192497253418,903.8071060180664,400.47077083587646,97.84818649291992,175.19884586334229,854.8830127716064,312.8713479042053,1.1193873882293701,0.4693165103594462,1.2552876472473145,0.834314105908076,0.13590025901794434,0.36499759554862976,1.1873375177383423,0.6518153081337611,1.7905170462818878,85.95891952514648
image_1226,../data/train_data/train_data/image_1226.png,1,left,-316.59316778182983,216.5589656829834,-226.8443512916565,446.28843331336975,89.74881649017334,229.72946763038635,-271.71875953674316,331.4236994981766,-0.4397127330303192,0.45116451183954875,-0.3150615990161896,0.9297675694028537,0.12465113401412964,0.4786030575633049,-0.3773871660232544,0.6904660406212012,2.5596935604776427,226.8443512916565
image_1227,../data/train_data/train_data/image_1227.png,1,left,-186.40854835510254,226.63216972351074,-114.37917709350586,365.5072178840637,72.02937126159668,138.87504816055298,-150.3938627243042,296.06969380378723,-0.2589007616043091,0.4721503535906474,-0.1588599681854248,0.7614733705917994,0.10004079341888428,0.28932301700115204,-0.20888036489486694,0.6168118620912234,1.928033602517309,114.37917709350586
image_1228,../data/train_data/train_data/image_1228.png,0,left,-359.078950881958,220.570405960083,-219.71527576446533,442.71461510658264,139.36367511749268,222.14420914649963,-289.39711332321167,331.6425105333328,-0.49872076511383057,0.4595216790835063,-0.3051601052284241,0.9223221148053805,0.1935606598854065,0.46280043572187424,-0.4019404351711273,0.6909218969444434,1.5939893157899112,219.71527576446533
image_123,../data/train_data/train_data/image_123.png,0,right,819.3085956573486,225.5450954437256,858.3799266815186,350.72979831695557,39.07133102416992,125.18470287322998,838.8442611694336,288.1374468803406,1.1379286050796509,0.46988561550776164,1.1921943426132202,0.7306870798269908,0.054265737533569336,0.2608014643192291,1.1650614738464355,0.6002863476673762,3.2040040508420216,99.30859565734863
image_1230,../data/train_data/train_data/image_1230.png,0,left,-159.94088530540466,226.82477378845215,-103.41943502426147,355.5948820114136,56.52145028114319,128.77010822296143,-131.68016016483307,291.20982789993286,-0.2221401184797287,0.4725516120592753,-0.14363810420036316,0.7408226708571116,0.07850201427936554,0.2682710587978363,-0.18288911134004593,0.6066871414581935,2.2782520190555338,103.41943502426147
image_1232,../data/train_data/train_data/image_1232.png,0,left,-167.9627823829651,229.7879638671875,-86.05154156684875,356.5658130645752,81.91124081611633,126.7778491973877,-127.00716197490692,293.17688846588135,-0.23328164219856262,0.4787249247233073,-0.1195160299539566,0.7428454438845317,0.11376561224460602,0.26412051916122437,-0.1763988360762596,0.6107851843039195,1.547746657653411,86.05154156684875
image_1233,../data/train_data/train_data/image_1233.png,0,left,-289.13140296936035,223.4657039642334,-152.5299847126007,438.64649081230164,136.60141825675964,215.18078684806824,-220.83069384098053,331.0560973882675,-0.4015713930130005,0.46555354992548625,-0.2118472009897232,0.9138468558589617,0.18972419202327728,0.4482933059334755,-0.30670929700136185,0.689700202892224,1.5752456277108977,152.5299847126007
image_1235,../data/train_data/train_data/image_1235.png,0,left,-160.76548218727112,227.3189868927002,-92.39206910133362,359.98164558410645,68.3734130859375,132.66265869140625,-126.57877564430237,293.6503162384033,-0.22328539192676544,0.4735812226931254,-0.1283223181962967,0.7499617616335551,0.09496307373046875,0.2763805389404297,-0.17580385506153107,0.6117714921633403,1.9402667309391821,92.39206910133362
image_1236,../data/train_data/train_data/image_1236.png,1,left,-198.16383361816406,227.4544563293457,-105.7478928565979,378.73211765289307,92.41594076156616,151.27766132354736,-151.95586323738098,303.0932869911194,-0.27522754669189453,0.4738634506861369,-0.14687207341194153,0.7890252451101939,0.128355473279953,0.315161794424057,-0.21104981005191803,0.6314443478981654,1.6369217266731602,105.7478928565979
image_1237,../data/train_data/train_data/image_1237.png,1,right,785.7829570770264,226.17769622802734,845.5654048919678,350.79601669311523,59.782447814941406,124.61832046508789,815.6741809844971,288.4868564605713,1.0913652181625366,0.4712035338083903,1.1743963956832886,0.7308250347773234,0.08303117752075195,0.2596215009689331,1.1328808069229126,0.6010142842928569,2.084530242904207,65.78295707702637
image_1238,../data/train_data/train_data/image_1238.png,1,left,-231.28113269805908,225.3798427581787,-115.66700220108032,405.9368624687195,115.61413049697876,180.55701971054077,-173.4740674495697,315.6583526134491,-0.32122379541397095,0.469541339079539,-0.16064861416816711,0.8457017968098323,0.16057518124580383,0.3761604577302933,-0.24093620479106903,0.6576215679446856,1.5617210364719138,115.66700220108032
image_1239,../data/train_data/train_data/image_1239.png,0,left,-299.04366731643677,221.6822853088379,-201.19719743728638,420.95844531059265,97.84646987915039,199.27616000175476,-250.12043237686157,321.32036530971527,-0.4153384268283844,0.4618380943934123,-0.2794405519962311,0.8769967610637347,0.13589787483215332,0.4151586666703224,-0.34738948941230774,0.6694174277285735,2.036620843326076,201.19719743728638
image_124,../data/train_data/train_data/image_124.png,1,left,-240.48778295516968,218.73875045776367,-153.52700471878052,413.0217852592468,86.96077823638916,194.28303480148315,-197.0073938369751,315.88026785850525,-0.3340108096599579,0.455705730120341,-0.21323195099830627,0.8604620526234309,0.12077885866165161,0.4047563225030899,-0.2736213803291321,0.6580838913718859,2.2341455394218688,153.52700471878052
image_1241,../data/train_data/train_data/image_1241.png,1,right,870.347728729248,221.36602783203125,957.8457641601562,413.2829394340515,87.4980354309082,191.91691160202026,914.0967464447021,317.3244836330414,1.2088162899017334,0.4611792246500651,1.3303413391113281,0.8610061238209407,0.12152504920959473,0.39982689917087555,1.2695788145065308,0.6610926742355029,2.193385378961625,150.34772872924805
image_1242,../data/train_data/train_data/image_1242.png,0,left,-312.4979281425476,220.88271522521973,-201.9339895248413,435.51800870895386,110.5639386177063,214.63529348373413,-257.21595883369446,328.2003619670868,-0.4340249001979828,0.46017232338587444,-0.2804638743400574,0.9073291848103205,0.15356102585792542,0.4471568614244461,-0.3572443872690201,0.6837507540980975,1.9412775645219398,201.9339895248413
image_1243,../data/train_data/train_data/image_1243.png,0,right,889.4265174865723,219.9390640258789,985.4629898071289,433.3190264701843,96.03647232055664,213.37996244430542,937.4447536468506,326.6290452480316,1.2353146076202393,0.45820638338724773,1.3686985969543457,0.902747971812884,0.13338398933410645,0.4445415884256363,1.3020066022872925,0.6804771776000659,2.221863811615989,169.42651748657227
image_1244,../data/train_data/train_data/image_1244.png,1,right,851.2196731567383,222.13555717468262,890.690803527832,373.94182109832764,39.47113037109375,151.80626392364502,870.9552383422852,298.0386891365051,1.1822495460510254,0.4627824107805888,1.2370705604553223,0.7790454606215159,0.054821014404296875,0.3162630498409271,1.2096600532531738,0.6209139357010524,3.8460075122352886,131.21967315673828
image_1246,../data/train_data/train_data/image_1246.png,1,right,845.0662136077881,224.73602676391602,938.6390018463135,393.0613579750061,93.57278823852539,168.3253312110901,891.8526077270508,308.89869236946106,1.1737030744552612,0.4682000557581584,1.303665280342102,0.8188778291145961,0.12996220588684082,0.3506777733564377,1.2386841773986816,0.6435389424363772,1.7988705304154642,125.06621360778809
image_1248,../data/train_data/train_data/image_1248.png,0,left,-156.5993356704712,225.0272216796875,-123.70911240577698,355.36077880859375,32.890223264694214,130.33355712890625,-140.15422403812408,290.1940002441406,-0.21749907732009888,0.4688067118326823,-0.17181821167469025,0.740334955851237,0.04568086564540863,0.2715282440185547,-0.19465864449739456,0.6045708338419596,3.9626838674826486,123.70911240577698
image_125,../data/train_data/train_data/image_125.png,0,right,824.042158126831,223.73069190979004,924.2918014526367,395.0870838165283,100.24964332580566,171.35639190673828,874.1669797897339,309.4088878631592,1.1445029973983765,0.4661056081453959,1.283738613128662,0.823098091284434,0.13923561573028564,0.3569924831390381,1.2141208052635193,0.644601849714915,1.7092967737534956,104.04215812683105
image_1250,../data/train_data/train_data/image_1250.png,0,left,-286.45769119262695,220.9139289855957,-192.35773086547852,421.23092913627625,94.09996032714844,200.31700015068054,-239.40771102905273,321.072429060936,-0.3978579044342041,0.4602373520533244,-0.2671635150909424,0.8775644357005755,0.13069438934326172,0.41732708364725113,-0.33251070976257324,0.66890089387695,2.128768167959448,192.35773086547852
image_1251,../data/train_data/train_data/image_1251.png,1,right,817.6494026184082,222.59721183776855,864.2245674133301,372.0662488937378,46.575164794921875,149.46903705596924,840.9369850158691,297.3317303657532,1.1356241703033447,0.4637441913286845,1.2003118991851807,0.7751380185286204,0.06468772888183594,0.3113938271999359,1.1679680347442627,0.6194411049286525,3.209200390682589,97.6494026184082
image_1253,../data/train_data/train_data/image_1253.png,0,right,827.7867794036865,226.0500946044922,898.7945079803467,373.07894372940063,71.00772857666016,147.02884912490845,863.2906436920166,299.5645191669464,1.149703860282898,0.47093769709269206,1.2483257055282593,0.7772477994362513,0.09862184524536133,0.30631010234355927,1.1990147829055786,0.6240927482644717,2.070603469116403,107.78677940368652
image_1254,../data/train_data/train_data/image_1254.png,0,right,820.7763862609863,224.32315254211426,853.8204288482666,358.9328088760376,33.04404258728027,134.60965633392334,837.2984075546265,291.6279807090759,1.1399672031402588,0.4673399011294047,1.1858617067337036,0.7477766851584117,0.045894503593444824,0.28043678402900696,1.1629144549369812,0.6075582931439082,4.073643712883332,100.77638626098633
image_1255,../data/train_data/train_data/image_1255.png,1,left,-216.40156745910645,223.2101287841797,-140.65082430839539,392.2851266860962,75.75074315071106,169.0749979019165,-178.52619588375092,307.74762773513794,-0.3005577325820923,0.4650211016337077,-0.1953483670949936,0.8172606805960337,0.1052093654870987,0.35223957896232605,-0.24795304983854294,0.6411408911148707,2.231991276515014,140.65082430839539
image_1256,../data/train_data/train_data/image_1256.png,1,right,911.700267791748,214.3012180328369,979.630537033081,441.31550335884094,67.93026924133301,227.01428532600403,945.6654024124146,327.8083606958389,1.2662503719329834,0.4464608709017436,1.3605979681015015,0.919407298664252,0.09434759616851807,0.4729464277625084,1.3134241700172424,0.6829340847829978,3.3418723031922624,191.70026779174805
image_1257,../data/train_data/train_data/image_1257.png,1,right,872.4877452850342,223.1371726989746,989.0855598449707,423.5865273475647,116.59781455993652,200.4493546485901,930.7866525650024,323.36185002326965,1.211788535118103,0.46486910978953044,1.373729944229126,0.8824719319740931,0.16194140911102295,0.4176028221845627,1.2927592396736145,0.6736705208818118,1.7191519018184522,152.48774528503418
image_1258,../data/train_data/train_data/image_1258.png,0,right,873.5697269439697,220.87427520751953,981.1402988433838,428.3222641944885,107.57057189941406,207.447988986969,927.3550128936768,324.598269701004,1.2132912874221802,0.4601547400156657,1.3626948595046997,0.8923380504051844,0.14940357208251953,0.43218331038951874,1.28799307346344,0.6762463952104251,1.9284827190557956,153.56972694396973
image_126,../data/train_data/train_data/image_126.png,1,left,-252.88765668869019,220.96783065795898,-114.1784405708313,442.77607345581055,138.7092161178589,221.80824279785156,-183.53304862976074,331.87195205688477,-0.3512328565120697,0.4603496472040812,-0.15858116745948792,0.9224501530329386,0.1926516890525818,0.4621005058288574,-0.2549070119857788,0.6913999001185099,1.599087998661782,114.1784405708313
image_1260,../data/train_data/train_data/image_1260.png,1,left,-197.39884614944458,224.14081954956055,-115.99674224853516,392.2242512702942,81.40210390090942,168.08343172073364,-156.69779419898987,308.18253540992737,-0.2741650640964508,0.46696004072825115,-0.16110658645629883,0.8171338568131129,0.11305847764015198,0.35017381608486176,-0.21763582527637482,0.642046948770682,2.0648536544625578,115.99674224853516
image_1261,../data/train_data/train_data/image_1261.png,0,left,-191.96346759796143,228.02992248535156,-104.7271192073822,364.9055519104004,87.23634839057922,136.87562942504883,-148.3452934026718,296.467737197876,-0.26661592721939087,0.4750623385111491,-0.14545433223247528,0.7602198998133342,0.12116159498691559,0.28515756130218506,-0.20603512972593307,0.6176411191622416,1.5690206198478411,104.7271192073822
image_1262,../data/train_data/train_data/image_1262.png,1,right,885.5872249603271,214.86346626281738,936.5678215026855,436.1338975429535,50.9805965423584,221.2704312801361,911.0775232315063,325.49868190288544,1.2299822568893433,0.44763222138086955,1.3007886409759521,0.9086122865478198,0.07080638408660889,0.4609800651669502,1.2653854489326477,0.6781222539643447,4.34028721292597,165.58722496032715
image_1263,../data/train_data/train_data/image_1263.png,1,right,801.5468788146973,225.5553379058838,861.0831642150879,360.59939765930176,59.536285400390625,135.04405975341797,831.3150215148926,293.0773677825928,1.1132595539093018,0.46990695397059123,1.195948839187622,0.7512487451235453,0.08268928527832031,0.2813417911529541,1.154604196548462,0.6105778495470683,2.2682647875195103,81.54687881469727
image_1264,../data/train_data/train_data/image_1264.png,0,right,870.2150344848633,224.3654670715332,994.73708152771,415.1889958381653,124.52204704284668,190.82352876663208,932.4760580062866,319.77723145484924,1.208631992340088,0.4674280563990275,1.3815792798995972,0.8649770746628443,0.17294728755950928,0.39754901826381683,1.2951056361198425,0.6662025655309359,1.5324477335404854,150.21503448486328
image_1265,../data/train_data/train_data/image_1265.png,0,right,807.8234195709229,227.07079315185547,858.14208984375,348.8950242996216,50.31867027282715,121.82423114776611,832.9827547073364,287.9829087257385,1.1219769716262817,0.4730641523996989,1.191864013671875,0.726864633957545,0.06988704204559326,0.25380048155784607,1.1569204926490784,0.5999643931786219,2.4210542625080667,87.82341957092285
image_1266,../data/train_data/train_data/image_1266.png,0,right,809.7164154052734,224.28667449951172,873.4515380859375,376.53272771835327,63.73512268066406,152.24605321884155,841.5839767456055,300.4097011089325,1.1246061325073242,0.4672639052073161,1.2131271362304688,0.7844431827465693,0.08852100372314453,0.31717927753925323,1.1688666343688965,0.6258535439769427,2.3887308412607777,89.71641540527344
image_1269,../data/train_data/train_data/image_1269.png,0,left,-310.27617931365967,219.63762664794922,-160.5324411392212,457.8385832309723,149.74373817443848,238.20095658302307,-235.40431022644043,338.73810493946075,-0.4309391379356384,0.4575783888498942,-0.22296172380447388,0.9538303817311923,0.20797741413116455,0.49625199288129807,-0.32695043087005615,0.7057043852905432,1.5907239894434824,160.5324411392212
image_127,../data/train_data/train_data/image_127.png,0,right,834.1172218322754,222.817138671875,914.3347549438477,383.6462893486023,80.21753311157227,160.8291506767273,874.2259883880615,303.23171401023865,1.1584961414337158,0.4642023722330729,1.269909381866455,0.7992631028095881,0.11141324043273926,0.3350607305765152,1.2142027616500854,0.6317327375213305,2.004912697240822,114.11722183227539
image_1271,../data/train_data/train_data/image_1271.png,0,right,844.8521518707275,225.1495018005371,950.6298065185547,392.3349800109863,105.77765464782715,167.18547821044922,897.7409791946411,308.7422409057617,1.1734057664871216,0.4690614620844523,1.3203191757202148,0.8173645416895549,0.14691340923309326,0.34830307960510254,1.2468624711036682,0.6432130018870036,1.5805368228958316,124.85215187072754
image_1272,../data/train_data/train_data/image_1272.png,1,left,-145.57209849357605,225.75180435180664,-102.3331081867218,351.09044456481934,43.23899030685425,125.3386402130127,-123.95260334014893,288.421124458313,-0.20218347012996674,0.47031625906626384,-0.1421293169260025,0.731438426176707,0.06005415320396423,0.2611221671104431,-0.17215639352798462,0.6008773426214854,2.89874114366505,102.3331081867218
image_1273,../data/train_data/train_data/image_1273.png,0,right,816.5845012664795,225.75990104675293,924.2301750183105,395.3770627975464,107.64567375183105,169.61716175079346,870.407338142395,310.56848192214966,1.1341451406478882,0.4703331271807353,1.2836530208587646,0.823702214161555,0.14950788021087646,0.3533690869808197,1.2088990807533264,0.6470176706711451,1.575698825963345,96.58450126647949
image_1274,../data/train_data/train_data/image_1274.png,0,left,-170.92052936553955,228.78217124938965,-92.01249361038208,354.38004875183105,78.90803575515747,125.5978775024414,-131.46651148796082,291.58111000061035,-0.23738962411880493,0.47662952343622844,-0.12779513001441956,0.7382917682329814,0.10959449410438538,0.26166224479675293,-0.18259237706661224,0.6074606458346049,1.5916994549472392,92.01249361038208
image_1275,../data/train_data/train_data/image_1275.png,0,right,852.976541519165,219.0202751159668,1004.8442459106445,460.2760657072067,151.8677043914795,241.25579059123993,928.9103937149048,339.64817041158676,1.1846896409988403,0.45629223982493083,1.3956170082092285,0.9589084702233474,0.21092736721038818,0.5026162303984165,1.2901533246040344,0.7076003550241391,1.5885918046758567,132.97654151916504
image_1276,../data/train_data/train_data/image_1276.png,0,left,-183.40492486953735,224.11072158813477,-150.94938039779663,359.8066940307617,32.45554447174072,135.69597244262695,-167.177152633667,291.95870780944824,-0.2547290623188019,0.46689733664194744,-0.209651917219162,0.7495972792307536,0.04507714509963989,0.28269994258880615,-0.23219048976898193,0.6082473079363505,4.180979695496355,150.94938039779663
image_1278,../data/train_data/train_data/image_1278.png,1,left,-191.98108434677124,223.52332496643066,-140.17104148864746,374.29495000839233,51.81004285812378,150.77162504196167,-166.07606291770935,298.9091374874115,-0.26664039492607117,0.4656735936800639,-0.19468200206756592,0.7797811458508174,0.07195839285850525,0.3141075521707535,-0.23066119849681854,0.6227273697654406,2.9100849318892386,140.17104148864746
image_128,../data/train_data/train_data/image_128.png,0,left,-251.60255670547485,225.14973068237305,-145.03257751464844,390.60733699798584,106.56997919082642,165.4576063156128,-198.31756711006165,307.87853384017944,-0.34944799542427063,0.4690619389216105,-0.20143413543701172,0.8137652854124705,0.1480138599872589,0.34470334649086,-0.2754410654306412,0.6414136121670405,1.5525723808141219,145.03257751464844
image_1280,../data/train_data/train_data/image_1280.png,1,left,-300.2560043334961,214.80836296081543,-209.98731136322021,447.92446994781494,90.26869297027588,233.1161069869995,-255.12165784835815,331.3664164543152,-0.4170222282409668,0.44751742283503215,-0.2916490435600281,0.9331759790579478,0.12537318468093872,0.48565855622291565,-0.35433563590049744,0.69034670094649,2.5824690633746203,209.98731136322021
image_1281,../data/train_data/train_data/image_1281.png,0,left,-182.7771806716919,225.74762725830078,-116.52016997337341,370.9642686843872,66.25701069831848,145.21664142608643,-149.64867532253265,298.355947971344,-0.25385719537734985,0.47030755678812664,-0.16183356940746307,0.7728422264258067,0.09202362596988678,0.30253466963768005,-0.20784538239240646,0.6215748916069667,2.1917173729326103,116.52016997337341
image_1282,../data/train_data/train_data/image_1282.png,1,left,-270.5928111076355,218.5005702972412,-198.7004041671753,420.1074161529541,71.8924069404602,201.6068458557129,-234.6466076374054,319.30399322509766,-0.37582334876060486,0.45520952145258586,-0.27597278356552124,0.8752237836519877,0.09985056519508362,0.42001426219940186,-0.32589806616306305,0.6652166525522868,2.8042856601348665,198.7004041671753
image_1284,../data/train_data/train_data/image_1284.png,0,right,862.8608894348145,224.0560188293457,960.3475570678711,408.47099924087524,97.48666763305664,184.41498041152954,911.6042232513428,316.2635090351105,1.1984179019927979,0.4667833725611369,1.3338160514831543,0.8509812484184901,0.13539814949035645,0.3841978758573532,1.266116976737976,0.6588823104898135,1.891694371025936,142.86088943481445
image_1285,../data/train_data/train_data/image_1285.png,1,left,-192.9613995552063,221.08364486694336,-130.3987991809845,397.32117795944214,62.5626003742218,176.23753309249878,-161.6800993680954,309.20241141319275,-0.2680019438266754,0.460590926806132,-0.1811094433069229,0.8277524540821711,0.0868925005197525,0.3671615272760391,-0.22455569356679916,0.6441716904441516,2.8169790264203183,130.3987991809845
image_1288,../data/train_data/train_data/image_1288.png,0,left,-181.6967225074768,229.30253410339355,-115.8300268650055,349.4928922653198,65.86669564247131,120.19035816192627,-148.76337468624115,289.3977131843567,-0.25235655903816223,0.47771361271540325,-0.16087503731250763,0.7281101922194163,0.0914815217256546,0.25039657950401306,-0.20661579817533493,0.6029119024674098,1.8247515985062817,115.8300268650055
image_1289,../data/train_data/train_data/image_1289.png,1,right,904.6930503845215,215.36131286621094,965.5307865142822,432.9913749694824,60.83773612976074,217.63006210327148,935.1119184494019,324.1763439178467,1.2565181255340576,0.4486694018046061,1.3410149812698364,0.902065364519755,0.08449685573577881,0.4533959627151489,1.298766553401947,0.6753673831621806,3.57722157246431,184.69305038452148
image_1290,../data/train_data/train_data/image_1290.png,0,left,-186.1631155014038,225.93662643432617,-134.584321975708,357.66132736206055,51.5787935256958,131.72470092773438,-160.3737187385559,291.79897689819336,-0.2585598826408386,0.47070130507151287,-0.18692266941070557,0.7451277653376261,0.07163721323013306,0.2744264602661133,-0.2227412760257721,0.6079145352045695,2.553853859767213,134.584321975708
image_1291,../data/train_data/train_data/image_1291.png,1,right,839.5777702331543,218.21329498291016,981.0833072662354,449.1021385192871,141.50553703308105,230.88884353637695,910.3305387496948,333.65771675109863,1.1660802364349365,0.45461103121439617,1.362615704536438,0.9356294552485148,0.19653546810150146,0.48101842403411865,1.2643479704856873,0.6951202432314555,1.6316594274498244,119.5777702331543
image_1292,../data/train_data/train_data/image_1292.png,0,left,-168.17691922187805,225.19593620300293,-110.00063180923462,362.89716386795044,58.17628741264343,137.7012276649475,-139.08877551555634,294.0465500354767,-0.23357905447483063,0.4691582004229228,-0.15277865529060364,0.7560357580582301,0.08080039918422699,0.2868775576353073,-0.19317885488271713,0.6125969792405764,2.366964854395658,110.00063180923462
image_1293,../data/train_data/train_data/image_1293.png,0,right,860.6983852386475,221.03652381896973,968.6858367919922,413.12275791168213,107.98745155334473,192.0862340927124,914.6921110153198,317.0796408653259,1.195414423942566,0.46049275795618694,1.3453969955444336,0.8606724123160044,0.14998257160186768,0.4001796543598175,1.2704057097434998,0.6605825851360957,1.7787829171783327,140.69838523864746
image_1294,../data/train_data/train_data/image_1294.png,1,right,837.7724075317383,226.29256629943848,927.9041576385498,382.737313747406,90.13175010681152,156.44474744796753,882.838282585144,304.51494002342224,1.1635727882385254,0.4714428464571635,1.2887557744979858,0.7973694036404292,0.12518298625946045,0.3259265571832657,1.2261642813682556,0.6344061250487963,1.7357340477974867,117.77240753173828
image_1295,../data/train_data/train_data/image_1295.png,0,right,851.6335487365723,223.31507110595703,885.197639465332,366.3698306083679,33.564090728759766,143.0547595024109,868.4155941009521,294.8424508571625,1.1828243732452393,0.4652397314707438,1.2294411659240723,0.7632704804340998,0.04661679267883301,0.298030748963356,1.2061327695846558,0.6142551059524218,4.262137194732132,131.63354873657227
image_1297,../data/train_data/train_data/image_1297.png,1,left,-216.60972833633423,226.9955768585205,-112.00462818145752,387.92696619033813,104.60510015487671,160.93138933181763,-164.30717825889587,307.4612715244293,-0.3008468449115753,0.4729074517885844,-0.15556198358535767,0.8081811795632045,0.14528486132621765,0.33527372777462006,-0.2282044142484665,0.6405443156758944,1.5384659934701566,112.00462818145752
image_1299,../data/train_data/train_data/image_1299.png,0,left,-248.5579490661621,217.07074546813965,-153.64444255828857,442.7899136543274,94.91350650787354,225.71916818618774,-201.10119581222534,329.9303295612335,-0.34521937370300293,0.45223071972529094,-0.21339505910873413,0.9224789867798487,0.1318243145942688,0.4702482670545578,-0.27930721640586853,0.6873548532525698,2.378156455187579,153.64444255828857
image_13,../data/train_data/train_data/image_13.png,0,right,838.6223888397217,225.40161514282227,887.019739151001,358.805965423584,48.3973503112793,133.40435028076172,862.8210639953613,292.1037902832031,1.1647533178329468,0.46958669821421306,1.2319718599319458,0.7475124279658,0.06721854209899902,0.2779257297515869,1.1983625888824463,0.6085495630900065,2.7564391319512183,118.62238883972168
image_130,../data/train_data/train_data/image_130.png,0,right,843.6890602111816,224.0729274749756,913.7499046325684,374.4581069946289,70.06084442138672,150.38517951965332,878.719482421875,299.26551723480225,1.171790361404419,0.46681859890619914,1.269097089767456,0.7801210562388102,0.09730672836303711,0.3133024573326111,1.2204437255859375,0.6234698275725047,2.146493961950405,123.68906021118164
image_1300,../data/train_data/train_data/image_1300.png,0,left,-285.84490299224854,221.68048286437988,-155.25550603866577,430.7082965373993,130.58939695358276,209.0278136730194,-220.55020451545715,326.1943897008896,-0.3970068097114563,0.46183433930079143,-0.21563264727592468,0.8973089511195819,0.18137416243553162,0.43547461181879044,-0.3063197284936905,0.6795716452101866,1.600649199316826,155.25550603866577
image_1301,../data/train_data/train_data/image_1301.png,1,right,815.3218460083008,226.49629974365234,854.4932556152344,346.2625970840454,39.171409606933594,119.76629734039307,834.9075508117676,286.3794484138489,1.1323914527893066,0.47186729113260906,1.1867961883544922,0.7213804105917613,0.05440473556518555,0.24951311945915222,1.1595938205718994,0.5966238508621852,3.0574926596257503,95.32184600830078
image_1302,../data/train_data/train_data/image_1302.png,0,right,826.9210052490234,219.74331283569336,950.0693321228027,450.71963572502136,123.1483268737793,230.976322889328,888.4951686859131,335.23147428035736,1.1485013961791992,0.4577985684076945,1.3195407390594482,0.9389992410937945,0.17103934288024902,0.4812006726861,1.2340210676193237,0.6983989047507445,1.8755944863633174,106.92100524902344
image_1303,../data/train_data/train_data/image_1303.png,1,left,-279.01790857315063,216.60085105895996,-195.50782442092896,440.55117750167847,83.51008415222168,223.9503264427185,-237.2628664970398,328.5760142803192,-0.38752487301826477,0.4512517730394999,-0.271538645029068,0.9178149531284968,0.11598622798919678,0.4665631800889969,-0.3295317590236664,0.6845333630839984,2.681715971385003,195.50782442092896
image_1304,../data/train_data/train_data/image_1304.png,1,right,828.3256244659424,222.82034301757812,887.5205612182617,383.10426139831543,59.194936752319336,160.2839183807373,857.923092842102,302.9623022079468,1.1504522562026978,0.46420904795328777,1.2326674461364746,0.7981338779131572,0.08221518993377686,0.3339248299598694,1.1915598511695862,0.6311714629332225,2.7077302075917355,108.32562446594238
image_1306,../data/train_data/train_data/image_1306.png,0,right,799.4231700897217,225.19190216064453,897.528247833252,394.1116180419922,98.10507774353027,168.91971588134766,848.4757089614868,309.65176010131836,1.1103099584579468,0.46914979616800945,1.2465670108795166,0.8210658709208171,0.13625705242156982,0.3519160747528076,1.1784384846687317,0.6451078335444133,1.7218243924432075,79.42317008972168
image_1310,../data/train_data/train_data/image_1310.png,0,right,842.1994686126709,226.12373733520508,918.9392280578613,375.96595907211304,76.73975944519043,149.84222173690796,880.5693483352661,301.04484820365906,1.1697214841842651,0.4710911194483439,1.2763044834136963,0.7832624147335688,0.10658299922943115,0.3121712952852249,1.2230129837989807,0.6271767670909564,1.9526021819749024,122.1994686126709
image_1311,../data/train_data/train_data/image_1311.png,0,left,-240.8487868309021,220.13252639770508,-135.4457938671112,433.3436920642853,105.4029929637909,213.2111656665802,-188.14729034900665,326.7381092309952,-0.33451220393180847,0.4586094299952189,-0.18811915814876556,0.902799358467261,0.1463930457830429,0.4441899284720421,-0.261315681040287,0.68070439423124,2.0228188941449194,135.4457938671112
image_1312,../data/train_data/train_data/image_1312.png,0,right,807.5265312194824,225.9503879547119,908.7705230712891,389.658814907074,101.24399185180664,163.70842695236206,858.1485271453857,307.80460143089294,1.1215646266937256,0.47072997490564983,1.262181282043457,0.8117891977230708,0.14061665534973145,0.34105922281742096,1.1918729543685913,0.6412595863143603,1.6169693031462664,87.52653121948242
image_1313,../data/train_data/train_data/image_1313.png,0,right,869.5296764373779,219.66489219665527,916.6009426116943,397.69189500808716,47.071266174316406,178.02700281143188,893.0653095245361,308.6783936023712,1.207680106163025,0.45763519207636516,1.2730568647384644,0.8285247812668483,0.06537675857543945,0.3708895891904831,1.2403684854507446,0.6430799866716067,3.782073805963799,149.52967643737793
image_1314,../data/train_data/train_data/image_1314.png,0,left,-274.0982437133789,221.0311164855957,-190.22052526474,412.24860095977783,83.87771844863892,191.21748447418213,-232.15938448905945,316.63985872268677,-0.3806920051574707,0.4604814926783244,-0.26419517397880554,0.8588512519995372,0.11649683117866516,0.39836975932121277,-0.3224435895681381,0.6596663723389308,2.279717283813232,190.22052526474
image_1315,../data/train_data/train_data/image_1315.png,0,left,-287.4646782875061,222.43690872192383,-147.21167922019958,438.0331304073334,140.25299906730652,215.59622168540955,-217.33817875385284,330.2350195646286,-0.39925649762153625,0.463410226504008,-0.20446066558361053,0.9125690216819445,0.19479583203792572,0.44915879517793655,-0.3018585816025734,0.6879896240929763,1.5371950911505736,147.21167922019958
image_1316,../data/train_data/train_data/image_1316.png,0,left,-317.5661873817444,222.5769557952881,-175.78309535980225,444.57467341423035,141.78309202194214,221.99771761894226,-246.67464137077332,333.5758146047592,-0.44106414914131165,0.4637019912401835,-0.24414318799972534,0.9261972362796466,0.1969209611415863,0.46249524503946304,-0.3426036685705185,0.694949613759915,1.5657559336100966,175.78309535980225
image_1317,../data/train_data/train_data/image_1317.png,0,right,831.3695240020752,222.1509494781494,907.9830265045166,399.05316972732544,76.6135025024414,176.90222024917603,869.6762752532959,310.6020596027374,1.1546798944473267,0.46281447807947795,1.2610875368118286,0.8313607702652613,0.10640764236450195,0.3685462921857834,1.2078837156295776,0.6470876241723696,2.3090214449279194,111.3695240020752
image_1318,../data/train_data/train_data/image_1318.png,0,left,-248.65139722824097,219.05918502807617,-205.5688977241516,402.39236974716187,43.082499504089355,183.3331847190857,-227.1101474761963,310.725777387619,-0.34534916281700134,0.45637330214182537,-0.28551235795021057,0.8383174369732539,0.05983680486679077,0.38194413483142853,-0.31543076038360596,0.6473453695575396,4.255398057897821,205.5688977241516
image_1319,../data/train_data/train_data/image_1319.png,1,right,785.3780937194824,225.25690460205078,880.7056903839111,384.630567073822,95.32759666442871,159.37366247177124,833.0418920516968,304.9437358379364,1.0908029079437256,0.46928521792093914,1.2232023477554321,0.8013136814037959,0.13239943981170654,0.33202846348285675,1.1570026278495789,0.6352994496623675,1.67185230770893,65.37809371948242
image_132,../data/train_data/train_data/image_132.png,1,right,819.3251609802246,224.4482078552246,858.1046676635742,358.2509412765503,38.77950668334961,133.80273342132568,838.7149143218994,291.34957456588745,1.1379516124725342,0.46760043303171794,1.1918120384216309,0.7463561276594798,0.05386042594909668,0.27875569462776184,1.1648818254470825,0.6069782803455989,3.450346455252235,99.32516098022461
image_1320,../data/train_data/train_data/image_1320.png,1,right,810.2786064147949,226.31127738952637,913.2371520996094,387.1118893623352,102.95854568481445,160.80061197280884,861.7578792572021,306.7115833759308,1.1253869533538818,0.4714818278948466,1.2683849334716797,0.8064831028381984,0.14299798011779785,0.33500127494335175,1.1968859434127808,0.6389824653665225,1.5617995660609416,90.27860641479492
image_1321,../data/train_data/train_data/image_1321.png,0,left,-248.78591537475586,221.02219009399414,-159.53787803649902,402.8704824447632,89.24803733825684,181.84829235076904,-204.16189670562744,311.94633626937866,-0.3455359935760498,0.46046289602915447,-0.2215803861618042,0.8393135050932566,0.1239556074142456,0.3788506090641022,-0.283558189868927,0.6498882005612056,2.037560687878773,159.53787803649902
image_1322,../data/train_data/train_data/image_1322.png,1,left,-172.02433347702026,222.16139221191406,-95.23271083831787,390.71876668930054,76.79162263870239,168.55737447738647,-133.62852215766907,306.4400794506073,-0.23892268538475037,0.46283623377482097,-0.13226765394210815,0.8139974306027095,0.10665503144264221,0.3511611968278885,-0.18559516966342926,0.6384168321887652,2.194996910931725,95.23271083831787
image_1324,../data/train_data/train_data/image_1324.png,1,right,825.9284591674805,221.29567527770996,892.7721977233887,397.7627124786377,66.8437385559082,176.46703720092773,859.3503284454346,309.5291938781738,1.147122859954834,0.4610326568285624,1.2399613857269287,0.8286723176638285,0.09283852577209473,0.3676396608352661,1.1935421228408813,0.6448524872461955,2.639993528389057,105.92845916748047
image_1325,../data/train_data/train_data/image_1325.png,1,left,-194.8423147201538,221.7653980255127,-138.40101957321167,389.53212881088257,56.44129514694214,167.76673078536987,-166.62166714668274,305.64876341819763,-0.2706143260002136,0.4620112458864848,-0.19222363829612732,0.8115252683560054,0.0783906877040863,0.34951402246952057,-0.23141898214817047,0.6367682571212451,2.972411075057676,138.40101957321167
image_1326,../data/train_data/train_data/image_1326.png,0,right,846.6652393341064,223.7374153137207,964.711103439331,409.71038722991943,118.04586410522461,185.97297191619873,905.6881713867188,316.72390127182007,1.1759239435195923,0.46611961523691814,1.3398765325546265,0.8535633067289988,0.16395258903503418,0.3874436914920807,1.2579002380371094,0.6598414609829585,1.575429798628309,126.66523933410645
image_1327,../data/train_data/train_data/image_1327.png,0,left,-197.2762370109558,219.5783176422119,-137.2873020172119,398.0497159957886,59.9889349937439,178.47139835357666,-167.28176951408386,308.81401681900024,-0.2739947736263275,0.45745482842127483,-0.19067680835723877,0.8292702416578929,0.08331796526908875,0.37181541323661804,-0.23233579099178314,0.6433625350395838,2.9750719590569332,137.2873020172119
image_1328,../data/train_data/train_data/image_1328.png,0,right,864.4981956481934,222.5784149169922,939.090986251831,385.251437664032,74.5927906036377,162.6730227470398,901.7945909500122,303.9149262905121,1.2006919384002686,0.46370503107706706,1.3042930364608765,0.8026071618000666,0.10360109806060791,0.3389021307229996,1.2524924874305725,0.6331560964385669,2.1808142775007893,144.49819564819336
image_133,../data/train_data/train_data/image_133.png,0,left,-193.43072175979614,228.6614933013916,-109.37205076217651,360.0552954673767,84.05867099761963,131.3938021659851,-151.40138626098633,294.35839438438416,-0.2686537802219391,0.47637811104456584,-0.1519056260585785,0.7501151988903682,0.1167481541633606,0.2737370878458023,-0.2102797031402588,0.613246654967467,1.5631201469947809,109.37205076217651
image_1330,../data/train_data/train_data/image_1330.png,0,right,807.8925132751465,225.85028076171875,888.9151382446289,381.3152422904968,81.02262496948242,155.46496152877808,848.4038257598877,303.5827615261078,1.1220729351043701,0.47052141825358074,1.2346043586730957,0.7944067547718684,0.11253142356872559,0.32388533651828766,1.178338646888733,0.6324640865127246,1.9187845566264328,87.89251327514648
image_1332,../data/train_data/train_data/image_1332.png,0,left,-315.5829620361328,222.98199081420898,-180.15891551971436,430.1944818496704,135.42404651641846,207.21249103546143,-247.87093877792358,326.5882363319397,-0.4383096694946289,0.4645458141962687,-0.25022071599960327,0.89623850385348,0.18808895349502563,0.4316926896572113,-0.3442651927471161,0.6803921590248744,1.5301011627232652,180.15891551971436
image_1333,../data/train_data/train_data/image_1333.png,1,right,826.6407680511475,220.19558334350586,867.4334335327148,392.48435401916504,40.79266548156738,172.28877067565918,847.0371007919312,306.33996868133545,1.148112177848816,0.4587407986323039,1.2047686576843262,0.8176757375399272,0.056656479835510254,0.3589349389076233,1.176440417766571,0.6382082680861155,4.223523239821378,106.64076805114746
image_1334,../data/train_data/train_data/image_1334.png,1,left,-227.38532066345215,218.83925819396973,-154.59621906280518,412.0890917778015,72.78910160064697,193.2498335838318,-190.99076986312866,315.4641749858856,-0.31581294536590576,0.45591512123743694,-0.21471697092056274,0.8585189412037532,0.10109597444534302,0.4026038199663162,-0.26526495814323425,0.657217031220595,2.6549281325669516,154.59621906280518
image_1336,../data/train_data/train_data/image_1336.png,0,left,-168.46904397010803,224.54519653320312,-138.8955545425415,355.1894178390503,29.57348942756653,130.64422130584717,-153.68229925632477,289.8673071861267,-0.2339847832918167,0.4678024927775065,-0.19291049242019653,0.7399779538313548,0.04107429087162018,0.27217546105384827,-0.21344763785600662,0.6038902233044307,4.4176126603467,138.8955545425415
image_1338,../data/train_data/train_data/image_1338.png,1,right,827.5094604492188,223.43011283874512,884.4735717773438,377.6734676361084,56.964111328125,154.24335479736328,855.9915161132812,300.55179023742676,1.1493186950683594,0.46547940174738567,1.2284355163574219,0.7868197242418925,0.0791168212890625,0.32134032249450684,1.1888771057128906,0.6261495629946391,2.7077286242365797,107.50946044921875
image_134,../data/train_data/train_data/image_134.png,1,right,813.2795906066895,224.41665077209473,919.3812561035156,396.3532009124756,106.10166549682617,171.93655014038086,866.3304233551025,310.38492584228516,1.1295549869537354,0.4675346891085307,1.2769184112548828,0.8257358352343241,0.14736342430114746,0.35820114612579346,1.203236699104309,0.6466352621714274,1.6204887014287632,93.27959060668945
image_1340,../data/train_data/train_data/image_1340.png,0,left,-179.27241325378418,226.43149757385254,-107.36466407775879,371.71193981170654,71.90774917602539,145.280442237854,-143.31853866577148,299.07171869277954,-0.24898946285247803,0.4717322866121928,-0.1491175889968872,0.774399874607722,0.09987187385559082,0.3026675879955292,-0.19905352592468262,0.6230660806099574,2.020372545415337,107.36466407775879
image_1341,../data/train_data/train_data/image_1341.png,0,right,885.7230949401855,216.65189170837402,948.8871002197266,422.77935767173767,63.164005279541016,206.12746596336365,917.305097579956,319.71562469005585,1.2301709651947021,0.4513581077257792,1.3178987503051758,0.8807903284827868,0.08772778511047363,0.4294322207570076,1.274034857749939,0.666074218104283,3.263369145941872,165.72309494018555
image_1342,../data/train_data/train_data/image_1342.png,0,left,-162.26259469985962,222.84480476379395,-127.53373861312866,369.1058340072632,34.72885608673096,146.26102924346924,-144.89816665649414,295.97531938552856,-0.22536471486091614,0.4642600099245707,-0.17713019251823425,0.7689704875151316,0.048234522342681885,0.3047104775905609,-0.2012474536895752,0.6166152487198512,4.211513010339318,127.53373861312866
image_1343,../data/train_data/train_data/image_1343.png,1,left,-272.8749203681946,220.53035163879395,-154.38642740249634,444.71991324424744,118.48849296569824,224.1895616054535,-213.63067388534546,332.6251324415207,-0.3789929449558258,0.4594382325808207,-0.21442559361457825,0.9264998192588488,0.16456735134124756,0.4670615866780281,-0.296709269285202,0.6929690259198348,1.8920787664195806,154.38642740249634
image_1344,../data/train_data/train_data/image_1344.png,1,left,-155.08564710617065,226.9007625579834,-99.18551445007324,348.80576038360596,55.90013265609741,121.90499782562256,-127.13558077812195,287.8532614707947,-0.2153967320919037,0.47270992199579875,-0.13775765895843506,0.7266786674658458,0.07763907313346863,0.253968745470047,-0.17657719552516937,0.5996942947308223,2.1807640167080273,99.18551445007324
image_1346,../data/train_data/train_data/image_1346.png,1,left,-204.88195180892944,225.69240951538086,-98.97096991539001,399.4832172393799,105.91098189353943,173.79080772399902,-151.92646086215973,312.58781337738037,-0.2845582664012909,0.47019251982371013,-0.1374596804380417,0.8322567025820414,0.1470985859632492,0.3620641827583313,-0.2110089734196663,0.6512246112028758,1.6409139507241248,98.97096991539001
image_1347,../data/train_data/train_data/image_1347.png,0,left,-223.52742433547974,220.07439041137695,-168.3892321586609,401.15794563293457,55.13819217681885,181.08355522155762,-195.9583282470703,310.61616802215576,-0.31045475602149963,0.4584883133570353,-0.23387393355369568,0.8357457200686137,0.07658082246780396,0.37725740671157837,-0.27216434478759766,0.6471170167128245,3.284176504025618,168.3892321586609
image_1348,../data/train_data/train_data/image_1348.png,1,left,-267.0562434196472,222.93521308898926,-170.67463517189026,406.23098278045654,96.38160824775696,183.29576969146729,-218.86543929576874,314.5830979347229,-0.37091144919395447,0.46444836060206096,-0.23704810440540314,0.8463145474592845,0.13386334478855133,0.3818661868572235,-0.3039797767996788,0.6553814540306727,1.9017712302568166,170.67463517189026
image_1349,../data/train_data/train_data/image_1349.png,1,right,855.4968738555908,219.07400512695312,995.7325458526611,451.9950761795044,140.2356719970703,232.92107105255127,925.614709854126,335.53454065322876,1.1881901025772095,0.456404177347819,1.3829618692398071,0.9416564087073008,0.19477176666259766,0.4852522313594818,1.2855759859085083,0.6990302930275599,1.6609259807833863,135.49687385559082
image_135,../data/train_data/train_data/image_135.png,0,right,851.0604572296143,224.5610752105713,894.285306930542,364.9518361091614,43.224849700927734,140.3907608985901,872.6728820800781,294.75645565986633,1.1820284128189087,0.46783557335535686,1.2420629262924194,0.7603163252274195,0.06003451347351074,0.2924807518720627,1.212045669555664,0.6140759492913882,3.2479178498005714,131.06045722961426
image_1351,../data/train_data/train_data/image_1351.png,1,right,823.7564277648926,226.43438720703125,911.0078716278076,381.4632716178894,87.25144386291504,155.02888441085815,867.3821496963501,303.9488294124603,1.144106149673462,0.4717383066813151,1.2652887105941772,0.7947151492039363,0.12118256092071533,0.32297684252262115,1.2046974301338196,0.6332267279426257,1.776805947812526,103.75642776489258
image_1354,../data/train_data/train_data/image_1354.png,1,left,-218.50677967071533,227.4101676940918,-135.8881115913391,373.545361995697,82.61866807937622,146.13519430160522,-177.19744563102722,300.4777648448944,-0.3034816384315491,0.4737711826960246,-0.18873348832130432,0.7782195041577021,0.11474815011024475,0.30444832146167755,-0.2461075633764267,0.6259953434268634,1.7687914571704937,135.8881115913391
image_1355,../data/train_data/train_data/image_1355.png,1,right,807.8786087036133,223.65699195861816,846.535120010376,362.1799840927124,38.656511306762695,138.52299213409424,827.2068643569946,292.9184880256653,1.122053623199463,0.4659520665804545,1.1757432222366333,0.7545416335264842,0.05368959903717041,0.28858956694602966,1.148898422718048,0.6102468500534693,3.583432323595652,87.87860870361328
image_1356,../data/train_data/train_data/image_1356.png,0,left,-198.16417694091797,223.3232250213623,-152.96132683753967,371.4110674858093,45.202850103378296,148.08784246444702,-175.56275188922882,297.3671462535858,-0.27522802352905273,0.4652567187945048,-0.21244628727436066,0.7737730572621028,0.06278173625469208,0.30851633846759796,-0.2438371554017067,0.6195148880283038,3.2760731264903025,152.96132683753967
image_1358,../data/train_data/train_data/image_1358.png,0,right,860.7126331329346,223.5664119720459,992.2540855407715,428.59362506866455,131.5414524078369,205.02721309661865,926.483359336853,326.0800185203552,1.1954342126846313,0.46576335827509563,1.3781306743621826,0.8929033855597178,0.18269646167755127,0.4271400272846222,1.286782443523407,0.6793333719174067,1.5586509753666338,140.71263313293457
image_136,../data/train_data/train_data/image_136.png,0,right,847.8905582427979,224.62710762023926,928.3951091766357,374.5409908294678,80.50455093383789,149.91388320922852,888.1428337097168,299.5840492248535,1.1776257753372192,0.46797314087549846,1.2894376516342163,0.7802937308947245,0.11181187629699707,0.3123205900192261,1.2335317134857178,0.6241334358851115,1.8621789882715352,127.89055824279785
image_1360,../data/train_data/train_data/image_1360.png,0,left,-317.7667737007141,222.59984397888184,-177.13758945465088,438.1066586971283,140.62918424606323,215.50681471824646,-247.4521815776825,330.35325133800507,-0.4413427412509918,0.46374967495600383,-0.24602442979812622,0.9127222056190173,0.1953183114528656,0.44897253066301346,-0.343683585524559,0.6882359402875106,1.5324473072471752,177.13758945465088
image_1362,../data/train_data/train_data/image_1362.png,0,left,-141.81945204734802,225.94958686828613,-103.17088007926941,349.3810405731201,38.64857196807861,123.43145370483398,-122.49516606330872,287.6653137207031,-0.19697146117687225,0.4707283059755961,-0.1432928889989853,0.7278771678606669,0.05367857217788696,0.2571488618850708,-0.17013217508792877,0.5993027369181315,3.193687306397269,103.17088007926941
image_1363,../data/train_data/train_data/image_1363.png,0,right,827.8851413726807,223.36476707458496,868.4389400482178,369.11398792266846,40.55379867553711,145.7492208480835,848.1620407104492,296.2393774986267,1.1498404741287231,0.4653432647387187,1.2061651945114136,0.7689874748388926,0.05632472038269043,0.30364421010017395,1.1780028343200684,0.6171653697888057,3.593972096527728,107.88514137268066
image_1364,../data/train_data/train_data/image_1364.png,1,left,-237.36451148986816,215.18029594421387,-156.3809609413147,443.03762459754944,80.98355054855347,227.85732865333557,-196.87273621559143,329.10896027088165,-0.3296729326248169,0.44829228321711223,-0.2171957790851593,0.9229950512448947,0.11247715353965759,0.47470276802778244,-0.2734343558549881,0.6856436672310035,2.8136248301032976,156.3809609413147
image_1366,../data/train_data/train_data/image_1366.png,0,right,865.0307750701904,214.59453010559082,916.2198543548584,436.3416292667389,51.18907928466797,221.74709916114807,890.6253147125244,325.46807968616486,1.2014316320419312,0.4470719377199809,1.2725275754928589,0.9090450609723727,0.07109594345092773,0.4619731232523918,1.236979603767395,0.6780584993461768,4.33192200875481,145.03077507019043
image_1367,../data/train_data/train_data/image_1367.png,0,right,822.1604919433594,223.69993591308594,874.4699192047119,372.4942936897278,52.30942726135254,148.79435777664185,848.3152055740356,298.09711480140686,1.1418895721435547,0.4660415331522624,1.2145415544509888,0.7760297785202662,0.07265198230743408,0.30998824536800385,1.1782155632972717,0.6210356558362643,2.8445036691612695,102.16049194335938
image_1368,../data/train_data/train_data/image_1368.png,1,left,-194.9605679512024,226.53211975097656,-99.76853013038635,386.62645959854126,95.19203782081604,160.0943398475647,-147.36454904079437,306.5792896747589,-0.2707785665988922,0.47194191614786785,-0.13856740295886993,0.8054717908302943,0.13221116364002228,0.33352987468242645,-0.20467298477888107,0.6387068534890811,1.6818038936083812,99.76853013038635
image_1369,../data/train_data/train_data/image_1369.png,1,right,782.3390865325928,225.52589797973633,880.1782608032227,383.0825819969177,97.83917427062988,157.5566840171814,831.2586736679077,304.304239988327,1.086582064628601,0.46984562079111736,1.2224698066711426,0.7980887124935786,0.1358877420425415,0.32824309170246124,1.1545259356498718,0.633967166642348,1.6103639998163597,62.33908653259277
image_137,../data/train_data/train_data/image_137.png,0,left,-154.6054244041443,225.31569862365723,-126.38639688491821,349.65258026123047,28.219027519226074,124.33688163757324,-140.49591064453125,287.48413944244385,-0.21472975611686707,0.46940770546595256,-0.17553666234016418,0.7284428755442302,0.03919309377670288,0.2590351700782776,-0.19513320922851562,0.5989252905050914,4.406136304763179,126.38639688491821
image_1370,../data/train_data/train_data/image_1370.png,0,left,-244.096941947937,227.21229934692383,-143.3696722984314,382.1357407569885,100.72726964950562,154.9234414100647,-193.7333071231842,304.6740200519562,-0.33902353048324585,0.473358956972758,-0.1991245448589325,0.7961161265770594,0.13989898562431335,0.32275716960430145,-0.2690740376710892,0.6347375417749087,1.5380486530523672,143.3696722984314
image_1371,../data/train_data/train_data/image_1371.png,1,right,822.0474529266357,227.12203407287598,895.0145244598389,366.91210174560547,72.96707153320312,139.7900676727295,858.5309886932373,297.0170679092407,1.1417325735092163,0.4731709043184916,1.2430757284164429,0.7644002119700114,0.10134315490722656,0.2912293076515198,1.1924041509628296,0.6187855581442515,1.9157966016097967,102.04745292663574
image_1372,../data/train_data/train_data/image_1372.png,0,right,814.993371963501,225.10950469970703,847.7499675750732,352.38279724121094,32.756595611572266,127.2732925415039,831.3716697692871,288.746150970459,1.1319352388381958,0.4689781347910563,1.177430510520935,0.7341308275858561,0.04549527168273926,0.2651526927947998,1.1546828746795654,0.6015544811884562,3.8854249095574738,94.99337196350098
image_1373,../data/train_data/train_data/image_1373.png,0,right,824.7639083862305,225.6204833984375,907.9336738586426,372.8149428367615,83.16976547241211,147.19445943832397,866.3487911224365,299.2177131175995,1.145505428314209,0.4700426737467448,1.261018991470337,0.7766977975765864,0.11551356315612793,0.3066551238298416,1.203262209892273,0.6233702356616656,1.7698073164237698,104.76390838623047
image_1374,../data/train_data/train_data/image_1374.png,1,left,-255.94722032546997,215.72369003295898,-139.18530821800232,448.1637444496155,116.76191210746765,232.4400544166565,-197.56626427173615,331.94371724128723,-0.3554822504520416,0.4494243542353312,-0.19331292808055878,0.9336744676033656,0.16216932237148285,0.48425011336803436,-0.2743975892663002,0.6915494109193484,1.9907181222136778,139.18530821800232
image_1375,../data/train_data/train_data/image_1375.png,1,right,802.2665691375732,225.3048553466797,835.0277137756348,352.2743215560913,32.76114463806152,126.96946620941162,818.647141456604,288.7895884513855,1.114259123802185,0.4693851153055827,1.1597607135772705,0.7339048365751902,0.04550158977508545,0.26451972126960754,1.1370099186897278,0.6016449759403865,3.8756114174930247,82.26656913757324
image_1377,../data/train_data/train_data/image_1377.png,0,left,-198.58839511871338,226.89801597595215,-118.52789998054504,370.43919229507446,80.06049513816833,143.54117631912231,-158.5581475496292,298.6686041355133,-0.27581721544265747,0.4727041999499003,-0.16462208330631256,0.7717483172814051,0.11119513213634491,0.2990441173315048,-0.22021964937448502,0.6222262586156527,1.7929089255743307,118.52789998054504
image_1378,../data/train_data/train_data/image_1378.png,1,right,839.5954513549805,213.9020767211914,913.4343910217285,453.5470720529556,73.83893966674805,239.64499533176422,876.5149211883545,333.7245743870735,1.166104793548584,0.4456293265024821,1.2686588764190674,0.9448897334436576,0.1025540828704834,0.49926040694117546,1.2173818349838257,0.6952595299730698,3.2455097054932893,119.59545135498047
image_1379,../data/train_data/train_data/image_1379.png,0,right,838.8723278045654,222.02294731140137,873.5125637054443,376.2236728668213,34.640235900878906,154.20072555541992,856.1924457550049,299.1233100891113,1.1651004552841187,0.46254780689875286,1.2132118940353394,0.7837993184725444,0.0481114387512207,0.3212515115737915,1.189156174659729,0.6231735626856486,4.451491785352059,118.87232780456543
image_1380,../data/train_data/train_data/image_1380.png,1,left,-282.2197151184082,221.55531311035156,-189.2833399772644,412.1453466415405,92.9363751411438,190.59003353118896,-235.7515275478363,316.85032987594604,-0.3919718265533447,0.4615735689798991,-0.26289352774620056,0.8586361388365428,0.12907829880714417,0.3970625698566437,-0.32743267714977264,0.6601048539082209,2.0507582014226093,189.2833399772644
image_1381,../data/train_data/train_data/image_1381.png,0,right,848.4448528289795,221.4632740020752,917.0674324035645,398.99632120132446,68.62257957458496,177.53304719924927,882.756142616272,310.22979760169983,1.1783956289291382,0.46138182083765666,1.2737047672271729,0.8312423358360926,0.09530913829803467,0.369860514998436,1.2260501980781555,0.6463120783368747,2.5870937568922336,128.4448528289795
image_1382,../data/train_data/train_data/image_1382.png,1,left,-184.43628787994385,224.26089668273926,-124.87300872802734,374.6983542442322,59.563279151916504,150.43745756149292,-154.6546483039856,299.4796254634857,-0.25616151094436646,0.46721020142237346,-0.17343473434448242,0.7806215713421504,0.08272677659988403,0.3134113699197769,-0.21479812264442444,0.6239158863822619,2.525674538129462,124.87300872802734
image_1383,../data/train_data/train_data/image_1383.png,0,right,856.6633987426758,221.69899368286133,907.3639297485352,383.94340658187866,50.700531005859375,162.24441289901733,882.0136642456055,302.82120013237,1.1898102760314941,0.4618729035059611,1.2602276802062988,0.7998820970455806,0.07041740417480469,0.33800919353961945,1.2250189781188965,0.6308775002757708,3.200053523705048,136.66339874267578
image_1384,../data/train_data/train_data/image_1384.png,1,right,799.6430683135986,226.50396728515625,847.0694160461426,347.3923578262329,47.426347732543945,120.88839054107666,823.3562421798706,286.9481625556946,1.1106153726577759,0.47188326517740886,1.176485300064087,0.7237340788046519,0.06586992740631104,0.25185081362724304,1.1435503363609314,0.5978086719910304,2.5489711167053053,79.64306831359863
image_1385,../data/train_data/train_data/image_1385.png,1,left,-270.16878604888916,222.87962341308594,-139.1345179080963,440.2210190296173,131.03426814079285,217.34139561653137,-204.65165197849274,331.5503212213516,-0.3752344250679016,0.4643325487772624,-0.1932423859834671,0.9171271229783694,0.1819920390844345,0.452794574201107,-0.28423840552568436,0.6907298358778159,1.6586607358542562,139.1345179080963
image_1386,../data/train_data/train_data/image_1386.png,1,right,832.091703414917,219.87048530578613,894.3509674072266,404.19495010375977,62.25926399230957,184.32446479797363,863.2213354110718,312.03271770477295,1.155682921409607,0.4580635110537211,1.2421541213989258,0.8420728127161662,0.08647119998931885,0.38400930166244507,1.1989185214042664,0.6500681618849437,2.9605949858440646,112.09170341491699
image_1387,../data/train_data/train_data/image_1387.png,1,right,792.1984577178955,219.84067344665527,901.0122871398926,422.45651268959045,108.81382942199707,202.61583924293518,846.605372428894,321.14859306812286,1.1002756357192993,0.45800140301386516,1.251405954360962,0.8801177347699801,0.1511303186416626,0.42211633175611496,1.1758407950401306,0.6690595688919226,1.8620412526532746,72.19845771789551
image_1388,../data/train_data/train_data/image_1388.png,1,left,-182.70952463150024,227.2838249206543,-85.43203175067902,377.760507106781,97.27749288082123,150.4766821861267,-134.07077819108963,302.52216601371765,-0.25376322865486145,0.47350796858469646,-0.11865559965372086,0.7870010564724604,0.1351076290011406,0.313493087887764,-0.18620941415429115,0.6302545125285784,1.5468807606964343,85.43203175067902
image_1389,../data/train_data/train_data/image_1389.png,1,right,817.2926044464111,221.70508766174316,859.7705554962158,381.55468130111694,42.47795104980469,159.84959363937378,838.5315799713135,301.62988448143005,1.1351286172866821,0.46188559929529827,1.194125771522522,0.7949055860439936,0.058997154235839844,0.3330199867486954,1.164627194404602,0.628395592669646,3.7631192109984966,97.29260444641113
image_1390,../data/train_data/train_data/image_1390.png,1,left,-245.83992719650269,214.76653480529785,-174.37373399734497,446.71074891090393,71.46619319915771,231.94421410560608,-210.10683059692383,330.7386418581009,-0.34144434332847595,0.44743028084437053,-0.24218574166297913,0.9306473935643832,0.09925860166549683,0.48321711272001266,-0.29181504249572754,0.6890388372043769,3.2455095720467133,174.37373399734497
image_1391,../data/train_data/train_data/image_1391.png,1,left,-167.06717133522034,227.9510726928711,-85.10244190692902,362.31125497817993,81.96472942829132,134.36018228530884,-126.08480662107468,295.1311638355255,-0.2320377379655838,0.4748980681101481,-0.11819783598184586,0.7548151145378749,0.11383990198373795,0.27991704642772675,-0.17511778697371483,0.6148565913240115,1.6392438945687835,85.10244190692902
image_1392,../data/train_data/train_data/image_1392.png,0,left,-302.27768182754517,220.4349365234375,-190.71830034255981,436.44847774505615,111.55938148498535,216.01354122161865,-246.4979910850525,328.4417071342468,-0.4198301136493683,0.4592394510904948,-0.2648865282535553,0.909267661968867,0.154943585395813,0.4500282108783722,-0.3423583209514618,0.6842535565296809,1.9363099574973142,190.71830034255981
image_1394,../data/train_data/train_data/image_1394.png,1,left,-258.7115263938904,221.07205772399902,-123.48604917526245,447.3336651325226,135.22547721862793,226.26160740852356,-191.09878778457642,334.2028614282608,-0.35932156443595886,0.460566786924998,-0.17150840163230896,0.9319451356927554,0.1878131628036499,0.4713783487677574,-0.2654149830341339,0.6962559613088767,1.6732172964914853,123.48604917526245
image_1395,../data/train_data/train_data/image_1395.png,0,right,852.141752243042,220.84972763061523,1009.3144798278809,461.0487403869629,157.17272758483887,240.19901275634766,930.7281160354614,340.94923400878906,1.1835302114486694,0.4601035992304484,1.4018256664276123,0.960518209139506,0.21829545497894287,0.5004146099090576,1.2926779389381409,0.7103109041849772,1.5282486755006066,132.141752243042
image_1397,../data/train_data/train_data/image_1397.png,0,right,836.1926078796387,220.09782218933105,877.8432369232178,391.6408386230469,41.6506290435791,171.54301643371582,857.0179224014282,305.86933040618896,1.1613786220550537,0.45853712956110637,1.2192267179489136,0.8159184137980143,0.05784809589385986,0.35738128423690796,1.1903026700019836,0.6372277716795604,4.118617662514296,116.19260787963867
image_1398,../data/train_data/train_data/image_1398.png,1,right,815.3493118286133,226.14184761047363,911.0365390777588,379.8649969100952,95.68722724914551,153.72314929962158,863.192925453186,303.0034222602844,1.132429599761963,0.47112884918848674,1.2653285264968872,0.791385410229365,0.13289892673492432,0.3202565610408783,1.198879063129425,0.6312571297089259,1.606516916822818,95.34931182861328
image_1399,../data/train_data/train_data/image_1399.png,1,left,-322.4147415161133,223.44290161132812,-196.24995946884155,434.0813567638397,126.16478204727173,210.6384551525116,-259.3323504924774,328.7621291875839,-0.4477982521057129,0.46550604502360027,-0.2725693881511688,0.9043361599246661,0.17522886395454407,0.4388301149010658,-0.36018382012844086,0.6849211024741332,1.6695503430869405,196.24995946884155
image_14,../data/train_data/train_data/image_14.png,1,right,818.8780689239502,225.51774406433105,917.5978660583496,383.8893475532532,98.71979713439941,158.37160348892212,868.2379674911499,304.7035458087921,1.1373306512832642,0.46982863346735637,1.2744414806365967,0.7997694740692775,0.13711082935333252,0.3299408406019211,1.2058860659599304,0.6347990537683169,1.6042537372044166,98.8780689239502
image_140,../data/train_data/train_data/image_140.png,1,right,820.6197452545166,222.49799156188965,854.2416858673096,371.791748046875,33.62194061279297,149.29375648498535,837.4307155609131,297.1448698043823,1.1397496461868286,0.46353748242060344,1.1864467859268188,0.7745661417643229,0.046697139739990234,0.3110286593437195,1.1630982160568237,0.6190518120924632,4.44036702712454,100.6197452545166
image_1404,../data/train_data/train_data/image_1404.png,0,right,856.8150615692139,224.92267990112305,979.1075706481934,412.58312606811523,122.29250907897949,187.6604461669922,917.9613161087036,318.75290298461914,1.1900209188461304,0.468588916460673,1.3598716259002686,0.8595481793085734,0.16985070705413818,0.3909592628479004,1.2749462723731995,0.6640685478846232,1.534521186786645,136.81506156921387
image_1405,../data/train_data/train_data/image_1405.png,0,right,874.2434120178223,221.13391304016113,958.2810974121094,411.96277046203613,84.03768539428711,190.828857421875,916.2622547149658,316.54834175109863,1.2142269611358643,0.46069565216700237,1.3309459686279297,0.8582557717959086,0.11671900749206543,0.39756011962890625,1.272586464881897,0.6594757119814555,2.2707533712589325,154.24341201782227
image_1407,../data/train_data/train_data/image_1407.png,1,left,-180.7423710823059,228.09257888793945,-100.23638248443604,362.51168394088745,80.50598859786987,134.419105052948,-140.48937678337097,295.30213141441345,-0.2510310709476471,0.4751928726832072,-0.13921719789505005,0.7552326748768489,0.11181387305259705,0.28003980219364166,-0.19512413442134857,0.615212773780028,1.6696783356624059,100.23638248443604
image_1408,../data/train_data/train_data/image_1408.png,1,right,795.7091045379639,227.58323097229004,857.3168277740479,354.5887746810913,61.607723236083984,127.00554370880127,826.5129661560059,291.0860028266907,1.1051515340805054,0.4741317311922709,1.1907178163528442,0.7387266139189402,0.08556628227233887,0.2645948827266693,1.1479346752166748,0.6064291725556056,2.0615198393569822,75.70910453796387
image_141,../data/train_data/train_data/image_141.png,1,left,-222.05999851226807,225.23132705688477,-108.86687278747559,407.44331979751587,113.19312572479248,182.2119927406311,-165.46343564987183,316.3373234272003,-0.3084166646003723,0.46923193136850994,-0.15120398998260498,0.8488402495781581,0.15721267461776733,0.37960831820964813,-0.22981032729148865,0.659036090473334,1.6097443336236235,108.86687278747559
image_1410,../data/train_data/train_data/image_1410.png,0,left,-187.87912845611572,221.52055168151855,-146.29718542099,381.78258323669434,41.58194303512573,160.26203155517578,-167.08815693855286,301.65156745910645,-0.2609432339668274,0.461501149336497,-0.20319053530693054,0.7953803817431132,0.05775269865989685,0.3338792324066162,-0.23206688463687897,0.6284407655398051,3.8541256097579857,146.29718542099
image_1411,../data/train_data/train_data/image_1411.png,1,left,-250.34550189971924,223.5872688293457,-124.31853175163269,421.6387429237366,126.02697014808655,198.05147409439087,-187.33201682567596,322.61300587654114,-0.3477020859718323,0.4658068100611369,-0.17266462743282318,0.8784140477577845,0.1750374585390091,0.41260723769664764,-0.26018335670232773,0.6721104289094607,1.5715007181532077,124.31853175163269
image_1412,../data/train_data/train_data/image_1412.png,0,left,-282.6341485977173,221.69281387329102,-142.2451400756836,450.05411171913147,140.3890085220337,228.36129784584045,-212.43964433670044,335.87346279621124,-0.3925474286079407,0.4618600289026896,-0.19756269454956055,0.9376127327481906,0.19498473405838013,0.47575270384550095,-0.2950550615787506,0.6997363808254401,1.626632314380935,142.2451400756836
image_1415,../data/train_data/train_data/image_1415.png,0,right,854.3669986724854,221.55070686340332,944.597282409668,409.4150366783142,90.23028373718262,187.8643298149109,899.4821405410767,315.48287177085876,1.186620831489563,0.46156397263209026,1.3119406700134277,0.8529479930798213,0.12531983852386475,0.391384020447731,1.2492807507514954,0.6572559828559558,2.082054073575906,134.36699867248535
image_1416,../data/train_data/train_data/image_1416.png,0,left,-173.18885207176208,222.60007286071777,-130.03493070602417,373.96392250061035,43.153921365737915,151.36384963989258,-151.61189138889313,298.28199768066406,-0.24054007232189178,0.46375015179316204,-0.18060407042503357,0.7790915052096049,0.059936001896858215,0.31534135341644287,-0.21057207137346268,0.6214208285013835,3.5075340745295054,130.03493070602417
image_142,../data/train_data/train_data/image_142.png,1,right,862.538423538208,221.31412887573242,949.4304084777832,411.66382932662964,86.8919849395752,190.34970045089722,905.9844160079956,316.48897910118103,1.1979700326919556,0.46107110182444255,1.3186533451080322,0.8576329777638118,0.12068331241607666,0.3965618759393692,1.258311688899994,0.6593520397941272,2.1906473949613035,142.538423538208
image_1420,../data/train_data/train_data/image_1420.png,1,left,-270.9757876396179,218.8236083984375,-150.4894459247589,447.9610946178436,120.48634171485901,229.13748621940613,-210.73261678218842,333.39235150814056,-0.37635526061058044,0.4558825174967448,-0.20901311933994293,0.9332522804538409,0.1673421412706375,0.4773697629570961,-0.2926841899752617,0.6945673989752928,1.9017714618780537,150.4894459247589
image_1421,../data/train_data/train_data/image_1421.png,0,left,-265.04143238067627,225.53719902038574,-143.53448867797852,413.3513035774231,121.50694370269775,187.81410455703735,-204.2879605293274,319.4442512989044,-0.36811310052871704,0.46986916462580364,-0.19935345649719238,0.8611485491196315,0.16875964403152466,0.3912793844938278,-0.2837332785129547,0.6655088568727175,1.5457067623771317,143.53448867797852
image_1422,../data/train_data/train_data/image_1422.png,0,right,841.6989040374756,225.59396171569824,949.9235916137695,397.4790563583374,108.22468757629395,171.88509464263916,895.8112478256226,311.5365090370178,1.169026255607605,0.469987420241038,1.319338321685791,0.8280813674132029,0.15031206607818604,0.3580939471721649,1.244182288646698,0.6490343938271205,1.5882244476008975,121.69890403747559
image_1423,../data/train_data/train_data/image_1423.png,0,left,-160.68343877792358,226.11798667907715,-124.06400084495544,346.4690341949463,36.61943793296814,120.35104751586914,-142.3737198114395,286.2935104370117,-0.2231714427471161,0.47107913891474407,-0.17231111228466034,0.7218104879061381,0.05086033046245575,0.25073134899139404,-0.19774127751588821,0.5964448134104411,3.2865345376455988,124.06400084495544
image_1424,../data/train_data/train_data/image_1424.png,1,right,808.7224102020264,224.83782196044922,891.7392253875732,376.8991746902466,83.01681518554688,152.06135272979736,850.2308177947998,300.8684983253479,1.1232255697250366,0.4684121290842692,1.238526701927185,0.7852066139380137,0.11530113220214844,0.3167944848537445,1.1808761358261108,0.6268093715111415,1.8316934031970797,88.72241020202637
image_1425,../data/train_data/train_data/image_1425.png,1,left,-219.72267866134644,226.81003952026367,-121.6948914527893,380.75870180130005,98.02778720855713,153.94866228103638,-170.70878505706787,303.78437066078186,-0.3051703870296478,0.472520915667216,-0.16902068257331848,0.7932472954193751,0.13614970445632935,0.3207263797521591,-0.23709553480148315,0.6328841055432955,1.5704594244640642,121.6948914527893
image_1426,../data/train_data/train_data/image_1426.png,1,right,803.6535930633545,227.03016662597656,867.646894454956,352.759822845459,63.99330139160156,125.72965621948242,835.6502437591553,289.8949947357178,1.1161855459213257,0.47297951380411785,1.205065131187439,0.7349162975947062,0.08887958526611328,0.2619367837905884,1.1606253385543823,0.603947905699412,1.964731518539581,83.65359306335449
image_1427,../data/train_data/train_data/image_1427.png,0,right,795.2297401428223,229.0990867614746,868.8408851623535,353.2960786819458,73.61114501953125,124.19699192047119,832.0353126525879,291.1975827217102,1.1044857501983643,0.47728976408640544,1.2067234516143799,0.7360334972540538,0.10223770141601562,0.2587437331676483,1.155604600906372,0.6066616306702296,1.6872036413442284,75.22974014282227
image_1428,../data/train_data/train_data/image_1428.png,0,left,-232.1092700958252,227.38404655456543,-137.89503693580627,376.0400595664978,94.21423316001892,148.65601301193237,-185.00215351581573,301.7120530605316,-0.32237398624420166,0.47371676365534465,-0.19152088463306427,0.7834167907635371,0.1308531016111374,0.30970002710819244,-0.25694743543863297,0.6285667772094409,1.577850904538451,137.89503693580627
image_1429,../data/train_data/train_data/image_1429.png,0,left,-294.04958724975586,222.6859893798828,-154.27438616752625,441.0289146900177,139.77520108222961,218.3429253101349,-224.16198670864105,331.85745203495026,-0.4084022045135498,0.46392914454142253,-0.2142699807882309,0.9188102389375369,0.1941322237253189,0.45488109439611435,-0.31133609265089035,0.6913696917394797,1.5621005988156937,154.27438616752625
image_143,../data/train_data/train_data/image_143.png,0,left,-185.91901302337646,221.37566947937012,-149.6983766555786,383.99929666519165,36.22063636779785,162.62362718582153,-167.80869483947754,302.6874830722809,-0.2582208514213562,0.4611993114153544,-0.20791441202163696,0.7999985347191493,0.05030643939971924,0.33879922330379486,-0.23306763172149658,0.6305989230672518,4.48980590883276,149.6983766555786
image_1430,../data/train_data/train_data/image_1430.png,1,left,-259.35341119766235,225.39512062072754,-156.0115671157837,396.95782804489136,103.34184408187866,171.56270742416382,-207.68248915672302,311.17647433280945,-0.3602130711078644,0.46957316795984905,-0.21668273210525513,0.8269954750935237,0.14353033900260925,0.3574223071336746,-0.28844790160655975,0.6482843215266864,1.660147532186799,156.0115671157837
image_1432,../data/train_data/train_data/image_1432.png,0,left,-210.68517923355103,220.78950309753418,-172.36907243728638,385.12492322921753,38.31610679626465,164.33542013168335,-191.5271258354187,302.95721316337585,-0.2926183044910431,0.4599781314531962,-0.23940148949623108,0.8023435900608699,0.05321681499481201,0.34236545860767365,-0.2660098969936371,0.631160860757033,4.288938357059388,172.36907243728638
image_1433,../data/train_data/train_data/image_1433.png,1,right,835.5153179168701,224.50053596496582,907.9876613616943,382.0706596374512,72.47234344482422,157.57012367248535,871.7514896392822,303.2855978012085,1.1604379415512085,0.46770944992701213,1.2610939741134644,0.7959805409113566,0.10065603256225586,0.3282710909843445,1.2107659578323364,0.6318449954191844,2.174210411623423,115.51531791687012
image_1434,../data/train_data/train_data/image_1434.png,1,right,799.8094940185547,221.86230087280273,920.9129905700684,421.215815782547,121.10349655151367,199.35351490974426,860.3612422943115,321.53905832767487,1.1108465194702148,0.46221312681833904,1.279045820236206,0.8775329495469729,0.1681993007659912,0.4153198227286339,1.1949461698532104,0.669873038182656,1.6461416935632858,79.80949401855469
image_1435,../data/train_data/train_data/image_1435.png,0,right,803.673505783081,228.51841354370117,868.8189125061035,355.7350149154663,65.14540672302246,127.21660137176514,836.2462091445923,292.12671422958374,1.1162132024765015,0.4760800282160441,1.2066929340362549,0.7411146144072215,0.09047973155975342,0.26503458619117737,1.1614530682563782,0.6085973213116328,1.952809994918746,83.67350578308105
image_1436,../data/train_data/train_data/image_1436.png,1,left,-208.37260007858276,222.4560203552246,-93.07684779167175,413.83463048934937,115.29575228691101,191.37861013412476,-150.72472393512726,318.145325422287,-0.2894063889980316,0.46345004240671794,-0.1292733997106552,0.8621554801861445,0.1601329892873764,0.3987054377794266,-0.20933989435434341,0.6628027612964312,1.6598929825088715,93.07684779167175
image_1437,../data/train_data/train_data/image_1437.png,1,left,-305.2866053581238,223.73366737365723,-169.87335205078125,435.95929288864136,135.41325330734253,212.22562551498413,-237.57997870445251,329.8464801311493,-0.42400917410850525,0.46611180702845256,-0.23593521118164062,0.9082485268513362,0.18807396292686462,0.4421367198228836,-0.32997219264507294,0.6871801669398944,1.5672441236848755,169.87335205078125
image_1439,../data/train_data/train_data/image_1439.png,1,right,803.1244468688965,227.28262329101562,904.5071411132812,384.6743550300598,101.38269424438477,157.3917317390442,853.8157939910889,305.9784891605377,1.1154506206512451,0.4735054651896159,1.2562599182128906,0.8014049063126246,0.1408092975616455,0.32789944112300873,1.1858552694320679,0.6374551857511203,1.5524516576729421,83.12444686889648
image_144,../data/train_data/train_data/image_144.png,0,right,849.1354465484619,222.42283248901367,934.5641899108887,403.36529636383057,85.42874336242676,180.9424638748169,891.8498182296753,312.8940644264221,1.1793547868728638,0.4633809010187785,1.2980058193206787,0.840344367424647,0.11865103244781494,0.37696346640586853,1.2386803030967712,0.6518626342217128,2.1180513343989906,129.1354465484619
image_1440,../data/train_data/train_data/image_1440.png,1,left,-162.52243638038635,221.24068641662598,-125.55463314056396,382.3493733406067,36.96780323982239,161.1086869239807,-144.03853476047516,301.79502987861633,-0.22572560608386993,0.4609180967013041,-0.17438143491744995,0.7965611944595973,0.05134417116641998,0.33564309775829315,-0.20005352050065994,0.6287396455804507,4.358081162648895,125.55463314056396
image_1441,../data/train_data/train_data/image_1441.png,0,left,-208.7549114227295,216.27272033691406,-154.21557068824768,429.6843864917755,54.53934073448181,213.41166615486145,-181.4852410554886,322.9785534143448,-0.2899373769760132,0.45056816736857097,-0.21418829262256622,0.895175805191199,0.07574908435344696,0.444607637822628,-0.2520628347992897,0.672871986279885,3.9129858058576534,154.21557068824768
image_1442,../data/train_data/train_data/image_1442.png,1,right,881.3204097747803,213.77919578552246,946.7726612091064,443.9343764781952,65.45225143432617,230.15518069267273,914.0465354919434,328.8567861318588,1.2240561246871948,0.4453733245531718,1.3149620294570923,0.9248632843295733,0.09090590476989746,0.4794899597764015,1.2695090770721436,0.6851183044413726,3.516382945567687,161.32040977478027
image_1443,../data/train_data/train_data/image_1443.png,1,right,813.407392501831,225.2396240234375,908.3280658721924,392.4622311592102,94.92067337036133,167.2226071357727,860.8677291870117,308.85092759132385,1.1297324895858765,0.4692492167154948,1.2615667581558228,0.8176296482483546,0.1318342685699463,0.3483804315328598,1.1956496238708496,0.6434394324819247,1.761709027108392,93.40739250183105
image_1444,../data/train_data/train_data/image_1444.png,0,left,-222.37368822097778,226.93895721435547,-131.88772559165955,379.18282890319824,90.48596262931824,152.24387168884277,-177.13070690631866,303.06089305877686,-0.30885234475135803,0.4727894941965739,-0.1831773966550827,0.789964226881663,0.12567494809627533,0.3171747326850891,-0.24601487070322037,0.6313768605391185,1.682513698975828,131.88772559165955
image_1446,../data/train_data/train_data/image_1446.png,0,right,868.5288906097412,216.19432830810547,919.3779945373535,423.49647307395935,50.849103927612305,207.30214476585388,893.9534425735474,319.8454006910324,1.2062901258468628,0.4504048506418864,1.2769138813018799,0.882284318904082,0.07062375545501709,0.4318794682621956,1.2416020035743713,0.6663445847729842,4.076810184520946,148.5288906097412
image_1449,../data/train_data/train_data/image_1449.png,1,left,-244.17167901992798,225.73008918762207,-136.62110567092896,397.0572199821472,107.55057334899902,171.32713079452515,-190.39639234542847,311.39365458488464,-0.3391273319721222,0.4702710191408793,-0.189751535654068,0.8272025416294734,0.1493757963180542,0.35693152248859406,-0.2644394338130951,0.6487367803851763,1.5929913291914561,136.62110567092896
image_145,../data/train_data/train_data/image_145.png,0,right,829.4961833953857,217.95371437072754,948.3794975280762,456.05635368824005,118.88331413269043,238.1026393175125,888.937840461731,337.0050340294838,1.1520780324935913,0.45407023827234905,1.3171937465667725,0.9501174035171668,0.16511571407318115,0.49604716524481773,1.2346358895301819,0.7020938208947579,2.0028263937170916,109.49618339538574
image_1450,../data/train_data/train_data/image_1450.png,1,right,834.9460029602051,223.8622989654541,946.395435333252,411.71114349365234,111.44943237304688,187.84884452819824,890.6707191467285,317.7867212295532,1.1596472263336182,0.4663797895113627,1.3144381046295166,0.8577315489451091,0.15479087829589844,0.39135175943374634,1.2370426654815674,0.6620556692282359,1.6855074137966444,114.94600296020508
image_1451,../data/train_data/train_data/image_1451.png,0,left,-239.87668991088867,217.65010261535645,-196.49288177490234,410.9802522659302,43.38380813598633,193.33014965057373,-218.1847858428955,314.3151774406433,-0.3331620693206787,0.4534377137819926,-0.2729067802429199,0.8562088588873545,0.06025528907775879,0.40277114510536194,-0.3030344247817993,0.6548232863346736,4.456274309636013,196.49288177490234
image_1452,../data/train_data/train_data/image_1452.png,0,left,-215.24568557739258,224.41193008422852,-123.14202904701233,381.22424030303955,92.10365653038025,156.81231021881104,-169.19385731220245,302.81808519363403,-0.2989523410797119,0.46752485434214275,-0.17103059589862823,0.7942171672979991,0.12792174518108368,0.3266923129558563,-0.23499146848917007,0.6308710108200709,1.7025633522713264,123.14202904701233
image_1455,../data/train_data/train_data/image_1455.png,1,left,-243.50936651229858,220.9454860687256,-107.6994252204895,435.9357395172119,135.80994129180908,214.99025344848633,-175.60439586639404,328.44061279296875,-0.3382074534893036,0.46030309597651164,-0.14958253502845764,0.9081994573275248,0.18862491846084595,0.4478963613510132,-0.24389499425888062,0.6842512766520182,1.5830229466526744,107.6994252204895
image_1456,../data/train_data/train_data/image_1456.png,1,left,-222.80316352844238,216.77789115905762,-171.4484202861786,419.97867727279663,51.354743242263794,203.200786113739,-197.1257919073105,318.3782842159271,-0.30944883823394775,0.45162060658137004,-0.23812280595302582,0.8749555776516597,0.07132603228092194,0.4233349710702896,-0.2737858220934868,0.6632880921165148,3.9568065826976886,171.4484202861786
image_1457,../data/train_data/train_data/image_1457.png,1,left,-282.6956248283386,221.76843070983887,-178.5537314414978,425.4929521083832,104.14189338684082,203.7245213985443,-230.6246781349182,323.630691409111,-0.3926328122615814,0.462017563978831,-0.24799129366874695,0.8864436502257983,0.14464151859283447,0.4244260862469673,-0.3203120529651642,0.6742306071023146,1.9562206406388092,178.5537314414978
image_1458,../data/train_data/train_data/image_1458.png,0,left,-262.5897002220154,216.14228630065918,-194.72820281982422,430.06293201446533,67.86149740219116,213.92064571380615,-228.6589515209198,323.10260915756226,-0.36470791697502136,0.45029642979303997,-0.27045583724975586,0.8959644416968028,0.0942520797252655,0.4456680119037628,-0.3175818771123886,0.6731304357449214,3.152312487977887,194.72820281982422
image_146,../data/train_data/train_data/image_146.png,0,left,-243.42323541641235,216.05053329467773,-176.71704053878784,433.98716831207275,66.70619487762451,217.93663501739502,-210.0701379776001,325.01885080337524,-0.3380878269672394,0.4501052776972453,-0.24544033408164978,0.9041399339834849,0.0926474928855896,0.4540346562862396,-0.2917640805244446,0.6771226058403651,3.2671123786510305,176.71704053878784
image_1460,../data/train_data/train_data/image_1460.png,1,right,813.3233642578125,223.68677520751953,874.6938514709473,371.98086881637573,61.370487213134766,148.2940936088562,844.0086078643799,297.83382201194763,1.1296157836914062,0.4660141150156657,1.2148525714874268,0.7749601433674494,0.08523678779602051,0.30894602835178375,1.1722341775894165,0.6204871291915576,2.4163747159745164,93.3233642578125
image_1461,../data/train_data/train_data/image_1461.png,0,left,-192.73105144500732,221.56229400634766,-146.5048849582672,384.62971591949463,46.22616648674011,163.06742191314697,-169.61796820163727,303.09600496292114,-0.2676820158958435,0.4615881125132243,-0.20347900688648224,0.8013119081656138,0.06420300900936127,0.3397237956523895,-0.23558051139116287,0.631450010339419,3.527599935415855,146.5048849582672
image_1462,../data/train_data/train_data/image_1462.png,1,right,803.4984111785889,224.27371406555176,869.1352844238281,371.4405288696289,65.63687324523926,147.16681480407715,836.3168478012085,297.85712146759033,1.1159700155258179,0.46723690430323284,1.207132339477539,0.7738344351450602,0.09116232395172119,0.3065975308418274,1.1615511775016785,0.6205356697241465,2.2421362799263354,83.49841117858887
image_1463,../data/train_data/train_data/image_1463.png,1,left,-294.5195531845093,220.98196411132812,-161.83852672576904,444.988005399704,132.68102645874023,224.00604128837585,-228.17903995513916,332.98498475551605,-0.4090549349784851,0.46037909189860027,-0.22477573156356812,0.9270583445827166,0.184279203414917,0.46667925268411636,-0.3169153332710266,0.6937187182406584,1.688305006880806,161.83852672576904
image_1464,../data/train_data/train_data/image_1464.png,0,right,837.4865055084229,225.2912082672119,880.1396369934082,353.7664451599121,42.65313148498535,128.4752368927002,858.8130712509155,289.528826713562,1.1631757020950317,0.46935668389002483,1.2224161624908447,0.7370134274164836,0.05924046039581299,0.26765674352645874,1.1927959322929382,0.6031850556532542,3.0120938936904484,117.48650550842285
image_1465,../data/train_data/train_data/image_1465.png,1,right,867.4854469299316,223.4664478302002,977.1149253845215,417.9969038963318,109.62947845458984,194.5304560661316,922.3001861572266,320.731675863266,1.204840898513794,0.4655550996462504,1.3571040630340576,0.8708268831173579,0.15226316452026367,0.4052717834711075,1.2809724807739258,0.6681909913818042,1.774435660995222,147.48544692993164
image_1467,../data/train_data/train_data/image_1467.png,0,left,-228.91074657440186,222.17581176757812,-156.4045214653015,389.76963663101196,72.50622510910034,167.59382486343384,-192.65763401985168,305.97272419929504,-0.317931592464447,0.46286627451578777,-0.217228502035141,0.8120200763146083,0.10070309042930603,0.3491538017988205,-0.267580047249794,0.637443175415198,2.3114404950920404,156.4045214653015
image_1468,../data/train_data/train_data/image_1468.png,0,right,861.7876625061035,224.0487518310547,943.9732074737549,382.3656311035156,82.18554496765137,158.31687927246094,902.8804349899292,303.20719146728516,1.1969273090362549,0.46676823298136394,1.311073899269104,0.7965950647989909,0.11414659023284912,0.32982683181762695,1.2540006041526794,0.6316816488901774,1.926334847992737,141.78766250610352
image_147,../data/train_data/train_data/image_147.png,1,left,-203.20578575134277,220.82881355285645,-146.39134168624878,388.5131325721741,56.814444065093994,167.68431901931763,-174.79856371879578,304.67097306251526,-0.2822302579879761,0.4600600282351176,-0.20332130789756775,0.8094023595253627,0.07890895009040833,0.34934233129024506,-0.2427757829427719,0.6347311938802401,2.9514381734897683,146.39134168624878
image_1470,../data/train_data/train_data/image_1470.png,0,right,808.6958026885986,226.2672462463379,857.5200748443604,356.93498516082764,48.82427215576172,130.66773891448975,833.1079387664795,291.60111570358276,1.1231886148452759,0.4713900963465373,1.1910001039505005,0.7436145524183909,0.06781148910522461,0.27222445607185364,1.1570943593978882,0.6075023243824641,2.6762864686979206,88.69580268859863
image_1471,../data/train_data/train_data/image_1471.png,0,right,853.1853675842285,219.02041816711426,928.5617065429688,410.89475774765015,75.37633895874023,191.8743395805359,890.8735370635986,314.9575879573822,1.1849796772003174,0.4562925378481547,1.2896690368652344,0.8560307453076045,0.10468935966491699,0.39973820745944977,1.2373243570327759,0.6561616415778796,2.54555132593485,133.18536758422852
image_1472,../data/train_data/train_data/image_1472.png,1,right,805.537919998169,221.44227409362793,937.856912612915,440.7239725589752,132.3189926147461,219.2816984653473,871.697416305542,331.0831233263016,1.1188026666641235,0.4613380710283915,1.3025790452957153,0.9181749428311984,0.1837763786315918,0.45683687180280685,1.2106908559799194,0.689756506929795,1.6572201324400786,85.53791999816895
image_1474,../data/train_data/train_data/image_1474.png,0,right,862.7940273284912,218.09213066101074,969.3336009979248,432.93014192581177,106.5395736694336,214.83801126480103,916.063814163208,325.51113629341125,1.1983250379562378,0.4543586055437724,1.3462966680526733,0.9019377956787745,0.14797163009643555,0.44757919013500214,1.2723108530044556,0.6781482006112735,2.016509019750644,142.7940273284912
image_1475,../data/train_data/train_data/image_1475.png,0,right,825.8269214630127,224.45616149902344,867.7087783813477,355.7382335662842,41.88185691833496,131.28207206726074,846.7678499221802,290.0971975326538,1.1469818353652954,0.4676170031229655,1.205151081085205,0.7411213199297587,0.05816924571990967,0.2735043168067932,1.1760664582252502,0.6043691615263621,3.1345809791396406,105.8269214630127
image_1476,../data/train_data/train_data/image_1476.png,0,left,-246.91961288452148,226.21179962158203,-143.68324398994446,388.22818899154663,103.23636889457703,162.0163893699646,-195.30142843723297,307.21999430656433,-0.3429439067840576,0.4712745825449626,-0.19956006109714508,0.8088087270657222,0.14338384568691254,0.3375341445207596,-0.27125198394060135,0.6400416548053424,1.5693731880032762,143.68324398994446
image_1477,../data/train_data/train_data/image_1477.png,1,left,-263.7312054634094,213.9284553527832,-158.99903297424316,456.58457720279694,104.73217248916626,242.65612185001373,-211.3651192188263,335.25651627779007,-0.366293340921402,0.445684281984965,-0.2208319902420044,0.9512178691724936,0.14546135067939758,0.5055335871875286,-0.2935626655817032,0.6984510755787293,2.3169205420150587,158.99903297424316
image_1478,../data/train_data/train_data/image_1478.png,0,left,-229.5110034942627,221.4163818359375,-173.830908536911,389.1957941055298,55.680094957351685,167.77941226959229,-201.67095601558685,305.30608797073364,-0.3187652826309204,0.4612841288248698,-0.2414318174123764,0.8108245710531871,0.077333465218544,0.34954044222831726,-0.2800985500216484,0.6360543499390284,3.0132745355068695,173.830908536911
image_1479,../data/train_data/train_data/image_1479.png,1,right,815.5786514282227,224.65823554992676,845.3767490386963,355.4304447174072,29.798097610473633,130.77220916748047,830.4777002334595,290.044340133667,1.1327481269836426,0.4680379907290141,1.174134373664856,0.7404800931612651,0.04138624668121338,0.272442102432251,1.1534412503242493,0.6042590419451396,4.388609329258515,95.57865142822266
image_148,../data/train_data/train_data/image_148.png,0,left,-233.46303462982178,216.62986183166504,-180.26139736175537,420.94544196128845,53.201637268066406,204.3155801296234,-206.86221599578857,318.78765189647675,-0.32425421476364136,0.45131221214930217,-0.2503630518913269,0.8769696707526843,0.07389116287231445,0.4256574586033821,-0.28730863332748413,0.6641409414509932,3.8404002324240722,180.26139736175537
image_1480,../data/train_data/train_data/image_1480.png,1,left,-193.14767360687256,227.2614231109619,-105.2130389213562,375.5777325630188,87.93463468551636,148.31630945205688,-149.18035626411438,301.41957783699036,-0.268260657787323,0.47346129814783733,-0.14612922072410583,0.7824536095062892,0.12213143706321716,0.30899231135845184,-0.20719493925571442,0.6279574538270632,1.6866654416941127,105.2130389213562
image_1481,../data/train_data/train_data/image_1481.png,1,right,805.9923076629639,224.13958930969238,840.8053207397461,360.0983896255493,34.81301307678223,135.95880031585693,823.398814201355,292.11898946762085,1.1194337606430054,0.4669574777285258,1.1677851676940918,0.7502049783865611,0.048351407051086426,0.2832475006580353,1.1436094641685486,0.6085812280575434,3.9054016960839184,85.99230766296387
image_1482,../data/train_data/train_data/image_1482.png,0,left,-293.9716958999634,218.27618026733398,-148.25055241584778,458.83396887779236,145.7211434841156,240.55778861045837,-221.11112415790558,338.55507457256317,-0.40829402208328247,0.4547420422236125,-0.2059035450220108,0.9559041018287341,0.20239047706127167,0.5011620596051216,-0.30709878355264664,0.7053230720261733,1.650809092344794,148.25055241584778
image_1483,../data/train_data/train_data/image_1483.png,0,left,-173.024400472641,226.03069686889648,-101.42575979232788,375.1391091346741,71.59864068031311,149.1084122657776,-137.22508013248444,300.5849030017853,-0.2403116673231125,0.47089728514353435,-0.1408691108226776,0.7815398106972377,0.09944255650043488,0.3106425255537033,-0.19059038907289505,0.626218547920386,2.0825592615863266,101.42575979232788
image_1485,../data/train_data/train_data/image_1485.png,0,right,898.624906539917,217.1825828552246,947.6454734802246,418.0151643753052,49.02056694030762,200.83258152008057,923.1351900100708,317.5988736152649,1.248090147972107,0.45246371428171794,1.3161742687225342,0.8708649257818858,0.06808412075042725,0.41840121150016785,1.2821322083473206,0.6616643200318019,4.096904504687482,178.624906539917
image_1486,../data/train_data/train_data/image_1486.png,1,right,829.6753120422363,215.97872161865234,911.8927001953125,431.62157797813416,82.21738815307617,215.6428563594818,870.7840061187744,323.80014979839325,1.1523268222808838,0.44995567003885906,1.2665176391601562,0.8992116207877795,0.11419081687927246,0.44925595074892044,1.20942223072052,0.6745836454133193,2.622837591945731,109.67531204223633
image_1487,../data/train_data/train_data/image_1487.png,0,right,858.3913421630859,215.6928768157959,925.3122425079346,432.26170325279236,66.92090034484863,216.56882643699646,891.8517923355103,323.9772900342941,1.1922101974487305,0.44936016003290813,1.2851558923721313,0.9005452151099841,0.09294569492340088,0.45118505507707596,1.238683044910431,0.6749526875714461,3.23619116480801,138.39134216308594
image_1488,../data/train_data/train_data/image_1488.png,1,right,839.5365715026855,226.57646560668945,917.0080375671387,373.6097135543823,77.47146606445312,147.03324794769287,878.2723045349121,300.0930895805359,1.1660230159759521,0.4720343033472697,1.2736222743988037,0.7783535699049632,0.10759925842285156,0.3063192665576935,1.219822645187378,0.6251939366261164,1.8979019685178948,119.53657150268555
image_1489,../data/train_data/train_data/image_1489.png,1,left,-238.41402769088745,226.70380973815918,-127.47125387191772,398.1887617111206,110.94277381896973,171.48495197296143,-182.9426407814026,312.4462857246399,-0.33113059401512146,0.47229960362116497,-0.17704340815544128,0.8295599202315013,0.15408718585968018,0.3572603166103363,-0.25408700108528137,0.6509297619263331,1.5457063679765306,127.47125387191772
image_149,../data/train_data/train_data/image_149.png,0,left,-225.7827115058899,226.34915733337402,-118.18298935890198,391.5756502151489,107.59972214698792,165.2264928817749,-171.98285043239594,308.9624037742615,-0.31358709931373596,0.4715607444445292,-0.16414304077625275,0.8157826046148936,0.14944405853748322,0.3442218601703644,-0.23886507004499435,0.6436716745297114,1.535566166760777,118.18298935890198
image_1490,../data/train_data/train_data/image_1490.png,1,right,787.4148559570312,229.99164009094238,867.3227977752686,352.0833339691162,79.9079418182373,122.09169387817383,827.3688268661499,291.0374870300293,1.0936317443847656,0.4791492501894633,1.2046149969100952,0.7335069457689921,0.11098325252532959,0.2543576955795288,1.1491233706474304,0.6063280979792277,1.5279043747102115,67.41485595703125
image_1491,../data/train_data/train_data/image_1491.png,1,left,-234.84299898147583,221.9305076599121,-156.268812417984,405.18693828582764,78.57418656349182,183.25643062591553,-195.55590569972992,313.5587229728699,-0.32617083191871643,0.46235522429148357,-0.2170400172472,0.8441394547621409,0.10913081467151642,0.38178423047065735,-0.2716054245829582,0.6532473395268122,2.332272704825716,156.268812417984
image_1492,../data/train_data/train_data/image_1492.png,0,left,-182.3101544380188,227.6749267578125,-95.00156879425049,363.421181678772,87.30858564376831,135.74625492095947,-138.65586161613464,295.54805421829224,-0.25320854783058167,0.47432276407877605,-0.1319466233253479,0.757127461830775,0.12126192450523376,0.2828046977519989,-0.19257758557796478,0.6157251129547755,1.5547870111517312,95.00156879425049
image_1493,../data/train_data/train_data/image_1493.png,1,left,-217.9503607749939,220.89458847045898,-169.73485350608826,386.00610399246216,48.21550726890564,165.11151552200317,-193.84260714054108,303.45034623146057,-0.30270883440971375,0.4601970593134562,-0.23574285209178925,0.8041793833176295,0.0669659823179245,0.3439823240041733,-0.2692258432507515,0.6321882213155429,3.4244483751078194,169.73485350608826
image_1494,../data/train_data/train_data/image_1494.png,0,right,898.617353439331,218.09459114074707,1026.047601699829,439.444712638855,127.43024826049805,221.3501214981079,962.3324775695801,328.769651889801,1.2480796575546265,0.45436373154322307,1.4250661134719849,0.9155098179976146,0.1769864559173584,0.4611460864543915,1.3365728855133057,0.6849367747704188,1.7370296654026371,178.61735343933105
image_1495,../data/train_data/train_data/image_1495.png,1,left,-186.35333776474,229.23326873779297,-102.97084093093872,359.0579857826233,83.38249683380127,129.82471704483032,-144.66208934783936,294.14562726020813,-0.25882408022880554,0.477569309870402,-0.143015056848526,0.7480374703804652,0.11580902338027954,0.27046816051006317,-0.20091956853866577,0.6128033901254336,1.5569780466468652,102.97084093093872
image_1497,../data/train_data/train_data/image_1497.png,1,left,-203.96485090255737,219.79566955566406,-151.90836668014526,401.8456497192383,52.05648422241211,182.04998016357422,-177.93660879135132,310.8206596374512,-0.2832845151424408,0.45790764490763347,-0.21098384261131287,0.8371784369150798,0.07230067253112793,0.3792707920074463,-0.24713417887687683,0.6475430409113566,3.4971624166119817,151.90836668014526
image_1498,../data/train_data/train_data/image_1498.png,0,left,-158.83874416351318,225.4494800567627,-126.55673861503601,348.7358798980713,32.28200554847717,123.2863998413086,-142.6977413892746,287.092679977417,-0.2206093668937683,0.4696864167849223,-0.1757732480764389,0.7265330831209819,0.04483611881732941,0.25684666633605957,-0.1981913074851036,0.5981097499529521,3.8190440075407377,126.55673861503601
image_1499,../data/train_data/train_data/image_1499.png,1,right,839.4176959991455,219.5959415435791,915.5996417999268,408.5839595794678,76.18194580078125,188.98801803588867,877.5086688995361,314.08995056152344,1.1658579111099243,0.45749154488245647,1.271666169166565,0.8512165824572245,0.10580825805664062,0.39372503757476807,1.2187620401382446,0.6543540636698405,2.480745484371057,119.41769599914551
image_15,../data/train_data/train_data/image_15.png,1,right,836.266508102417,219.19926071166992,959.2206001281738,447.5068893432617,122.95409202575684,228.3076286315918,897.7435541152954,333.3530750274658,1.161481261253357,0.4566651264826457,1.3322508335113525,0.9323060194651286,0.1707695722579956,0.4756408929824829,1.2468660473823547,0.6944855729738871,1.8568526258057776,116.26650810241699
image_150,../data/train_data/train_data/image_150.png,1,right,832.1238040924072,220.44709587097168,965.855827331543,440.7964029312134,133.73202323913574,220.3493070602417,898.9898157119751,330.62174940109253,1.155727505683899,0.45926478306452434,1.3414664268493652,0.9183258394400279,0.1857389211654663,0.45906105637550354,1.248596966266632,0.6887953112522761,1.647692913956887,112.12380409240723
image_1500,../data/train_data/train_data/image_1500.png,1,left,-176.9186568260193,228.46036338806152,-100.83045959472656,363.40624713897705,76.08819723129272,134.94588375091553,-138.87455821037292,295.9333052635193,-0.24572035670280457,0.47595909039179485,-0.14004230499267578,0.7570963482062022,0.10567805171012878,0.28113725781440735,-0.19288133084774017,0.6165277192989985,1.773545551890359,100.83045959472656
image_1502,../data/train_data/train_data/image_1502.png,1,right,797.5165271759033,222.23423385620117,910.6310749053955,407.5230278968811,113.11454772949219,185.28879404067993,854.0738010406494,314.87863087654114,1.1076618432998657,0.4629879872004191,1.2647653818130493,0.8490063081185023,0.1571035385131836,0.3860183209180832,1.1862136125564575,0.6559971476594607,1.6380633416294856,77.51652717590332
image_1504,../data/train_data/train_data/image_1504.png,1,left,-203.48183870315552,217.25227737426758,-127.5387704372406,423.8320245742798,75.94306826591492,206.5797472000122,-165.51030457019806,320.5421509742737,-0.2826136648654938,0.4526089111963908,-0.17713718116283417,0.8829833845297496,0.1054764837026596,0.43037447333335876,-0.22987542301416397,0.6677961478630702,2.7201922692492815,127.5387704372406
image_1505,../data/train_data/train_data/image_1505.png,0,left,-230.7775855064392,217.29627990722656,-180.82354545593262,413.441876411438,49.95404005050659,196.14559650421143,-205.8005654811859,315.3690781593323,-0.3205244243144989,0.45270058314005535,-0.25114381313323975,0.8613372425238291,0.06938061118125916,0.4086366593837738,-0.2858341187238693,0.6570189128319422,3.9265211843906163,180.82354545593262
image_1506,../data/train_data/train_data/image_1506.png,0,left,-200.57719945907593,225.86026573181152,-132.31326341629028,361.72784948349,68.26393604278564,135.86758375167847,-166.4452314376831,293.79405760765076,-0.278579443693161,0.47054222027460735,-0.18376842141151428,0.7535996864239375,0.09481102228164673,0.28305746614933014,-0.23117393255233765,0.6120709533492724,1.9903274207118826,132.31326341629028
image_1508,../data/train_data/train_data/image_1508.png,0,right,835.404167175293,225.8379783630371,895.9733390808105,365.2708616256714,60.56917190551758,139.43288326263428,865.6887531280518,295.55441999435425,1.1602835655212402,0.4704957882563273,1.2444074153900146,0.7609809617201487,0.08412384986877441,0.2904851734638214,1.2023454904556274,0.615738374988238,2.3020437439715526,115.40416717529297
image_1509,../data/train_data/train_data/image_1509.png,1,left,-220.25645971298218,222.89890670776367,-110.05104660987854,405.56264781951904,110.20541310310364,182.66374111175537,-165.15375316143036,314.23077726364136,-0.30591174960136414,0.464372722307841,-0.15284867584705353,0.8449221829573313,0.1530630737543106,0.38054946064949036,-0.22938021272420883,0.6546474526325862,1.6574842919999102,110.05104660987854
image_151,../data/train_data/train_data/image_151.png,1,left,-219.24509525299072,226.2771453857422,-138.52274894714355,380.1588382720947,80.72234630584717,153.88169288635254,-178.88392210006714,303.21799182891846,-0.3045070767402649,0.47141071955362956,-0.19239270687103271,0.7919975797335307,0.11211436986923218,0.3205868601799011,-0.2484498918056488,0.6317041496435801,1.9063084750202068,138.52274894714355
image_1510,../data/train_data/train_data/image_1510.png,1,left,-296.81936502456665,216.90806770324707,-214.93942022323608,435.96932435035706,81.87994480133057,219.06125664710999,-255.87939262390137,326.43869602680206,-0.4122491180896759,0.45189180771509807,-0.29852697253227234,0.9082694257299105,0.11372214555740356,0.45637761801481247,-0.3553880453109741,0.6800806167225043,2.675395753851927,214.93942022323608
image_1511,../data/train_data/train_data/image_1511.png,1,right,842.7193450927734,221.60746955871582,916.8573188781738,388.9604606628418,74.13797378540039,167.35299110412598,879.7883319854736,305.2839651107788,1.1704435348510742,0.46168222824732463,1.2734129428863525,0.8103342930475871,0.10296940803527832,0.34865206480026245,1.2219282388687134,0.6360082606474559,2.2573181132323032,122.71934509277344
image_1513,../data/train_data/train_data/image_1513.png,0,left,-289.1563153266907,220.80804252624512,-188.0712389945984,411.01616525650024,101.08507633209229,190.20812273025513,-238.61377716064453,315.9121038913727,-0.4016059935092926,0.46001675526301067,-0.26121005415916443,0.8562836776177088,0.14039593935012817,0.3962669223546982,-0.3314080238342285,0.6581502164403598,1.8816637394165794,188.0712389945984
image_1515,../data/train_data/train_data/image_1515.png,0,left,-255.47892808914185,221.89794921875,-131.13698601722717,422.13371777534485,124.34194207191467,200.23576855659485,-193.3079570531845,322.0158334970474,-0.35483184456825256,0.4622873942057292,-0.1821347028017044,0.8794452453653018,0.17269714176654816,0.4171578511595726,-0.2684832736849785,0.6708663197855155,1.6103638500417345,131.13698601722717
image_1516,../data/train_data/train_data/image_1516.png,1,left,-266.4569091796875,220.9436264038086,-140.78645825386047,439.87305426597595,125.67045092582703,218.92942786216736,-203.621683716774,330.4083403348923,-0.37007904052734375,0.46029922167460124,-0.1955367475748062,0.9164021963874499,0.17454229295253754,0.45610297471284866,-0.282807894051075,0.6883507090310256,1.742091527875423,140.78645825386047
image_1518,../data/train_data/train_data/image_1518.png,1,left,-275.71988582611084,217.95923614501953,-177.23669171333313,443.01943922042847,98.48319411277771,225.06020307540894,-226.47828876972198,330.489337682724,-0.3829442858695984,0.4540817419687907,-0.2461620718240738,0.9229571650425593,0.1367822140455246,0.4688754230737686,-0.3145531788468361,0.688519453505675,2.285265065810944,177.23669171333313
image_1519,../data/train_data/train_data/image_1519.png,0,left,-286.1000990867615,224.82403182983398,-170.49080729484558,414.1345729827881,115.6092917919159,189.3105411529541,-228.29545319080353,319.47930240631104,-0.39736124873161316,0.4683833996454875,-0.23679278790950775,0.8627803603808085,0.1605684608221054,0.39439696073532104,-0.31707701832056046,0.665581880013148,1.6375028184905103,170.49080729484558
image_152,../data/train_data/train_data/image_152.png,0,right,828.3464813232422,228.61617469787598,912.6765060424805,360.47993564605713,84.33002471923828,131.86376094818115,870.5114936828613,294.54805517196655,1.1504812240600586,0.4762836972872416,1.267606258392334,0.7509998659292857,0.11712503433227539,0.27471616864204407,1.2090437412261963,0.6136417816082637,1.5636632550173908,108.34648132324219
image_1520,../data/train_data/train_data/image_1520.png,1,left,-255.48115968704224,220.5242862701416,-125.43771028518677,435.0478210449219,130.04344940185547,214.52353477478027,-190.4594349861145,327.78605365753174,-0.3548349440097809,0.45942559639612834,-0.1742190420627594,0.9063496271769206,0.18061590194702148,0.44692403078079224,-0.26452699303627014,0.6828876117865245,1.6496296873198708,125.43771028518677
image_1521,../data/train_data/train_data/image_1521.png,1,left,-252.82785415649414,222.64336013793945,-140.0852644443512,430.11774921417236,112.74258971214294,207.4743890762329,-196.45655930042267,326.3805546760559,-0.3511497974395752,0.4638403336207072,-0.1945628672838211,0.8960786441961924,0.1565869301557541,0.43223831057548523,-0.27285633236169815,0.6799594889084498,1.8402485662779384,140.0852644443512
image_1522,../data/train_data/train_data/image_1522.png,0,left,-306.85237169265747,223.56887245178223,-169.83773231506348,438.95463013648987,137.014639377594,215.38575768470764,-238.34505200386047,331.26175129413605,-0.4261838495731354,0.4657684842745463,-0.23588573932647705,0.9144888127843539,0.19029811024665833,0.4487203285098076,-0.3310347944498062,0.6901286485294501,1.5719908373523017,169.83773231506348
image_1523,../data/train_data/train_data/image_1523.png,1,left,-189.3714451789856,223.9677276611328,-126.4705753326416,373.606409072876,62.900869846343994,149.63868141174316,-157.9210102558136,298.7870683670044,-0.26301589608192444,0.46659943262736003,-0.1756535768508911,0.7783466855684916,0.08736231923103333,0.3117472529411316,-0.21933473646640778,0.6224730590979258,2.3789604464498617,126.4705753326416
image_1524,../data/train_data/train_data/image_1524.png,1,right,802.7909088134766,228.5512580871582,890.7507133483887,367.835289478302,87.95980453491211,139.2840313911438,846.7708110809326,298.1932737827301,1.1149873733520508,0.47614845434824626,1.2371537685394287,0.7663235197464625,0.12216639518737793,0.29017506539821625,1.1760705709457397,0.6212359870473544,1.5834963723215256,82.79090881347656
image_1526,../data/train_data/train_data/image_1526.png,1,right,851.0966777801514,214.5920696258545,928.2959747314453,449.2140939235687,77.19929695129395,234.62202429771423,889.6963262557983,331.9030817747116,1.1820787191390991,0.4470668117205302,1.2892999649047852,0.9358626956741015,0.10722124576568604,0.4887958839535713,1.2356893420219421,0.6914647536973159,3.039173069746223,131.09667778015137
image_1529,../data/train_data/train_data/image_1529.png,0,left,-165.79660892486572,227.61727714538574,-93.71962308883667,360.28929138183594,72.07698583602905,132.6720142364502,-129.7581160068512,293.95328426361084,-0.2302730679512024,0.47420266071955364,-0.13016614317893982,0.7506026903788249,0.10010692477226257,0.27640002965927124,-0.1802196055650711,0.6124026755491893,1.840698701500522,93.71962308883667
image_1530,../data/train_data/train_data/image_1530.png,0,right,847.9116725921631,216.13479042053223,948.5222339630127,452.76652777194977,100.61056137084961,236.63173735141754,898.2169532775879,334.450659096241,1.1776551008224487,0.4502808133761088,1.3173919916152954,0.9432635995248954,0.13973689079284668,0.49298278614878654,1.247523546218872,0.6967722064505021,2.351957231201555,127.91167259216309
image_1531,../data/train_data/train_data/image_1531.png,1,right,809.2912101745605,229.12446403503418,894.9286079406738,359.420606136322,85.63739776611328,130.29614210128784,852.1099090576172,294.2725350856781,1.1240155696868896,0.4773426334063212,1.2429563999176025,0.7487929294506709,0.11894083023071289,0.27145029604434967,1.183485984802246,0.613067781428496,1.521486470865723,89.29121017456055
image_1533,../data/train_data/train_data/image_1533.png,1,left,-260.53064346313477,224.5990695953369,-149.5821511745453,406.5462317466736,110.94849228858948,181.94716215133667,-205.05639731884003,315.57265067100525,-0.3618481159210205,0.4679147283236186,-0.207752987742424,0.8469713161389033,0.1540951281785965,0.37905658781528473,-0.28480055183172226,0.6574430222312609,1.6399246028334633,149.5821511745453
image_1534,../data/train_data/train_data/image_1534.png,0,right,883.1764125823975,220.31348609924316,924.245023727417,389.7979893684387,41.06861114501953,169.48450326919556,903.7107181549072,305.05573773384094,1.226633906364441,0.45898642937342327,1.283673644065857,0.8120791445175807,0.057039737701416016,0.3530927151441574,1.255153775215149,0.635532786945502,4.126862305392309,163.17641258239746
image_1535,../data/train_data/train_data/image_1535.png,0,left,-210.18856287002563,224.55249214172363,-149.35751080513,375.09022855758667,60.83105206489563,150.53773641586304,-179.77303683757782,299.82136034965515,-0.29192855954170227,0.46781769196192424,-0.20744098722934723,0.7814379761616389,0.08448757231235504,0.31362028419971466,-0.24968477338552475,0.6246278340617816,2.474685728848923,149.35751080513
image_1536,../data/train_data/train_data/image_1536.png,0,left,-203.6524486541748,221.4581813812256,-146.08914256095886,395.1460781097412,57.56330609321594,173.68789672851562,-174.87079560756683,308.3021297454834,-0.28285062313079834,0.46137121121088664,-0.20290158689022064,0.8232209960619609,0.0799490362405777,0.3618497848510742,-0.2428761050105095,0.6422961036364238,3.0173370592587525,146.08914256095886
image_1537,../data/train_data/train_data/image_1537.png,0,left,-259.0828514099121,223.7736930847168,-138.4123170375824,421.6203465461731,120.67053437232971,197.8466534614563,-198.74758422374725,322.69701981544495,-0.35983729362487793,0.46619519392649333,-0.19223932921886444,0.878375721971194,0.1675979644060135,0.4121805280447006,-0.2760383114218712,0.6722854579488436,1.639560597709787,138.4123170375824
image_1539,../data/train_data/train_data/image_1539.png,0,left,-279.9749422073364,224.34246444702148,-154.42776560783386,418.10372734069824,125.54717659950256,193.76126289367676,-217.20135390758514,321.22309589385986,-0.38885408639907837,0.4673801342646281,-0.21448300778865814,0.871049431959788,0.17437107861042023,0.4036692976951599,-0.30166854709386826,0.6692147831122081,1.543334291871638,154.42776560783386
image_1540,../data/train_data/train_data/image_1540.png,0,left,-230.82221746444702,215.54192924499512,-180.23646354675293,429.45358777046204,50.58575391769409,213.91165852546692,-205.52934050559998,322.4977585077286,-0.3205864131450653,0.44904568592707317,-0.2503284215927124,0.8946949745217959,0.0702579915523529,0.44564928859472275,-0.28545741736888885,0.6718703302244345,4.228693692566358,180.23646354675293
image_1541,../data/train_data/train_data/image_1541.png,0,right,883.0870628356934,218.75322723388672,981.8392181396484,440.1963391304016,98.75215530395508,221.4431118965149,932.4631404876709,329.47478318214417,1.2265098094940186,0.45573589007059734,1.3636655807495117,0.91707570652167,0.13715577125549316,0.4613398164510727,1.2950876951217651,0.6864057982961337,2.242412950025466,163.08706283569336
image_1542,../data/train_data/train_data/image_1542.png,1,left,-172.83551931381226,221.2504711151123,-129.35575246810913,384.1362180709839,43.479766845703125,162.88574695587158,-151.0956358909607,302.6933445930481,-0.2400493323802948,0.4609384814898173,-0.17966076731681824,0.8002837876478831,0.06038856506347656,0.3393453061580658,-0.20985504984855652,0.6306111345688502,3.746242419696156,129.35575246810913
image_1543,../data/train_data/train_data/image_1543.png,1,left,-174.8318874835968,221.99548149108887,-137.08601832389832,378.5011329650879,37.745869159698486,156.50565147399902,-155.95895290374756,300.2483072280884,-0.24282206594944,0.4624905864397685,-0.190397247672081,0.7885440270105998,0.05242481827735901,0.3260534405708313,-0.2166096568107605,0.6255173067251841,4.146298786016594,137.08601832389832
image_1544,../data/train_data/train_data/image_1544.png,1,left,-178.3184266090393,223.18789863586426,-102.63928771018982,383.8837399482727,75.67913889884949,160.69584131240845,-140.47885715961456,303.5358192920685,-0.24766448140144348,0.4649747888247172,-0.14255456626415253,0.7997577915589015,0.10510991513729095,0.33478300273418427,-0.195109523832798,0.6323662901918093,2.123383585629717,102.63928771018982
image_1546,../data/train_data/train_data/image_1546.png,0,right,877.1194267272949,215.83635711669922,998.8065719604492,454.8652991056442,121.6871452331543,239.028941988945,937.9629993438721,335.3508281111717,1.2182214260101318,0.4496590773264567,1.3872313499450684,0.9476360398034255,0.16900992393493652,0.49797696247696877,1.3027263879776,0.6986475585649411,1.9642908174972973,157.11942672729492
image_1547,../data/train_data/train_data/image_1547.png,0,right,815.6637954711914,226.1060276031494,852.7859973907471,347.57736587524414,37.122201919555664,121.47133827209473,834.2248964309692,286.8416967391968,1.132866382598877,0.47105422417322795,1.1844249963760376,0.724119512240092,0.051558613777160645,0.253065288066864,1.1586456894874573,0.59758686820666,3.272201862791567,95.6637954711914
image_1549,../data/train_data/train_data/image_1549.png,1,left,-142.66232013702393,225.5817165374756,-112.99957752227783,347.81611824035645,29.662742614746094,122.23440170288086,-127.83094882965088,286.698917388916,-0.19814211130142212,0.46996190945307414,-0.15694385766983032,0.7246169130007426,0.0411982536315918,0.25465500354766846,-0.17754298448562622,0.5972894112269084,4.120805796363384,112.99957752227783
image_155,../data/train_data/train_data/image_155.png,1,right,849.5429706573486,223.45611953735352,985.8663082122803,438.4861590862274,136.32333755493164,215.0300395488739,917.7046394348145,330.97113931179047,1.1799207925796509,0.4655335823694865,1.3692587614059448,0.9135128314296405,0.18933796882629395,0.44797924906015396,1.2745897769927979,0.6895232068995635,1.577353103332196,129.54297065734863
image_1550,../data/train_data/train_data/image_1550.png,0,right,884.231014251709,215.06817245483398,946.0227584838867,434.4404330253601,61.791744232177734,219.37226057052612,915.1268863677979,324.75430274009705,1.2280986309051514,0.4480586926142375,1.313920497894287,0.9050842354695002,0.08582186698913574,0.45702554285526276,1.2710095643997192,0.6765714640418689,3.5501872183159566,164.23101425170898
image_1551,../data/train_data/train_data/image_1551.png,1,right,813.3154678344727,228.7713851928711,880.2560234069824,355.23931407928467,66.94055557250977,126.46792888641357,846.7857456207275,292.0053496360779,1.1296048164367676,0.4766070524851481,1.2225778102874756,0.7400819043318431,0.09297299385070801,0.26347485184669495,1.1760913133621216,0.6083444784084956,1.8892572343446414,93.31546783447266
image_1552,../data/train_data/train_data/image_1552.png,1,left,-226.63855075836182,226.633056640625,-138.35734248161316,383.10786628723145,88.28120827674866,156.47480964660645,-182.4979466199875,304.8704614639282,-0.3147757649421692,0.4721522013346354,-0.19216297566890717,0.7981413880983989,0.12261278927326202,0.3259891867637634,-0.2534693703055382,0.6351467947165171,1.772458858470546,138.35734248161316
image_1553,../data/train_data/train_data/image_1553.png,1,right,835.3143882751465,220.33697509765625,899.6600246429443,397.2651877403259,64.34563636779785,176.92821264266968,867.4872064590454,308.8010814189911,1.1601588726043701,0.45903536478678386,1.2495278120040894,0.8276358077923457,0.08936893939971924,0.36860044300556183,1.2048433423042297,0.6433355862895648,2.749653630455265,115.31438827514648
image_1554,../data/train_data/train_data/image_1554.png,1,right,834.9411106109619,221.43234634399414,916.5297889709473,397.2233953475952,81.58867835998535,175.79104900360107,875.7354497909546,309.3278708457947,1.1596404314041138,0.46131738821665447,1.2729580402374268,0.82754874030749,0.11331760883331299,0.36623135209083557,1.2162992358207703,0.6444330642620723,2.154601012507842,114.94111061096191
image_1555,../data/train_data/train_data/image_1555.png,0,left,-269.2234683036804,221.1739387512207,-173.6825180053711,402.55255126953125,95.54095029830933,181.37861251831055,-221.45299315452576,311.863245010376,-0.3739214837551117,0.46077903906504314,-0.2412257194519043,0.8386511484781901,0.1326957643032074,0.377872109413147,-0.307573601603508,0.6497150937716166,1.8984384387217068,173.6825180053711
image_1556,../data/train_data/train_data/image_1556.png,1,left,-252.13020086288452,221.24200248718262,-144.8333215713501,415.5395712852478,107.29687929153442,194.29756879806519,-198.4817612171173,318.3907868862152,-0.35018083453178406,0.4609208385149638,-0.20115739107131958,0.8657074401775996,0.14902344346046448,0.4047866016626358,-0.2756691128015518,0.6633141393462817,1.8108408192389525,144.8333215713501
image_1557,../data/train_data/train_data/image_1557.png,0,left,-174.30081009864807,224.20055770874023,-111.19678974151611,366.6463556289673,63.10402035713196,142.44579792022705,-142.7487999200821,295.42345666885376,-0.24208445847034454,0.46708449522654216,-0.1544399857521057,0.7638465742270152,0.08764447271823883,0.296762079000473,-0.19826222211122513,0.6154655347267787,2.257317316932691,111.19678974151611
image_1558,../data/train_data/train_data/image_1558.png,0,right,854.9001789093018,222.32853317260742,894.1659164428711,373.5576572418213,39.265737533569336,151.22912406921387,874.5330476760864,297.94309520721436,1.1873613595962524,0.4631844441095988,1.2418971061706543,0.7782451192537944,0.054535746574401855,0.31506067514419556,1.2146292328834534,0.6207147816816966,3.8514270600399145,134.90017890930176
image_1559,../data/train_data/train_data/image_1559.png,0,left,-242.28050708770752,226.1793270111084,-149.4063377380371,386.00140476226807,92.87416934967041,159.82207775115967,-195.84342241287231,306.09036588668823,-0.33650070428848267,0.4712069312731425,-0.20750880241394043,0.8041695932547251,0.12899190187454224,0.33296266198158264,-0.27200475335121155,0.6376882622639338,1.7208452992934018,149.4063377380371
image_1560,../data/train_data/train_data/image_1560.png,0,right,822.3333549499512,228.51108932495117,893.2149982452393,356.59745597839355,70.88164329528809,128.08636665344238,857.7741765975952,292.55427265167236,1.14212965965271,0.4760647694269816,1.2405763864517212,0.7429113666216532,0.09844672679901123,0.26684659719467163,1.1913530230522156,0.6094880680243174,1.807045670764761,102.33335494995117
image_1561,../data/train_data/train_data/image_1561.png,1,right,801.2796020507812,221.21942901611328,944.884729385376,449.3488337993622,143.60512733459473,228.1294047832489,873.0821657180786,335.28413140773773,1.1128883361816406,0.460873810450236,1.3123399019241333,0.9361434037486712,0.19945156574249268,0.4752695932984352,1.212614119052887,0.6985086070994536,1.5885881584974029,81.27960205078125
image_1562,../data/train_data/train_data/image_1562.png,0,right,820.6857490539551,227.26022148132324,924.0773105621338,389.79062938690186,103.39156150817871,162.5304079055786,872.3815298080444,308.52542543411255,1.1398413181304932,0.47345879475275676,1.2834407091140747,0.8120638112227122,0.14359939098358154,0.33860501646995544,1.211641013622284,0.6427613029877345,1.571989101767476,100.68574905395508
image_1563,../data/train_data/train_data/image_1563.png,1,left,-287.92739152908325,215.5200710296631,-184.15637254714966,449.04312455654144,103.7710189819336,233.52305352687836,-236.04188203811646,332.28159779310226,-0.3998991549015045,0.44900014797846477,-0.25577273964881897,0.9355065094927947,0.14412641525268555,0.4865063615143299,-0.32783594727516174,0.6922533287356297,2.250368704267368,184.15637254714966
image_1564,../data/train_data/train_data/image_1564.png,1,left,-235.3953194618225,217.58192443847656,-182.90148496627808,414.71760654449463,52.493834495544434,197.13568210601807,-209.1484022140503,316.1497654914856,-0.3269379436969757,0.45329567591349285,-0.2540298402309418,0.8639950136343638,0.07290810346603394,0.41069933772087097,-0.29048389196395874,0.6586453447739283,3.7554064015413187,182.90148496627808
image_1565,../data/train_data/train_data/image_1565.png,1,right,809.2634868621826,228.06476974487305,891.6110801696777,358.5676565170288,82.34759330749512,130.50288677215576,850.4372835159302,293.3162131309509,1.1239770650863647,0.4751349369684855,1.2383487224578857,0.7470159510771434,0.114371657371521,0.27188101410865784,1.1811628937721252,0.6110754440228144,1.5847808239500503,89.26348686218262
image_1566,../data/train_data/train_data/image_1566.png,1,right,831.3337326049805,222.8108730316162,916.01806640625,390.27196073532104,84.68433380126953,167.46108770370483,873.6758995056152,306.5414168834686,1.154630184173584,0.4641893188158671,1.272247314453125,0.8130665848652522,0.11761713027954102,0.34887726604938507,1.2134387493133545,0.6386279518405596,1.9774742291376963,111.33373260498047
image_1568,../data/train_data/train_data/image_1568.png,1,right,807.246208190918,224.4610252380371,874.7929859161377,367.983998298645,67.54677772521973,143.5229730606079,841.0195970535278,296.22251176834106,1.1211752891540527,0.4676271359125773,1.214990258216858,0.7666333297888438,0.09381496906280518,0.2990061938762665,1.1680827736854553,0.6171302328507106,2.1247937783865773,87.24620819091797
image_1569,../data/train_data/train_data/image_1569.png,0,left,-228.3653998374939,227.12970161437988,-136.4156699180603,380.6404342651367,91.9497299194336,153.51073265075684,-182.3905348777771,303.8850679397583,-0.31717416644096375,0.47318687836329143,-0.1894662082195282,0.7930009047190348,0.12770795822143555,0.3198140263557434,-0.25332018733024597,0.6330938915411631,1.6695071620684805,136.4156699180603
image_157,../data/train_data/train_data/image_157.png,1,right,839.8907947540283,219.57920455932617,986.6532897949219,452.5486787557602,146.76249504089355,232.96947419643402,913.2720422744751,336.0639416575432,1.1665149927139282,0.45745667616526287,1.370351791381836,0.9428097474078337,0.20383679866790771,0.4853530712425709,1.268433392047882,0.7001332117865483,1.587391071073846,119.89079475402832
image_1570,../data/train_data/train_data/image_1570.png,1,left,-263.55881452560425,218.13739204406738,-153.0016565322876,456.6181262731552,110.55715799331665,238.48073422908783,-208.28023552894592,337.3777591586113,-0.36605390906333923,0.45445290009180705,-0.21250230073928833,0.9512877630690734,0.1535516083240509,0.4968348629772663,-0.2892781049013138,0.7028703315804402,2.157080903287188,153.0016565322876
image_1571,../data/train_data/train_data/image_1571.png,0,right,842.7178001403809,223.21625137329102,921.7315578460693,385.4595699310303,79.01375770568848,162.24331855773926,882.2246789932251,304.33791065216064,1.1704413890838623,0.4650338570276896,1.2801827192306519,0.8030407706896464,0.10974133014678955,0.3380069136619568,1.225312054157257,0.634037313858668,2.0533553050604856,122.71780014038086
image_1572,../data/train_data/train_data/image_1572.png,1,left,-202.5522494316101,225.45342826843262,-89.60916459560394,399.8866286277771,112.94308483600616,174.43320035934448,-146.08070701360703,312.67002844810486,-0.28132256865501404,0.4696946422259013,-0.12445717304944992,0.8330971429745356,0.15686539560556412,0.36340250074863434,-0.20288987085223198,0.6513958926002185,1.5444345318938493,89.60916459560394
image_1573,../data/train_data/train_data/image_1573.png,0,left,-285.53393840789795,217.16916465759277,-211.961932182312,429.1109230518341,73.57200622558594,211.94175839424133,-248.74793529510498,323.14004385471344,-0.3965749144554138,0.4524357597033183,-0.29439157247543335,0.8939810896913211,0.10218334197998047,0.4415453299880028,-0.3454832434654236,0.6732084246973197,2.8807391461419045,211.961932182312
image_1575,../data/train_data/train_data/image_1575.png,0,right,811.9140243530273,221.38754272460938,922.4877262115479,428.0351068973541,110.57370185852051,206.64756417274475,867.2008752822876,324.71132481098175,1.1276583671569824,0.4612240473429362,1.2812329530715942,0.8917398060361544,0.15357458591461182,0.43051575869321823,1.2044456601142883,0.6764819266895453,1.8688671962629155,91.91402435302734
image_1576,../data/train_data/train_data/image_1576.png,1,left,-225.4711675643921,215.89440727233887,-139.66827750205994,433.8060441017151,85.80289006233215,217.91163682937622,-182.569722533226,324.850225687027,-0.313154399394989,0.449780015150706,-0.19398371875286102,0.9037625918785731,0.11917068064212799,0.4539825767278671,-0.253569059073925,0.6767713035146395,2.539677121260982,139.66827750205994
image_1579,../data/train_data/train_data/image_1579.png,0,right,823.4389400482178,223.95539665222168,946.1268711090088,414.95930576324463,122.68793106079102,191.00390911102295,884.7829055786133,319.45735120773315,1.1436651945114136,0.46657374302546184,1.3140650987625122,0.8644985536734263,0.17039990425109863,0.3979248106479645,1.228865146636963,0.6655361483494441,1.556827207530151,103.43894004821777
image_158,../data/train_data/train_data/image_158.png,1,right,831.4641094207764,225.7416763305664,896.2135791778564,369.16746044158936,64.74946975708008,143.42578411102295,863.8388442993164,297.4545683860779,1.1548112630844116,0.47029515902201335,1.2447410821914673,0.7690988759199778,0.08992981910705566,0.2988037168979645,1.1997761726379395,0.6196970174709956,2.215088164414504,111.46410942077637
image_1580,../data/train_data/train_data/image_1580.png,1,left,-181.07580184936523,219.50195693969727,-119.21467423439026,399.2385640144348,61.861127614974976,179.73660707473755,-150.14523804187775,309.37026047706604,-0.2514941692352295,0.4572957436243693,-0.16557593643665314,0.8317470083634059,0.08591823279857635,0.37445126473903656,-0.20853505283594131,0.6445213759938876,2.9054854640449195,119.21467423439026
image_1581,../data/train_data/train_data/image_1581.png,1,right,795.9959506988525,226.99139976501465,903.2637119293213,392.0178713798523,107.26776123046875,165.02647161483765,849.6298313140869,309.5046355724335,1.105549931526184,0.4728987495104472,1.2545329332351685,0.8167038987080256,0.14898300170898438,0.34380514919757843,1.1800414323806763,0.6448013241092364,1.5384535830879529,75.99595069885254
image_1582,../data/train_data/train_data/image_1582.png,1,left,-209.76076126098633,219.93528747558594,-94.57302689552307,425.80269718170166,115.18773436546326,205.86740970611572,-152.1668940782547,322.8689923286438,-0.2913343906402588,0.4581985155741374,-0.13135142624378204,0.8870889524618785,0.15998296439647675,0.4288904368877411,-0.21134290844202042,0.6726437340180079,1.7872337783200722,94.57302689552307
image_1583,../data/train_data/train_data/image_1583.png,0,left,-240.47394275665283,217.45189094543457,-195.05365133285522,413.82823610305786,45.42029142379761,196.3763451576233,-217.76379704475403,315.6400635242462,-0.3339915871620178,0.4530247728029887,-0.27090784907341003,0.8621421585480372,0.06308373808860779,0.4091173857450485,-0.30244971811771393,0.657583465675513,4.323537762567799,195.05365133285522
image_1584,../data/train_data/train_data/image_1584.png,1,right,813.0451011657715,223.58589553833008,912.5071620941162,406.0387077331543,99.46206092834473,182.45281219482422,862.7761316299438,314.8123016357422,1.1292293071746826,0.46580394903818767,1.2673710584640503,0.8459139744440715,0.13814175128936768,0.3801100254058838,1.1983001828193665,0.6558589617411296,1.8343960550572984,93.04510116577148
image_1585,../data/train_data/train_data/image_1585.png,1,left,-162.47398495674133,225.0144329071045,-119.44950699806213,355.8461799621582,43.0244779586792,130.8317470550537,-140.96174597740173,290.43030643463135,-0.22565831243991852,0.4687800685564677,-0.16590209305286407,0.7413462082544963,0.05975621938705444,0.27256613969802856,-0.1957802027463913,0.605063138405482,3.040867740003837,119.44950699806213
image_1586,../data/train_data/train_data/image_1586.png,0,left,-296.9326615333557,219.16252517700195,-193.88062477111816,439.50843834877014,103.05203676223755,220.3459131717682,-245.40664315223694,329.33548176288605,-0.41240647435188293,0.4565885941187541,-0.2692786455154419,0.9156425798932711,0.14312782883644104,0.45905398577451706,-0.3408425599336624,0.6861155870060126,2.1382004674022306,193.88062477111816
image_1587,../data/train_data/train_data/image_1587.png,0,right,842.2433280944824,225.65169715881348,950.0454711914062,392.9920139312744,107.80214309692383,167.34031677246094,896.1443996429443,309.32185554504395,1.1697824001312256,0.47010770241419475,1.3195075988769531,0.8187333623568217,0.14972519874572754,0.34862565994262695,1.2446449995040894,0.6444205323855082,1.5522911879591015,122.24332809448242
image_1588,../data/train_data/train_data/image_1588.png,0,right,834.0574836730957,222.9592170715332,907.6417636871338,382.16242694854736,73.58428001403809,159.20320987701416,870.8496236801147,302.5608220100403,1.1584131717681885,0.4644983688990275,1.2606135606765747,0.7961717228094737,0.10220038890838623,0.33167335391044617,1.2095133662223816,0.6303350458542506,2.163549196195737,114.0574836730957
image_1589,../data/train_data/train_data/image_1589.png,1,left,-147.87403464317322,228.12219047546387,-77.00475633144379,348.46406841278076,70.86927831172943,120.3418779373169,-112.4393954873085,288.2931294441223,-0.2053806036710739,0.47525456349054973,-0.10695105046033859,0.7259668091932933,0.09842955321073532,0.25071224570274353,-0.15616582706570625,0.6006106863419215,1.698082452709263,77.00475633144379
image_159,../data/train_data/train_data/image_159.png,0,right,847.1197986602783,223.28319931030273,878.4780406951904,366.35827922821045,31.35824203491211,143.07507991790771,862.7989196777344,294.8207392692566,1.1765552759170532,0.46517333189646404,1.2201083898544312,0.7632464150587718,0.04355311393737793,0.29807308316230774,1.1983318328857422,0.6142098734776179,4.562598877788422,127.11979866027832
image_1590,../data/train_data/train_data/image_1590.png,0,left,-217.45962381362915,226.79956817626953,-123.08358907699585,376.9698848724365,94.3760347366333,150.170316696167,-170.2716064453125,301.884726524353,-0.30202725529670715,0.4724991003672282,-0.17094942927360535,0.7853539268175761,0.1310778260231018,0.3128548264503479,-0.23648834228515625,0.6289265135924021,1.5911912077598276,123.08358907699585
image_1592,../data/train_data/train_data/image_1592.png,0,right,849.1823101043701,222.1594467163086,931.7974376678467,393.8773145675659,82.61512756347656,171.71786785125732,890.4898738861084,308.01838064193726,1.1794198751449585,0.46283218065897624,1.2941631078720093,0.820577738682429,0.11474323272705078,0.35774555802345276,1.2367914915084839,0.6417049596707026,2.0785281450944866,129.18231010437012
image_1593,../data/train_data/train_data/image_1593.png,0,right,834.6610450744629,225.57605171203613,928.0126476287842,389.4819321632385,93.35160255432129,163.9058804512024,881.3368463516235,307.52899193763733,1.1592514514923096,0.4699501077334086,1.288906455039978,0.8114206920067469,0.12965500354766846,0.3414705842733383,1.2240789532661438,0.6406853998700778,1.7557907520208405,114.66104507446289
image_1594,../data/train_data/train_data/image_1594.png,0,left,-218.28761100769043,222.46148490905762,-157.6145839691162,390.6817378997803,60.67302703857422,168.22025299072266,-187.95109748840332,306.57161140441895,-0.30317723751068115,0.46346142689387004,-0.2189091444015503,0.8139202872912089,0.08426809310913086,0.35045886039733887,-0.2610431909561157,0.6386908570925395,2.772570633137735,157.6145839691162
image_1596,../data/train_data/train_data/image_1596.png,0,left,-226.13935947418213,225.48115158081055,-146.10687732696533,371.5064253807068,80.0324821472168,146.02527379989624,-186.12311840057373,298.49378848075867,-0.31408244371414185,0.46975239912668865,-0.20292621850967407,0.7739717195431391,0.11115622520446777,0.3042193204164505,-0.25850433111190796,0.6218620593349139,1.824575096037733,146.10687732696533
image_1597,../data/train_data/train_data/image_1597.png,1,right,807.5704765319824,227.3482837677002,875.1958751678467,359.7335662841797,67.62539863586426,132.3852825164795,841.3831758499146,293.54092502593994,1.1216256618499756,0.4736422578493754,1.2155498266220093,0.7494449297587077,0.09392416477203369,0.2758026719093323,1.1685877442359924,0.6115435938040416,1.9576266489654475,87.57047653198242
image_1599,../data/train_data/train_data/image_1599.png,0,right,873.3308601379395,218.27400588989258,941.8115615844727,419.4341423511505,68.4807014465332,201.16013646125793,907.571210861206,318.85407412052155,1.2129595279693604,0.45473751227060955,1.3080716133117676,0.8738211298982302,0.09511208534240723,0.4190836176276207,1.260515570640564,0.6642793210844199,2.9374719039394646,153.33086013793945
image_16,../data/train_data/train_data/image_16.png,0,right,821.3584899902344,223.66111183166504,859.4090366363525,365.9085478782654,38.050546646118164,142.24743604660034,840.3837633132935,294.7848298549652,1.1407756805419922,0.46596064964930217,1.193623661994934,0.7623094747463862,0.052847981452941895,0.29634882509708405,1.1671996712684631,0.6141350621978442,3.738380879768836,101.35848999023438
image_160,../data/train_data/train_data/image_160.png,0,right,828.0268478393555,220.78383827209473,895.4268550872803,405.92771434783936,67.4000072479248,185.14387607574463,861.7268514633179,313.35577630996704,1.1500372886657715,0.4599663297335307,1.2436484098434448,0.8456827382246653,0.09361112117767334,0.38571640849113464,1.1968428492546082,0.652824533979098,2.746941486144203,108.02684783935547
image_1600,../data/train_data/train_data/image_1600.png,0,left,-190.49692153930664,223.81314659118652,-148.92784237861633,361.98269510269165,41.56907916069031,138.16954851150513,-169.7123819589615,292.8979208469391,-0.26457905769348145,0.4662773887316386,-0.20684422552585602,0.7541306147972743,0.05773483216762543,0.2878532260656357,-0.23571164160966873,0.6102040017644564,3.323853963119895,148.92784237861633
image_1601,../data/train_data/train_data/image_1601.png,0,left,-174.47255730628967,227.06644439697266,-104.66346502304077,354.55710315704346,69.8090922832489,127.4906587600708,-139.56801116466522,290.81177377700806,-0.24232299625873566,0.47305509249369304,-0.14536592364311218,0.7386606315771739,0.09695707261562347,0.26560553908348083,-0.19384445995092392,0.6058578620354335,1.8262758415878002,104.66346502304077
image_1602,../data/train_data/train_data/image_1602.png,0,right,853.5892868041992,216.9541301727295,897.2034645080566,416.6256799697876,43.61417770385742,199.6715497970581,875.3963756561279,316.78990507125854,1.1855406761169434,0.45198777119318645,1.2461159229278564,0.8679701666037242,0.060575246810913086,0.4159823954105377,1.2158282995224,0.6599789688984553,4.578133999288912,133.58928680419922
image_1605,../data/train_data/train_data/image_1605.png,1,left,-278.10258865356445,215.33790969848633,-201.65791511535645,440.50960326194763,76.44467353820801,225.1716935634613,-239.88025188446045,327.923756480217,-0.38625359535217285,0.44862064520517986,-0.2800804376602173,0.9177283401290576,0.10617315769195557,0.4691076949238777,-0.33316701650619507,0.6831744926671187,2.9455511174485904,201.65791511535645
image_1606,../data/train_data/train_data/image_1606.png,0,right,855.5402183532715,223.07943725585938,914.4466781616211,371.0900821685791,58.90645980834961,148.01064491271973,884.9934482574463,297.08475971221924,1.1882503032684326,0.4647488276163737,1.2700648307800293,0.7731043378512065,0.08181452751159668,0.30835551023483276,1.229157567024231,0.6189265827337901,2.5126386035465025,135.54021835327148
image_1607,../data/train_data/train_data/image_1607.png,0,left,-271.6335940361023,224.67723274230957,-157.61427283287048,416.8360152244568,114.01932120323181,192.15878248214722,-214.6239334344864,320.7566239833832,-0.37726888060569763,0.46807756821314495,-0.21890871226787567,0.8684083650509516,0.15836016833782196,0.4003307968378067,-0.29808879643678665,0.6682429666320483,1.6853177203154635,157.61427283287048
image_1608,../data/train_data/train_data/image_1608.png,1,right,829.6466445922852,226.99220085144043,936.2883567810059,390.6482639312744,106.6417121887207,163.65606307983398,882.9675006866455,308.8202323913574,1.1522870063781738,0.4729004184405009,1.3004004955291748,0.8138505498568217,0.14811348915100098,0.3409501314163208,1.2263437509536743,0.6433754841486613,1.5346346164267943,109.64664459228516
image_1609,../data/train_data/train_data/image_1609.png,0,right,873.151216506958,220.87527656555176,926.718578338623,392.4822726249695,53.56736183166504,171.60699605941772,899.9348974227905,306.6787745952606,1.2127100229263306,0.46015682617823284,1.287109136581421,0.8176714013020198,0.07439911365509033,0.3575145751237869,1.2499095797538757,0.6389141137401263,3.203573784325821,153.151216506958
image_1612,../data/train_data/train_data/image_1612.png,0,right,828.779411315918,225.95247650146484,885.6623268127441,361.7698850631714,56.88291549682617,135.81740856170654,857.220869064331,293.8611807823181,1.1510825157165527,0.47073432604471843,1.2300865650177002,0.7536872605482737,0.07900404930114746,0.2829529345035553,1.1905845403671265,0.6122107932964961,2.38766609227835,108.77941131591797
image_1614,../data/train_data/train_data/image_1614.png,1,right,817.4430656433105,223.03294563293457,871.0990047454834,378.6684241294861,53.65593910217285,155.6354784965515,844.271035194397,300.8506848812103,1.1353375911712646,0.4646519700686137,1.2098597288131714,0.7888925502697627,0.07452213764190674,0.324240580201149,1.172598659992218,0.6267722601691882,2.900619784143316,97.44306564331055
image_1616,../data/train_data/train_data/image_1616.png,1,left,-218.75609636306763,216.29915618896484,-128.36289525032043,438.14347290992737,90.39320111274719,221.84431672096252,-173.55949580669403,327.2213145494461,-0.3038279116153717,0.45062324206034343,-0.17828179895877838,0.912798901895682,0.12554611265659332,0.4621756598353386,-0.24105485528707504,0.6817110719780127,2.4542146310789095,128.36289525032043
image_1618,../data/train_data/train_data/image_1618.png,1,right,805.9023571014404,226.6506805419922,901.0287666320801,377.97057056427,95.12640953063965,151.31989002227783,853.4655618667603,302.3106255531311,1.1193088293075562,0.47218891779581706,1.2514288425445557,0.7874386886755625,0.1321200132369995,0.3152497708797455,1.185368835926056,0.6298138032356898,1.590724287491778,85.90235710144043
image_1619,../data/train_data/train_data/image_1619.png,1,right,881.7669010162354,217.96432876586914,947.3954486846924,419.89749217033386,65.62854766845703,201.93316340446472,914.5811748504639,318.9309104681015,1.224676251411438,0.4540923515955607,1.3158270120620728,0.8747864420215289,0.09115076065063477,0.42069409042596817,1.2702516317367554,0.6644393968085448,3.0769104388016135,161.76690101623535
image_1620,../data/train_data/train_data/image_1620.png,0,left,-163.6078941822052,228.49212074279785,-100.4261326789856,350.1800813674927,63.181761503219604,121.68796062469482,-132.0170134305954,289.33610105514526,-0.2272331863641739,0.47602525154749553,-0.13948073983192444,0.7295418361822764,0.08775244653224945,0.2535165846347809,-0.18335696309804916,0.602783543864886,1.925998226853708,100.4261326789856
image_1621,../data/train_data/train_data/image_1621.png,1,left,-237.56125688552856,222.38306427001953,-152.5057590007782,394.32012939453125,85.05549788475037,171.93706512451172,-195.03350794315338,308.3515968322754,-0.3299461901187897,0.4632980505625407,-0.2118135541677475,0.8215002695719401,0.11813263595104218,0.3582022190093994,-0.2708798721432686,0.6423991600672404,2.021469151323825,152.5057590007782
image_1622,../data/train_data/train_data/image_1622.png,0,left,-197.07316160202026,227.0021858215332,-122.64512300491333,358.6143627166748,74.42803859710693,131.6121768951416,-159.8591423034668,292.808274269104,-0.27371272444725037,0.4729212204615275,-0.17034044861793518,0.7471132556597392,0.10337227582931519,0.27419203519821167,-0.22202658653259277,0.6100172380606333,1.7683144601940035,122.64512300491333
image_1626,../data/train_data/train_data/image_1626.png,1,right,800.916109085083,227.91201972961426,892.2537803649902,370.073739528656,91.33767127990723,142.16171979904175,846.5849447250366,298.99287962913513,1.112383484840393,0.4748167077700297,1.239241361618042,0.7709869573513667,0.12685787677764893,0.296170249581337,1.1758124232292175,0.6229018325606982,1.5564412559127174,80.91610908508301
image_1628,../data/train_data/train_data/image_1628.png,0,right,835.5223560333252,224.09149551391602,865.9135437011719,358.9772834777832,30.39118766784668,134.8857879638672,850.7179498672485,291.5343894958496,1.1604477167129517,0.4668572823206584,1.202657699584961,0.747869340578715,0.04220998287200928,0.28101205825805664,1.1815527081489563,0.6073633114496867,4.438319075847565,115.5223560333252
image_1629,../data/train_data/train_data/image_1629.png,0,left,-155.85784435272217,225.5640926361084,-127.1627676486969,350.72826766967773,28.69507670402527,125.16417503356934,-141.51030600070953,288.14618015289307,-0.21646922826766968,0.4699251929918925,-0.17661495506763458,0.7306838909784953,0.039854273200035095,0.2607586979866028,-0.19654209166765213,0.6003045419851939,4.361869331264469,127.1627676486969
image_163,../data/train_data/train_data/image_163.png,1,left,-157.13592767715454,221.21782684326172,-119.70275044441223,382.03114891052246,37.43317723274231,160.81332206726074,-138.4193390607834,301.6244878768921,-0.21824434399604797,0.4608704725901286,-0.16625382006168365,0.7958982268969218,0.05199052393436432,0.3350277543067932,-0.19224908202886581,0.6283843497435252,4.296010490036615,119.70275044441223
image_1630,../data/train_data/train_data/image_1630.png,0,left,-168.67446899414062,226.40288734436035,-110.25876760482788,354.6849479675293,58.415701389312744,128.28206062316895,-139.46661829948425,290.5439176559448,-0.2342700958251953,0.4716726819674174,-0.1531371772289276,0.7389269749323527,0.0811329185962677,0.2672542929649353,-0.19370363652706146,0.6052998284498851,2.196020206420707,110.25876760482788
image_1632,../data/train_data/train_data/image_1632.png,1,left,-288.51367950439453,222.97008895874023,-159.6044933795929,438.8248505592346,128.90918612480164,215.85476160049438,-224.0590864419937,330.8974697589874,-0.4007134437561035,0.46452101866404216,-0.2216729074716568,0.9142184386650721,0.17904053628444672,0.44969742000102997,-0.31119317561388016,0.6893697286645571,1.6744715259587288,159.6044933795929
image_1633,../data/train_data/train_data/image_1633.png,1,left,-160.3579580783844,228.34884071350098,-92.53983736038208,353.8665237426758,67.81812071800232,125.5176830291748,-126.44889771938324,291.1076822280884,-0.22271938621997833,0.4757267514864604,-0.12852755188941956,0.7372219244639079,0.09419183433055878,0.2614951729774475,-0.17562346905469894,0.6064743379751841,1.8507986022068603,92.53983736038208
image_1634,../data/train_data/train_data/image_1634.png,0,right,865.8501148223877,222.74486923217773,1001.107349395752,434.6050705909729,135.25723457336426,211.86020135879517,933.4787321090698,328.6749699115753,1.202569603919983,0.4640518109003703,1.3904268741607666,0.9054272303978602,0.1878572702407837,0.44137541949748993,1.2964982390403748,0.6847395206491153,1.5663502364739021,145.8501148223877
image_1635,../data/train_data/train_data/image_1635.png,1,left,-208.67594718933105,226.6473903656006,-115.80154180526733,374.3491234779358,92.87440538406372,147.7017331123352,-162.2387444972992,300.4982569217682,-0.28982770442962646,0.4721820632616679,-0.16083547472953796,0.7798940072456996,0.1289922297000885,0.3077119439840317,-0.22533158957958221,0.6260380352536837,1.5903383984160535,115.80154180526733
image_1636,../data/train_data/train_data/image_1636.png,1,right,853.3347129821777,221.04567909240723,1005.3957939147949,455.6659063100815,152.0610809326172,234.62022721767426,929.3652534484863,338.35579270124435,1.1851871013641357,0.46051183144251506,1.3963830471038818,0.9493039714793364,0.2111959457397461,0.48879214003682137,1.2907850742340088,0.7049079014609257,1.5429341010777209,133.33471298217773
image_1637,../data/train_data/train_data/image_1637.png,1,left,-252.48358726501465,217.1742000579834,-156.55452132225037,445.1601424217224,95.92906594276428,227.985942363739,-204.5190542936325,331.1671712398529,-0.350671648979187,0.45244625012079875,-0.21743683516979218,0.9274169633785884,0.13323481380939484,0.4749707132577896,-0.2840542420744896,0.6899316067496936,2.3766096346624073,156.55452132225037
image_1638,../data/train_data/train_data/image_1638.png,0,right,850.138635635376,218.27818298339844,901.3406753540039,410.5649175643921,51.20203971862793,192.28673458099365,875.7396554946899,314.42155027389526,1.1807481050491333,0.45474621454874675,1.2518620491027832,0.8553435782591502,0.0711139440536499,0.40059736371040344,1.2163050770759583,0.6550448964039485,3.755450674185493,130.13863563537598
image_1639,../data/train_data/train_data/image_1639.png,1,right,788.2966804504395,220.53261184692383,940.6379127502441,454.42805433273315,152.3412322998047,233.89544248580933,864.4672966003418,337.4803330898285,1.0948565006256104,0.459442941347758,1.3064415454864502,0.9467251131931941,0.21158504486083984,0.4872821718454361,1.2006490230560303,0.703084027270476,1.5353390474451951,68.29668045043945
image_164,../data/train_data/train_data/image_164.png,1,left,-177.3041546344757,223.83074188232422,-141.96688771247864,362.85239601135254,35.33726692199707,139.02165412902832,-159.63552117347717,293.3415689468384,-0.2462557703256607,0.46631404558817546,-0.1971762329339981,0.7559424916903178,0.0490795373916626,0.28962844610214233,-0.2217160016298294,0.6111282686392466,3.9341371373146243,141.96688771247864
image_1640,../data/train_data/train_data/image_1640.png,0,left,-278.23620557785034,216.10100173950195,-172.9199981689453,447.29808831214905,105.31620740890503,231.1970865726471,-225.57810187339783,331.6995450258255,-0.38643917441368103,0.4502104202906291,-0.24016666412353516,0.9318710173169772,0.14627251029014587,0.4816605970263481,-0.3133029192686081,0.6910407188038031,2.195265973403237,172.9199981689453
image_1641,../data/train_data/train_data/image_1641.png,1,left,-200.8318591117859,222.83736610412598,-121.6117537021637,396.77597427368164,79.22010540962219,173.93860816955566,-161.2218064069748,309.8066701889038,-0.2789331376552582,0.4642445127169291,-0.16890521347522736,0.8266166130701701,0.11002792418003082,0.36237210035324097,-0.22391917556524277,0.6454305628935496,2.195637171525763,121.6117537021637
image_1642,../data/train_data/train_data/image_1642.png,0,left,-215.05623579025269,224.92548370361328,-106.03764653205872,394.2809691429138,109.01858925819397,169.35548543930054,-160.5469411611557,309.60322642326355,-0.29868921637535095,0.468594757715861,-0.14727450907230377,0.8214186857144038,0.15141470730304718,0.3528239279985428,-0.22298186272382736,0.6450067217151324,1.553455117991004,106.03764653205872
image_1644,../data/train_data/train_data/image_1644.png,0,left,-297.81562328338623,224.37044525146484,-174.9870800971985,412.66462230682373,122.82854318618774,188.2941770553589,-236.40135169029236,318.5175337791443,-0.4136328101158142,0.46743842760721843,-0.243037611246109,0.8597179631392161,0.1705951988697052,0.3922795355319977,-0.3283352106809616,0.6635781953732173,1.5329838828254772,174.9870800971985
image_1645,../data/train_data/train_data/image_1645.png,0,left,-217.0401692390442,219.26143074035645,-173.68418097496033,399.6578254699707,43.35598826408386,180.39639472961426,-195.36217510700226,309.4596281051636,-0.3014446794986725,0.4567946473757426,-0.24122802913188934,0.8326204697291056,0.06021665036678314,0.37582582235336304,-0.2713363543152809,0.6447075585524241,4.16081842330082,173.68418097496033
image_1646,../data/train_data/train_data/image_1646.png,0,right,840.2659606933594,225.34774208068848,885.8295249938965,357.9418935775757,45.56356430053711,132.5941514968872,863.0477428436279,291.6448178291321,1.1670360565185547,0.469474462668101,1.2303187847137451,0.745712278286616,0.06328272819519043,0.276237815618515,1.19867742061615,0.6075933704773585,2.9100917264131634,120.26596069335938
image_1647,../data/train_data/train_data/image_1647.png,0,right,797.3989391326904,229.46466827392578,874.0493488311768,350.00683212280273,76.65040969848633,120.54216384887695,835.7241439819336,289.73575019836426,1.1074985265731812,0.4780513922373454,1.21395742893219,0.729180900255839,0.10645890235900879,0.25112950801849365,1.1607279777526855,0.6036161462465922,1.572622564224303,77.39893913269043
image_1649,../data/train_data/train_data/image_1649.png,1,right,798.585205078125,227.4570598602295,861.1314868927002,355.39031887054443,62.546281814575195,127.93325901031494,829.8583459854126,291.42368936538696,1.1091461181640625,0.47386887470881145,1.1960159540176392,0.7403964976469676,0.08686983585357666,0.26652762293815613,1.1525810360908508,0.6071326861778895,2.045417494034035,78.585205078125
image_1650,../data/train_data/train_data/image_1650.png,1,left,-276.68659687042236,223.59805488586426,-152.50860214233398,421.5732934474945,124.17799472808838,197.97523856163025,-214.59759950637817,322.5856741666794,-0.38428694009780884,0.4658292810122172,-0.21181750297546387,0.8782776946822802,0.17246943712234497,0.412448413670063,-0.29805222153663635,0.6720534878472487,1.5942860004716226,152.50860214233398
image_1651,../data/train_data/train_data/image_1651.png,1,right,819.0338516235352,223.30211067199707,959.654130935669,441.03386068344116,140.6202793121338,217.7317500114441,889.343991279602,332.1679856777191,1.1375470161437988,0.46521273056666057,1.3328529596328735,0.9188205430905024,0.1953059434890747,0.45360781252384186,1.2351999878883362,0.6920166368285815,1.5483666443880868,99.03385162353516
image_1652,../data/train_data/train_data/image_1652.png,1,right,840.6088542938232,223.8139476776123,873.4143733978271,361.94209718704224,32.805519104003906,138.12814950942993,857.0116138458252,292.87802243232727,1.16751229763031,0.4662790576616923,1.2130755186080933,0.754046035806338,0.0455632209777832,0.2877669781446457,1.1902939081192017,0.6101625467340152,4.210515586463359,120.60885429382324
image_1654,../data/train_data/train_data/image_1654.png,1,left,-252.61359930038452,223.29736137390137,-140.24306416511536,421.4263262748718,112.37053513526917,198.12896490097046,-196.42833173274994,322.3618438243866,-0.35085222125053406,0.46520283619562786,-0.19478203356266022,0.8779715130726496,0.15607018768787384,0.4127686768770218,-0.27281712740659714,0.6715871746341388,1.7631754148226417,140.24306416511536
image_1656,../data/train_data/train_data/image_1656.png,1,left,-153.9635717868805,225.80702209472656,-108.57266664505005,355.4346933364868,45.390905141830444,129.62767124176025,-131.26811921596527,290.6208577156067,-0.21383829414844513,0.47043129603068035,-0.1507953703403473,0.7404889444510142,0.06304292380809784,0.27005764842033386,-0.1823168322443962,0.6054601202408473,2.855807145434088,108.57266664505005
image_1657,../data/train_data/train_data/image_1657.png,1,right,817.3571491241455,221.59954452514648,862.6180744171143,381.96136140823364,45.26092529296875,160.36181688308716,839.9876117706299,301.78045296669006,1.1352182626724243,0.46166571776072185,1.1980806589126587,0.7957528362671534,0.06286239624023438,0.3340871185064316,1.1666494607925415,0.6287092770139376,3.543052110514392,97.35714912414551
image_1660,../data/train_data/train_data/image_1660.png,0,right,819.1612243652344,226.48276710510254,899.4867324829102,373.02230978012085,80.32550811767578,146.5395426750183,859.3239784240723,299.7525384426117,1.1377239227294922,0.4718390981356303,1.2492871284484863,0.7771298120419184,0.11156320571899414,0.30529071390628815,1.1935055255889893,0.6244844550887744,1.8243213906638458,99.16122436523438
image_1661,../data/train_data/train_data/image_1661.png,0,left,-275.4815340042114,217.65199089050293,-182.63824224472046,430.94506764411926,92.84329175949097,213.29307675361633,-229.05988812446594,324.2985292673111,-0.38261324167251587,0.4534416476885478,-0.2536642253398895,0.8978022242585818,0.12894901633262634,0.444360576570034,-0.3181387335062027,0.6756219359735648,2.297345050045711,182.63824224472046
image_1662,../data/train_data/train_data/image_1662.png,0,left,-167.70980715751648,226.5828456878662,-115.54744005203247,352.7352752685547,52.16236710548401,126.15242958068848,-141.62862360477448,289.65906047821045,-0.2329302877187729,0.4720475951830546,-0.16048255562782288,0.7348651568094889,0.07244773209095001,0.2628175616264343,-0.19670642167329788,0.6034563759962718,2.418456764540228,115.54744005203247
image_1663,../data/train_data/train_data/image_1663.png,1,left,-163.53545308113098,226.0811939239502,-106.28343343734741,354.6932592391968,57.25201964378357,128.61206531524658,-134.9094432592392,290.3872265815735,-0.22713257372379303,0.4710024873415629,-0.14761587977409363,0.73894429008166,0.0795166939496994,0.26794180274009705,-0.18737422674894333,0.6049733887116114,2.2464197091291833,106.28343343734741
image_1664,../data/train_data/train_data/image_1664.png,0,left,-180.84596872329712,223.4949722290039,-147.27129936218262,364.37885189056396,33.5746693611145,140.88387966156006,-164.05863404273987,293.93691205978394,-0.2511749565601349,0.4656145254770915,-0.20454347133636475,0.7591226081053416,0.04663148522377014,0.2935080826282501,-0.22785921394824982,0.6123685667912165,4.1961360258316915,147.27129936218262
image_1666,../data/train_data/train_data/image_1666.png,0,left,-273.9962339401245,218.56050872802734,-187.49342679977417,417.09485912323,86.50280714035034,198.53435039520264,-230.74483036994934,317.82768392562866,-0.3805503249168396,0.4553343931833903,-0.26040753722190857,0.8689476231733958,0.12014278769493103,0.4136132299900055,-0.3204789310693741,0.662141008178393,2.2951203198883676,187.49342679977417
image_1667,../data/train_data/train_data/image_1667.png,0,left,-261.9468283653259,226.88668632507324,-153.39317321777344,394.9004020690918,108.55365514755249,168.01371574401855,-207.67000079154968,310.8935441970825,-0.363815039396286,0.47268059651056926,-0.21304607391357422,0.8227091709772746,0.1507689654827118,0.3500285744667053,-0.2884305566549301,0.6476948837439219,1.5477481206472916,153.39317321777344
image_1668,../data/train_data/train_data/image_1668.png,1,right,860.837516784668,220.5484619140625,952.1477222442627,410.31324768066406,91.31020545959473,189.76478576660156,906.4926195144653,315.4308547973633,1.1956076622009277,0.45947596232096355,1.3224273920059204,0.8548192660013835,0.12681972980499268,0.3953433036804199,1.259017527103424,0.6571476141611735,2.0782428953198835,140.83751678466797
image_1669,../data/train_data/train_data/image_1669.png,0,left,-225.36696910858154,218.1010570526123,-178.27571511268616,414.05966424942017,47.091253995895386,195.95860719680786,-201.82134211063385,316.08036065101624,-0.31300967931747437,0.4543772021929423,-0.24760515987873077,0.8626243005196254,0.06540451943874359,0.40824709832668304,-0.28030741959810257,0.6585007513562838,4.161252686409417,178.27571511268616
image_167,../data/train_data/train_data/image_167.png,0,right,801.4121246337891,228.5655632019043,859.0248584747314,345.6211128234863,57.61273384094238,117.05554962158203,830.2184915542603,287.0933380126953,1.113072395324707,0.47617825667063396,1.1930900812149048,0.7200439850489299,0.08001768589019775,0.2438657283782959,1.153081238269806,0.5981111208597819,2.031765233442137,81.41212463378906
image_1670,../data/train_data/train_data/image_1670.png,1,right,847.5579643249512,221.12801933288574,962.9097747802734,432.7234079837799,115.35181045532227,211.59538865089417,905.2338695526123,326.9257136583328,1.17716383934021,0.46068337361017864,1.3373746871948242,0.9015070999662081,0.16021084785461426,0.4408237263560295,1.257269263267517,0.6810952367881934,1.8343482240605897,127.55796432495117
image_1671,../data/train_data/train_data/image_1671.png,0,right,851.0318756103516,220.75565719604492,960.4011154174805,438.0992844104767,109.3692398071289,217.34362721443176,905.716495513916,329.4274708032608,1.1819887161254883,0.45990761915842693,1.333890438079834,0.9127068425218264,0.1519017219543457,0.4527992233633995,1.2579395771026611,0.6863072308401267,1.987246392109099,131.03187561035156
image_1672,../data/train_data/train_data/image_1672.png,1,left,-186.54579162597656,222.90877723693848,-116.55038237571716,383.2594361305237,69.9954092502594,160.3506588935852,-151.54808700084686,303.0841066837311,-0.2590913772583008,0.4643932859102885,-0.16187553107738495,0.7984571586052577,0.09721584618091583,0.3340638726949692,-0.21048345416784286,0.6314252222577731,2.2908739388932275,116.55038237571716
image_1673,../data/train_data/train_data/image_1673.png,1,right,794.8247051239014,228.7311305999756,884.8259925842285,366.1908235549927,90.00128746032715,137.4596929550171,839.8253488540649,297.46097707748413,1.1039232015609741,0.47652318874994914,1.2289249897003174,0.7628975490729014,0.12500178813934326,0.28637436032295227,1.1664240956306458,0.6197103689114253,1.5273080734051694,74.82470512390137
image_1675,../data/train_data/train_data/image_1675.png,0,right,834.5468044281006,223.7938632965088,878.4089469909668,364.5735445022583,43.86214256286621,140.7796812057495,856.4778757095337,294.18370389938354,1.1590927839279175,0.46623721520106,1.2200124263763428,0.7595282177130381,0.06091964244842529,0.29329100251197815,1.1895526051521301,0.6128827164570491,3.2095942646662663,114.54680442810059
image_1677,../data/train_data/train_data/image_1677.png,0,left,-170.4492437839508,229.09882926940918,-98.53885531425476,353.6489143371582,71.91038846969604,124.55008506774902,-134.49404954910278,291.3738718032837,-0.23673506081104279,0.47728922764460247,-0.13685952126979828,0.7367685715357463,0.0998755395412445,0.2594793438911438,-0.18679729104042053,0.6070288995901744,1.7320179701189629,98.53885531425476
image_1678,../data/train_data/train_data/image_1678.png,0,left,-291.70108795166016,219.5091953277588,-160.27700901031494,439.0871670246124,131.42407894134521,219.57797169685364,-225.98904848098755,329.2981811761856,-0.40514039993286133,0.4573108235994975,-0.22260695695877075,0.9147649313012759,0.18253344297409058,0.4574541077017784,-0.31387367844581604,0.6860378774503867,1.6707590683960711,160.27700901031494
image_1679,../data/train_data/train_data/image_1679.png,1,right,824.333381652832,223.04727935791016,934.0691184997559,406.43407249450684,109.73573684692383,183.38679313659668,879.201250076294,314.7406759262085,1.1449074745178223,0.46468183199564617,1.2973182201385498,0.8467376510302226,0.15241074562072754,0.3820558190345764,1.221112847328186,0.6557097415129344,1.6711674647285832,104.33338165283203
image_168,../data/train_data/train_data/image_168.png,0,left,-261.4687728881836,220.6165542602539,-153.17424058914185,415.778302192688,108.29453229904175,195.16174793243408,-207.32150673866272,318.19742822647095,-0.36315107345581055,0.459617821375529,-0.21274200081825256,0.8662047962347666,0.15040907263755798,0.40658697485923767,-0.28794653713703156,0.6629113088051478,1.8021385178849052,153.17424058914185
image_1681,../data/train_data/train_data/image_1681.png,0,left,-321.0210871696472,222.46660614013672,-203.89562845230103,434.7997167110443,117.12545871734619,212.3331105709076,-262.4583578109741,328.6331614255905,-0.44586262106895447,0.46347209612528484,-0.2831883728504181,0.905832743148009,0.16267424821853638,0.44236064702272415,-0.3645254969596863,0.6846524196366469,1.812868977387076,203.89562845230103
image_1682,../data/train_data/train_data/image_1682.png,0,right,862.2072887420654,215.7470359802246,910.1413249969482,426.2113764286041,47.93403625488281,210.46434044837952,886.1743068695068,320.97920620441437,1.1975101232528687,0.44947299162546794,1.2640851736068726,0.8879403675595919,0.0665750503540039,0.438467375934124,1.2307976484298706,0.6687066795925299,4.390707666036375,142.20728874206543
image_1683,../data/train_data/train_data/image_1683.png,1,left,-146.93924188613892,224.2113437652588,-115.11028289794922,358.80658054351807,31.828958988189697,134.59523677825928,-131.02476239204407,291.5089621543884,-0.20408228039741516,0.4671069661776225,-0.15987539291381836,0.7475137094656626,0.0442068874835968,0.28040674328804016,-0.18197883665561676,0.6073103378216426,4.228703704327922,115.11028289794922
image_1685,../data/train_data/train_data/image_1685.png,0,right,823.0459213256836,221.9407501220703,957.1229839324951,439.053414106369,134.07706260681152,217.1126639842987,890.0844526290894,330.49708211421967,1.1431193351745605,0.46237656275431316,1.329337477684021,0.9146946127216021,0.18621814250946045,0.45231804996728897,1.2362284064292908,0.6885355877379576,1.6193125040410061,103.0459213256836
image_1688,../data/train_data/train_data/image_1688.png,0,left,-261.11167430877686,226.2415542602539,-161.25942707061768,396.25165605545044,99.85224723815918,170.01010179519653,-211.18555068969727,311.2466051578522,-0.3626551032066345,0.471336571375529,-0.223971426486969,0.8255242834488551,0.13868367671966553,0.3541877120733261,-0.29331326484680176,0.648430427412192,1.7026166811218855,161.25942707061768
image_169,../data/train_data/train_data/image_169.png,0,right,853.9036846160889,216.7607250213623,950.2397060394287,446.881441116333,96.33602142333984,230.1207160949707,902.0716953277588,331.82108306884766,1.1859773397445679,0.4515848437945048,1.3197773694992065,0.9310030023256938,0.13380002975463867,0.47941815853118896,1.2528773546218872,0.6912939230600993,2.388729705617863,133.90368461608887
image_1690,../data/train_data/train_data/image_1690.png,1,left,-264.5347309112549,221.5313949584961,-149.09700393676758,430.6898250579834,115.4377269744873,209.1584300994873,-206.81586742401123,326.11061000823975,-0.367409348487854,0.46152373949686687,-0.20707917213439941,0.8972704688707988,0.1603301763534546,0.4357467293739319,-0.2872442603111267,0.6793971041838328,1.8118723885278256,149.09700393676758
image_1693,../data/train_data/train_data/image_1693.png,1,right,822.9646396636963,224.11123657226562,905.390682220459,391.6786684989929,82.4260425567627,167.5674319267273,864.1776609420776,307.8949525356293,1.143006443977356,0.4668984095255534,1.2574870586395264,0.8159972260395686,0.11448061466217041,0.3490988165140152,1.2002467513084412,0.641447817782561,2.0329428264293044,102.96463966369629
image_1696,../data/train_data/train_data/image_1696.png,0,right,849.5132732391357,223.84956741333008,920.8735942840576,389.46112537384033,71.36032104492188,165.61155796051025,885.1934337615967,306.6553463935852,1.1798795461654663,0.46635326544443767,1.2789911031723022,0.811377344528834,0.09911155700683594,0.34502407908439636,1.2294353246688843,0.6388653049866359,2.3207793285607066,129.51327323913574
image_1697,../data/train_data/train_data/image_1697.png,0,left,-238.74876737594604,226.73282051086426,-143.25318932533264,377.189754486084,95.4955780506134,150.45693397521973,-191.00097835063934,301.9612874984741,-0.3315955102443695,0.4723600427309672,-0.1989627629518509,0.785811988512675,0.13263274729251862,0.31345194578170776,-0.2652791365981102,0.6290860156218211,1.5755382295866764,143.25318932533264
image_1698,../data/train_data/train_data/image_1698.png,1,right,867.555742263794,222.20490837097168,995.2239990234375,434.6476104259491,127.66825675964355,212.44270205497742,931.3898706436157,328.4262593984604,1.204938530921936,0.46292689243952434,1.3822555541992188,0.9055158550540606,0.17731702327728271,0.4425889626145363,1.2935970425605774,0.6842213737467925,1.6640213272037987,147.55574226379395
image_1699,../data/train_data/train_data/image_1699.png,0,right,846.50954246521,221.1029281616211,985.1628398895264,441.9817283153534,138.6532974243164,220.8788001537323,915.8361911773682,331.54232823848724,1.1757076978683472,0.4606311003367106,1.3682817220687866,0.9207952673236529,0.19257402420043945,0.4601641669869423,1.271994709968567,0.6907131838301818,1.5930295510952308,126.50954246520996
image_17,../data/train_data/train_data/image_17.png,1,right,793.7331962585449,227.98311614990234,877.3952865600586,361.38680124282837,83.66209030151367,133.40368509292603,835.5642414093018,294.68495869636536,1.1024072170257568,0.47496482531229656,1.218604564666748,0.7528891692558924,0.11619734764099121,0.2779243439435959,1.1605058908462524,0.6139269972840945,1.594553573932307,73.73319625854492
image_170,../data/train_data/train_data/image_170.png,0,left,-246.88435792922974,224.31353950500488,-117.91860938072205,421.82652258872986,128.9657485485077,197.51298308372498,-182.4014836549759,323.07003104686737,-0.34289494156837463,0.4673198739687602,-0.16377584636211395,0.8788052553931872,0.17911909520626068,0.41148538142442703,-0.2533353939652443,0.6730625646809737,1.5315150364085601,117.91860938072205
image_1700,../data/train_data/train_data/image_1700.png,0,left,-242.58848905563354,215.54653549194336,-158.14926624298096,441.5305986404419,84.43922281265259,225.98406314849854,-200.36887764930725,328.5385670661926,-0.33692845702171326,0.449055282274882,-0.21965175867080688,0.919855413834254,0.11727669835090637,0.47080013155937195,-0.27829010784626007,0.684455348054568,2.676292552453911,158.14926624298096
image_1701,../data/train_data/train_data/image_1701.png,0,left,-247.92501211166382,224.47304153442383,-144.9288296699524,407.2330632209778,102.99618244171143,182.76002168655396,-196.4269208908081,315.8530523777008,-0.3443402945995331,0.467652169863383,-0.2012900412082672,0.8484022150437037,0.14305025339126587,0.38075004518032074,-0.27281516790390015,0.6580271924535434,1.7744349096626297,144.9288296699524
image_1702,../data/train_data/train_data/image_1702.png,1,right,782.7509880065918,228.18304443359375,866.9009399414062,360.83661222457886,84.14995193481445,132.6535677909851,824.825963973999,294.5098283290863,1.0871541500091553,0.475381342569987,1.2040290832519531,0.7517429421345393,0.11687493324279785,0.2763615995645523,1.1455916166305542,0.6135621423522631,1.5763950512264497,62.7509880065918
image_1703,../data/train_data/train_data/image_1703.png,1,left,-202.4315071105957,226.33370780944824,-104.29698944091797,387.93522024154663,98.13451766967773,161.6015124320984,-153.36424827575684,307.13446402549744,-0.2811548709869385,0.4715285579363505,-0.14485692977905273,0.8081983755032222,0.13629794120788574,0.33666981756687164,-0.2130059003829956,0.6398634667197863,1.6467346685908368,104.29698944091797
image_1707,../data/train_data/train_data/image_1707.png,1,right,818.911714553833,222.89507293701172,857.2597503662109,369.1086449623108,38.34803581237793,146.21357202529907,838.085732460022,296.00185894966125,1.137377381324768,0.4643647352854411,1.190638542175293,0.7689763436714808,0.0532611608505249,0.30461160838603973,1.1640079617500305,0.616670539478461,3.812804722011458,98.91171455383301
image_1708,../data/train_data/train_data/image_1708.png,0,left,-265.5201530456543,219.6446075439453,-187.92524099349976,403.0911889076233,77.59491205215454,183.44658136367798,-226.72269701957703,311.3678982257843,-0.3687779903411865,0.4575929323832194,-0.26100727915763855,0.8397733102242152,0.10777071118354797,0.3821803778409958,-0.31489263474941254,0.6486831213037173,2.364157346300959,187.92524099349976
image_1709,../data/train_data/train_data/image_1709.png,0,left,-230.6173610687256,227.18254470825195,-134.6716010570526,381.748658657074,95.94576001167297,154.56611394882202,-182.6444810628891,304.46560168266296,-0.32030189037323,0.4732969681421916,-0.18704389035701752,0.7953097055355708,0.13325800001621246,0.3220127373933792,-0.25367289036512375,0.6343033368388812,1.6109738870171768,134.6716010570526
image_1710,../data/train_data/train_data/image_1710.png,0,right,868.498420715332,221.39706993103027,912.8369235992432,388.1974973678589,44.33850288391113,166.8004274368286,890.6676721572876,304.7972836494446,1.2062478065490723,0.4612438956896464,1.2678290605545044,0.8087447861830394,0.06158125400543213,0.34750089049339294,1.2370384335517883,0.6349943409363429,3.761976985861527,148.49842071533203
image_1711,../data/train_data/train_data/image_1711.png,0,right,828.3478546142578,221.29750633239746,900.0721836090088,393.05155897140503,71.72432899475098,171.75405263900757,864.2100191116333,307.17453265190125,1.1504831314086914,0.46103647152582805,1.2501002550125122,0.8188574145237605,0.0996171236038208,0.35782094299793243,1.2002916932106018,0.6399469430247943,2.3946414702823793,108.34785461425781
image_1712,../data/train_data/train_data/image_1712.png,1,left,-183.80931615829468,227.09531211853027,-120.46435832977295,360.35173320770264,63.34495782852173,133.25642108917236,-152.1368372440338,293.72352266311646,-0.2552907168865204,0.4731152335802714,-0.16731160879135132,0.7507327775160472,0.08797910809516907,0.27761754393577576,-0.21130116283893585,0.6119240055481593,2.1036626379940895,120.46435832977295
image_1713,../data/train_data/train_data/image_1713.png,1,left,-211.94324254989624,220.4960479736328,-170.381201505661,393.1033148765564,41.56204104423523,172.60726690292358,-191.16222202777863,306.7996814250946,-0.29436561465263367,0.45936676661173503,-0.2366405576467514,0.8189652393261592,0.05772505700588226,0.35959847271442413,-0.26550308614969254,0.6391660029689471,4.153002657381878,170.381201505661
image_1714,../data/train_data/train_data/image_1714.png,0,right,822.551794052124,224.64135551452637,893.2984256744385,384.16746759414673,70.74663162231445,159.52611207962036,857.9251098632812,304.40441155433655,1.1424330472946167,0.4680028239885966,1.2406922578811646,0.800348890821139,0.09825921058654785,0.3323460668325424,1.1915626525878906,0.6341758574048678,2.254893390985185,102.55179405212402
image_1715,../data/train_data/train_data/image_1715.png,1,right,896.8999671936035,218.12391662597656,965.0256729125977,419.55853605270386,68.12570571899414,201.4346194267273,930.9628200531006,318.8412263393402,1.2456943988800049,0.45442482630411785,1.34031343460083,0.874080283443133,0.0946190357208252,0.4196554571390152,1.2930039167404175,0.6642525548736254,2.9568078202023713,176.89996719360352
image_1716,../data/train_data/train_data/image_1716.png,0,right,858.3678245544434,222.63137245178223,900.1291751861572,374.9901785850525,41.76135063171387,152.35880613327026,879.2484998703003,298.81077551841736,1.1921775341033936,0.4638153592745463,1.250179409980774,0.7812295387188594,0.05800187587738037,0.31741417944431305,1.2211784720420837,0.6225224489967028,3.648320847591742,138.36782455444336
image_1717,../data/train_data/train_data/image_1717.png,1,right,818.22678565979,221.7866554260254,936.9664192199707,430.97142481803894,118.73963356018066,209.18476939201355,877.5966024398804,326.37904012203217,1.1364260911941528,0.4620555321375529,1.301342248916626,0.8978571350375811,0.16491615772247314,0.43580160290002823,1.2188841700553894,0.679956333587567,1.7617097435793643,98.22678565979004
image_172,../data/train_data/train_data/image_172.png,1,left,-146.60051107406616,224.74973106384277,-111.47358298301697,355.4359664916992,35.126928091049194,130.68623542785645,-129.03704702854156,290.092848777771,-0.203611820936203,0.4682286063830058,-0.1548244208097458,0.7404915968577067,0.048787400126457214,0.2722629904747009,-0.1792181208729744,0.6043601016203562,3.72040034611387,111.47358298301697
image_1723,../data/train_data/train_data/image_1723.png,0,left,-215.6504201889038,227.98746490478516,-128.1402611732483,369.4656934738159,87.51015901565552,141.47822856903076,-171.89534068107605,298.72657918930054,-0.2995144724845886,0.4749738852183024,-0.17797258496284485,0.7697201947371165,0.12154188752174377,0.2947463095188141,-0.23874352872371674,0.6223470399777095,1.616706336274859,128.1402611732483
image_1725,../data/train_data/train_data/image_1725.png,0,right,843.9255237579346,226.88036346435547,950.4063034057617,389.9904360771179,106.48077964782715,163.11007261276245,897.1659135818481,308.4353997707367,1.1721187829971313,0.4726674238840739,1.3200087547302246,0.8124800751606623,0.14788997173309326,0.33981265127658844,1.246063768863678,0.6425737495223681,1.5318264305748899,123.92552375793457
image_1726,../data/train_data/train_data/image_1726.png,1,left,-158.5110855102539,225.69269561767578,-111.57626867294312,357.1875991821289,46.93481683731079,131.49490356445312,-135.0436770915985,291.44014739990234,-0.2201542854309082,0.4701931158701579,-0.1549670398235321,0.7441408316294352,0.0651872456073761,0.27394771575927734,-0.18756066262722015,0.6071669737497966,2.8016494454479552,111.57626867294312
image_1727,../data/train_data/train_data/image_1727.png,0,right,858.4507369995117,221.35881805419922,995.3046798706055,439.6181728839874,136.85394287109375,218.2593548297882,926.8777084350586,330.4884954690933,1.1922926902770996,0.4611642042795817,1.3823676109313965,0.9158711935083071,0.19007492065429688,0.45470698922872543,1.287330150604248,0.6885176988939444,1.5948342462838085,138.45073699951172
image_1728,../data/train_data/train_data/image_1728.png,0,right,872.9387855529785,220.48085594177246,997.8705883026123,447.31480741500854,124.93180274963379,226.83395147323608,935.4046869277954,333.8978316783905,1.2124149799346924,0.4593351165453593,1.385931372642517,0.9319058487812678,0.1735163927078247,0.4725707322359085,1.2991731762886047,0.6956204826633136,1.8156621971414,152.93878555297852
image_173,../data/train_data/train_data/image_173.png,1,right,819.7883033752441,224.78323364257812,852.1650123596191,355.878981590271,32.376708984375,131.09574794769287,835.9766578674316,290.33110761642456,1.1385948657989502,0.46829840342203777,1.1835625171661377,0.7414145449797312,0.0449676513671875,0.2731161415576935,1.161078691482544,0.6048564742008845,4.04907577267843,99.78830337524414
image_1730,../data/train_data/train_data/image_1730.png,0,right,860.385103225708,214.23564338684082,916.5759658813477,443.84310269355774,56.19086265563965,229.60745930671692,888.4805345535278,329.0393730401993,1.1949793100357056,0.4463242570559184,1.273022174835205,0.9246731306115786,0.07804286479949951,0.47834887355566025,1.2340007424354553,0.6854986938337485,4.086206341302222,140.385103225708
image_1732,../data/train_data/train_data/image_1732.png,1,right,817.9783916473389,220.69998168945312,879.3491363525391,393.5796608924866,61.370744705200195,172.87967920303345,848.663763999939,307.13982129096985,1.1360810995101929,0.459791628519694,1.221318244934082,0.819957626859347,0.08523714542388916,0.360165998339653,1.1786996722221375,0.6398746276895205,2.8169721588596697,97.97839164733887
image_1734,../data/train_data/train_data/image_1734.png,1,left,-222.17848777770996,223.6415138244629,-91.47918462753296,423.9314308166504,130.699303150177,200.2899169921875,-156.82883620262146,323.78647232055664,-0.30858123302459717,0.46591982046763103,-0.12705442309379578,0.8831904808680217,0.1815268099308014,0.4172706604003906,-0.21781782805919647,0.6745551506678263,1.53244823931501,91.47918462753296
image_1735,../data/train_data/train_data/image_1735.png,0,right,823.9746952056885,225.22517585754395,905.7445621490479,373.84482526779175,81.76986694335938,148.6196494102478,864.8596286773682,299.53500056266785,1.1444092988967896,0.4692191163698832,1.2579785585403442,0.7788433859745661,0.11356925964355469,0.3096242696046829,1.201193928718567,0.6240312511722247,1.8175356640019258,103.97469520568848
image_1736,../data/train_data/train_data/image_1736.png,1,left,-273.0893898010254,219.72388648986816,-141.47590398788452,453.5399624109268,131.61348581314087,233.81607592105865,-207.28264689445496,336.6319244503975,-0.3792908191680908,0.457758096853892,-0.19649431109428406,0.9448749216894309,0.18279650807380676,0.48711682483553886,-0.28789256513118744,0.7013165092716614,1.7765358502321,141.47590398788452
image_1738,../data/train_data/train_data/image_1738.png,0,left,-201.42554998397827,224.06056785583496,-125.60073494911194,388.0694236755371,75.82481503486633,164.00885581970215,-163.5131424665451,306.06499576568604,-0.27975770831108093,0.4667928496996562,-0.17444546520709991,0.8084779659907023,0.10531224310398102,0.34168511629104614,-0.22710158675909042,0.6376354078451792,2.1629971104352363,125.60073494911194
image_1739,../data/train_data/train_data/image_1739.png,1,left,-240.83117008209229,216.87734031677246,-163.58590006828308,433.4951868057251,77.2452700138092,216.61784648895264,-202.20853507518768,325.1862635612488,-0.3344877362251282,0.4518277923266093,-0.2272026389837265,0.9031149725119273,0.10728509724140167,0.451287180185318,-0.28084518760442734,0.6774713824192683,2.804286222965208,163.58590006828308
image_174,../data/train_data/train_data/image_174.png,1,right,818.8341236114502,224.91601371765137,931.1733627319336,405.63722038269043,112.3392391204834,180.72120666503906,875.0037431716919,315.2766170501709,1.1372696161270142,0.46857502857844036,1.2932963371276855,0.8450775424639384,0.1560267210006714,0.37650251388549805,1.2152829766273499,0.6568262855211894,1.608709548684198,98.8341236114502
image_1740,../data/train_data/train_data/image_1740.png,1,right,816.7630290985107,226.17589378356934,890.0887870788574,371.178738117218,73.32575798034668,145.00284433364868,853.4259080886841,298.6773159503937,1.1343930959701538,0.47119977871576946,1.236234426498413,0.7732890377442042,0.10184133052825928,0.30208925902843475,1.1853137612342834,0.6222444082299868,1.977515791551905,96.76302909851074
image_1742,../data/train_data/train_data/image_1742.png,1,right,874.5065689086914,214.41929244995117,923.8375854492188,436.01377391815186,49.331016540527344,221.59448146820068,899.1720771789551,325.2165331840515,1.214592456817627,0.4467068592707316,1.2831077575683594,0.9083620289961497,0.06851530075073242,0.4616551697254181,1.2488501071929932,0.6775344441334407,4.491990982714744,154.5065689086914
image_1743,../data/train_data/train_data/image_1743.png,1,left,-241.34072542190552,221.57010459899902,-171.370507478714,399.59444665908813,69.97021794319153,178.0243420600891,-206.35561645030975,310.5822756290436,-0.3351954519748688,0.461604384581248,-0.2380145937204361,0.832488430539767,0.09718085825443268,0.370884045958519,-0.28660502284765244,0.6470464075605075,2.544287373874213,171.370507478714
image_1744,../data/train_data/train_data/image_1744.png,0,right,818.5942268371582,222.36956024169922,947.8941249847412,430.6445243358612,129.299898147583,208.274964094162,883.2441759109497,326.5070422887802,1.1369364261627197,0.4632699171702067,1.3165196180343628,0.8971760923663775,0.17958319187164307,0.4339061751961708,1.2267280220985413,0.6802230047682921,1.6107898542691563,98.5942268371582
image_1747,../data/train_data/train_data/image_1747.png,0,right,884.005880355835,218.5709228515625,1009.3120765686035,440.16759300231934,125.30619621276855,221.59667015075684,946.6589784622192,329.3692579269409,1.2277859449386597,0.45535608927408855,1.4018223285675049,0.917015818754832,0.17403638362884521,0.4616597294807434,1.3148041367530823,0.6861859540144603,1.7684414406330562,164.00588035583496
image_1748,../data/train_data/train_data/image_1748.png,0,left,-189.48776721954346,227.45932006835938,-95.86771845817566,371.6380181312561,93.6200487613678,144.17869806289673,-142.67774283885956,299.54866909980774,-0.26317745447158813,0.4738735834757487,-0.13314960896968842,0.7742458711067836,0.13002784550189972,0.30037228763103485,-0.19816353172063828,0.6240597272912661,1.5400408349540606,95.86771845817566
image_1749,../data/train_data/train_data/image_1749.png,0,left,-209.7428011894226,221.83915519714355,-161.59389853477478,387.5568356513977,48.14890265464783,165.71768045425415,-185.6683498620987,304.69799542427063,-0.2913094460964203,0.46216490666071575,-0.2244359701871872,0.8074100742737452,0.0668734759092331,0.3452451676130295,-0.25787270814180374,0.6347874904672305,3.441774813496344,161.59389853477478
image_175,../data/train_data/train_data/image_175.png,0,left,-342.4085283279419,219.76831817626953,-212.63214111328125,433.3073570728302,129.77638721466064,213.53903889656067,-277.5203347206116,326.53783762454987,-0.47556740045547485,0.4578506628672282,-0.2953224182128906,0.9027236605683963,0.18024498224258423,0.44487299770116806,-0.38544490933418274,0.6802871617178122,1.6454383072272603,212.63214111328125
image_1750,../data/train_data/train_data/image_1750.png,0,right,853.0025482177734,220.0200309753418,925.7441425323486,402.45176458358765,72.7415943145752,182.43173360824585,889.373345375061,311.2358977794647,1.1847257614135742,0.4583750645319621,1.2857557535171509,0.8384411762158076,0.10102999210357666,0.3800661116838455,1.2352407574653625,0.6484081203738848,2.507942468504462,133.00254821777344
image_1751,../data/train_data/train_data/image_1751.png,1,left,-242.3045825958252,222.76343727111816,-121.48533582687378,422.23447585105896,120.81924676895142,199.4710385799408,-181.8949592113495,322.49895656108856,-0.33653414249420166,0.4640904943148295,-0.16872963309288025,0.8796551580230395,0.1678045094013214,0.41556466370821,-0.25263188779354095,0.6718728261689345,1.6509872716008491,121.48533582687378
image_1752,../data/train_data/train_data/image_1752.png,1,right,869.4062519073486,218.51069831848145,927.3417091369629,411.678484916687,57.93545722961426,193.16778659820557,898.3739805221558,315.09459161758423,1.2075086832046509,0.45523062149683635,1.2879745960235596,0.857663510243098,0.08046591281890869,0.4024328887462616,1.2477416396141052,0.6564470658699672,3.3341893865207304,149.40625190734863
image_1754,../data/train_data/train_data/image_1754.png,0,left,-283.31392765045166,221.877779006958,-176.2638223171234,408.2661142349243,107.05010533332825,186.3883352279663,-229.78887498378754,315.07194662094116,-0.39349156618118286,0.4622453729311625,-0.24481086432933807,0.8505544046560923,0.1486807018518448,0.3883090317249298,-0.31915121525526047,0.6563998887936274,1.7411317312355548,176.2638223171234
image_1756,../data/train_data/train_data/image_1756.png,1,right,801.5827560424805,225.9529628753662,906.5209865570068,392.47793102264404,104.93823051452637,166.52496814727783,854.0518712997437,309.2154469490051,1.113309383392334,0.4707353393236796,1.2590569257736206,0.8176623562971751,0.14574754238128662,0.3469270169734955,1.1861831545829773,0.6441988478104274,1.5868856119527015,81.58275604248047
image_1757,../data/train_data/train_data/image_1757.png,1,right,797.1457386016846,228.08711433410645,868.0670356750488,357.65424633026123,70.92129707336426,129.56713199615479,832.6063871383667,292.87068033218384,1.1071468591690063,0.4751814881960551,1.20564866065979,0.7451130131880442,0.09850180149078369,0.26993152499198914,1.1563977599143982,0.6101472506920497,1.8269143027957395,77.14573860168457
image_1758,../data/train_data/train_data/image_1758.png,0,right,864.0117073059082,218.46529388427734,928.5046291351318,416.3255515098572,64.49292182922363,197.86025762557983,896.25816822052,317.39542269706726,1.2000162601470947,0.4551360289255778,1.289589762687683,0.8673448989788691,0.08957350254058838,0.4122088700532913,1.244803011417389,0.6612404639522235,3.0679375660713757,144.0117073059082
image_1759,../data/train_data/train_data/image_1759.png,1,left,-199.53914165496826,224.51615715026855,-144.1022264957428,369.74482917785645,55.436915159225464,145.2286720275879,-171.82068407535553,297.1304931640625,-0.2771376967430115,0.4677419940630595,-0.20014198124408722,0.7703017274538676,0.07699571549892426,0.3025597333908081,-0.23863983899354935,0.6190218607584635,2.6197105594794237,144.1022264957428
image_1761,../data/train_data/train_data/image_1761.png,0,right,840.9713172912598,225.57974243164062,890.9524154663086,354.16568660736084,49.98109817504883,128.58594417572021,865.9618663787842,289.87271451950073,1.168015718460083,0.46995779673258464,1.237433910369873,0.7378451804320018,0.06941819190979004,0.2678873836994171,1.202724814414978,0.6039014885822932,2.572691454785039,120.97131729125977
image_1762,../data/train_data/train_data/image_1762.png,1,right,805.9868144989014,225.07500076293945,861.9839572906494,361.0792484283447,55.99714279174805,136.00424766540527,833.9853858947754,293.0771245956421,1.1194261312484741,0.4689062515894572,1.1971999406814575,0.7522484342257182,0.0777738094329834,0.283342182636261,1.1583130359649658,0.6105773429075877,2.428771199473545,85.98681449890137
image_1764,../data/train_data/train_data/image_1764.png,0,left,-195.13879537582397,229.3232765197754,-111.10700011253357,359.30420541763306,84.0317952632904,129.98092889785767,-153.12289774417877,294.3137409687042,-0.2710261046886444,0.4777568260828654,-0.1543152779340744,0.7485504279534022,0.11671082675457001,0.2707936018705368,-0.2126706913113594,0.6131536270181338,1.546806521157835,111.10700011253357
image_1765,../data/train_data/train_data/image_1765.png,0,left,-174.52950596809387,222.1077766418457,-138.7123167514801,375.8057918548584,35.81718921661377,153.6980152130127,-156.620911359787,298.95678424835205,-0.2424020916223526,0.4627245346705119,-0.1926559954881668,0.782928733030955,0.04974609613418579,0.3202041983604431,-0.2175290435552597,0.6228266338507334,4.29118025659367,138.7123167514801
image_1766,../data/train_data/train_data/image_1766.png,1,right,792.1952819824219,228.11489486694336,883.0957317352295,367.61156463623047,90.90044975280762,139.4966697692871,837.6455068588257,297.8632297515869,1.100271224975586,0.475239364306132,1.2265218496322632,0.7658574263254802,0.12625062465667725,0.29061806201934814,1.1633965373039246,0.6205483953158061,1.5346092362428438,72.19528198242188
image_1767,../data/train_data/train_data/image_1767.png,1,left,-234.2187738418579,225.75060272216797,-137.64196515083313,389.45239210128784,96.57680869102478,163.70178937911987,-185.93036949634552,307.6014974117279,-0.325303852558136,0.4703137556711833,-0.1911693960428238,0.8113591502110163,0.1341344565153122,0.34104539453983307,-0.2582366243004799,0.6408364529410998,1.6950424392552252,137.64196515083313
image_1768,../data/train_data/train_data/image_1768.png,1,right,841.0620403289795,219.15377044677734,899.6996784210205,405.51368856430054,58.637638092041016,186.3599181175232,870.380859375,312.33372950553894,1.1681417226791382,0.4565703550974528,1.2495828866958618,0.8448201845089595,0.08144116401672363,0.38824982941150665,1.2088623046875,0.6506952698032061,3.178162084649486,121.06204032897949
image_177,../data/train_data/train_data/image_177.png,0,left,-283.5981774330139,222.27177047729492,-155.2391767501831,422.1762504577637,128.3590006828308,199.90447998046875,-219.4186770915985,322.2240104675293,-0.39388635754585266,0.46306618849436443,-0.21560996770858765,0.879533855120341,0.17827638983726501,0.41646766662597656,-0.30474816262722015,0.6713000218073527,1.5573857611623476,155.2391767501831
image_1770,../data/train_data/train_data/image_1770.png,1,right,830.6205654144287,216.3070526123047,953.3299541473389,452.3128249645233,122.70938873291016,236.00577235221863,891.9752597808838,334.309938788414,1.1536396741867065,0.45063969294230144,1.3240693807601929,0.9423183853427569,0.17042970657348633,0.4916786924004555,1.2388545274734497,0.6964790391425292,1.9232902615618919,110.62056541442871
image_1772,../data/train_data/train_data/image_1772.png,1,right,822.2568798065186,226.0442008972168,893.8116073608398,376.2998905181885,71.55472755432129,150.25568962097168,858.0342435836792,301.17204570770264,1.1420234441757202,0.47092541853586833,1.2414050102233887,0.783958105246226,0.09938156604766846,0.31303268671035767,1.1917142271995544,0.6274417618910472,2.0998708926241663,102.25687980651855
image_1774,../data/train_data/train_data/image_1774.png,0,right,826.8485641479492,225.96824073791504,923.241662979126,379.70600986480713,96.39309883117676,153.7377691268921,875.0451135635376,302.8371253013611,1.1484007835388184,0.47076716820398967,1.2822800874710083,0.7910541872183482,0.13387930393218994,0.3202870190143585,1.2153404355049133,0.6309106777111689,1.5949043135976881,106.84856414794922
image_1776,../data/train_data/train_data/image_1776.png,0,right,856.3852214813232,218.19049263000488,972.0011329650879,451.2315853834152,115.61591148376465,233.04109275341034,914.1931772232056,334.71103900671005,1.18942391872406,0.4545635263125102,1.350001573562622,0.940065802882115,0.160577654838562,0.4855022765696049,1.269712746143341,0.6973146645973126,2.0156489687505954,136.38522148132324
image_1778,../data/train_data/train_data/image_1778.png,0,right,801.5364074707031,227.27346801757812,869.8614120483398,362.5852265357971,68.32500457763672,135.311758518219,835.6989097595215,294.9293472766876,1.1132450103759766,0.47348639170328777,1.2081408500671387,0.755385888616244,0.09489583969116211,0.28189949691295624,1.1606929302215576,0.6144361401597659,1.980413457045088,81.53640747070312
image_1779,../data/train_data/train_data/image_1779.png,0,right,879.9678897857666,221.25773811340332,983.7308406829834,410.7576575279236,103.7629508972168,189.49991941452026,931.849365234375,316.00769782066345,1.2221776247024536,0.46095362106959026,1.3662928342819214,0.8557451198498408,0.14411520957946777,0.39479149878025055,1.2942352294921875,0.6583493704597155,1.826277276965946,159.9678897857666
image_178,../data/train_data/train_data/image_178.png,0,left,-231.69198274612427,226.69391059875488,-129.6544325351715,394.32575845718384,102.03755021095276,167.63184785842896,-180.6732076406479,310.50983452796936,-0.32179442048072815,0.4722789804140727,-0.18007560074329376,0.8215119967857997,0.1417188197374344,0.349233016371727,-0.25093501061201096,0.6468954885999362,1.6428446930749154,129.6544325351715
image_1780,../data/train_data/train_data/image_1780.png,0,right,871.743335723877,213.1960620880127,925.0045394897461,447.8296341896057,53.26120376586914,234.63357210159302,898.3739376068115,330.5128481388092,1.210754632949829,0.4441584626833598,1.2847285270690918,0.9329784045616786,0.0739738941192627,0.4888199418783188,1.2477415800094604,0.6885684336225192,4.40533738465654,151.74333572387695
image_1781,../data/train_data/train_data/image_1781.png,0,left,-174.85399961471558,228.42726135253906,-103.95193934440613,348.5571804046631,70.90206027030945,120.12991905212402,-139.40296947956085,288.4922208786011,-0.24285277724266052,0.4758901278177897,-0.1443776935338974,0.7261607925097148,0.09847508370876312,0.25027066469192505,-0.19361523538827896,0.6010254601637522,1.694307874751969,103.95193934440613
image_1782,../data/train_data/train_data/image_1782.png,1,right,848.9641284942627,216.05159187316895,924.1394519805908,438.51915740966797,75.17532348632812,222.46756553649902,886.5517902374268,327.28537464141846,1.1791168451309204,0.450107483069102,1.2835270166397095,0.9135815779368083,0.10441017150878906,0.4634740948677063,1.231321930885315,0.6818445305029551,2.9593163716410005,128.9641284942627
image_1783,../data/train_data/train_data/image_1783.png,0,right,815.6966686248779,225.75260543823242,881.4288997650146,369.92889308929443,65.73223114013672,144.176287651062,848.5627841949463,297.8407492637634,1.132912039756775,0.47031792799631755,1.224206805229187,0.7706851939360301,0.09129476547241211,0.3003672659397125,1.178559422492981,0.6205015609661738,2.19338800996558,95.69666862487793
image_1785,../data/train_data/train_data/image_1785.png,1,right,842.1339797973633,220.85873985290527,881.5270900726318,386.31329917907715,39.393110275268555,165.45455932617188,861.8305349349976,303.5860195159912,1.169630527496338,0.46012237469355266,1.224343180656433,0.8048193732897441,0.054712653160095215,0.3446969985961914,1.1969868540763855,0.6324708739916484,4.20008875079981,122.13397979736328
image_1787,../data/train_data/train_data/image_1787.png,0,right,840.5599308013916,218.52797889709473,957.6150512695312,450.00635945796967,117.05512046813965,231.47838056087494,899.0874910354614,334.2671691775322,1.1674443483352661,0.4552666227022807,1.3300209045410156,0.9375132488707701,0.1625765562057495,0.48224662616848946,1.2487326264381409,0.6963899357865254,1.977516059401086,120.5599308013916
image_1788,../data/train_data/train_data/image_1788.png,1,right,800.9483814239502,220.4166259765625,941.0165977478027,446.20016717910767,140.06821632385254,225.78354120254517,870.9824895858765,333.3083965778351,1.1124283075332642,0.45920130411783855,1.3069674968719482,0.929583681623141,0.19453918933868408,0.47038237750530243,1.2096979022026062,0.6943924928704898,1.6119541401206232,80.9483814239502
image_179,../data/train_data/train_data/image_179.png,1,left,-159.89397883415222,225.44224166870117,-112.91691184043884,354.68891048431396,46.97706699371338,129.2466688156128,-136.40544533729553,290.06557607650757,-0.2220749706029892,0.4696713368097941,-0.15682904422283173,0.7389352301756541,0.06524592638015747,0.26926389336586,-0.18945200741291046,0.6043032834927241,2.751271569017048,112.91691184043884
image_1790,../data/train_data/train_data/image_1790.png,1,left,-172.85531401634216,229.52812576293945,-94.31662917137146,355.5774440765381,78.5386848449707,126.04931831359863,-133.5859715938568,292.55278491973877,-0.24007682502269745,0.4781835953394572,-0.13099531829357147,0.740786341826121,0.10908150672912598,0.2626027464866638,-0.18553607165813446,0.6094849685827891,1.6049328883264375,94.31662917137146
image_1791,../data/train_data/train_data/image_1791.png,0,right,830.9517002105713,224.543794631958,874.8437118530273,359.3586149215698,43.892011642456055,134.81482028961182,852.8977060317993,291.9512047767639,1.1540995836257935,0.4677995721499125,1.2150607109069824,0.7486637810866038,0.060961127281188965,0.2808642089366913,1.184580147266388,0.6082316766182582,3.071511540364387,110.95170021057129
image_1792,../data/train_data/train_data/image_1792.png,0,right,839.0697383880615,219.85992813110352,940.6089019775391,419.981924533844,101.53916358947754,200.12199640274048,889.8393201828003,319.92092633247375,1.1653746366500854,0.458041516939799,1.306401252746582,0.8749623427788417,0.14102661609649658,0.41692082583904266,1.2358879446983337,0.6665019298593203,1.9708848224497197,119.06973838806152
image_1793,../data/train_data/train_data/image_1793.png,1,right,802.9399967193604,224.4170799255371,878.4667110443115,385.78184270858765,75.52671432495117,161.36476278305054,840.7033538818359,305.0994613170624,1.1151944398880005,0.4675355831782023,1.2200926542282104,0.8037121723095576,0.10489821434020996,0.3361765891313553,1.1676435470581055,0.63562387774388,2.136525654866754,82.93999671936035
image_1794,../data/train_data/train_data/image_1794.png,1,right,820.8357810974121,226.23597526550293,886.2328433990479,367.3101487159729,65.39706230163574,141.07417345046997,853.53431224823,296.7730619907379,1.140049695968628,0.4713249484697978,1.2308789491653442,0.7652294764916102,0.09082925319671631,0.29390452802181244,1.185464322566986,0.618277212480704,2.1571943522444945,100.83578109741211
image_1795,../data/train_data/train_data/image_1795.png,1,right,790.9925365447998,227.32980155944824,880.1032447814941,374.65465927124023,89.11070823669434,147.324857711792,835.547890663147,300.99223041534424,1.0986007452011108,0.4736037532488505,1.2223656177520752,0.7805305401484172,0.12376487255096436,0.30692678689956665,1.160483181476593,0.6270671466986338,1.653278945112525,70.9925365447998
image_1796,../data/train_data/train_data/image_1796.png,0,right,839.1442394256592,225.47125244140625,905.1490688323975,371.32572317123413,66.00482940673828,145.85447072982788,872.1466541290283,298.3984878063202,1.1654781103134155,0.46973177591959636,1.257151484489441,0.7735952566067378,0.09167337417602539,0.3038634806871414,1.2113147974014282,0.6216635162631671,2.209754529188101,119.14423942565918
image_1797,../data/train_data/train_data/image_1797.png,1,right,819.5052337646484,227.90798568725586,897.1753978729248,368.71396684646606,77.67016410827637,140.8059811592102,858.3403158187866,298.31097626686096,1.1382017135620117,0.4748083035151164,1.2460769414901733,0.7681540975968043,0.10787522792816162,0.2933457940816879,1.1921393275260925,0.6214812005559603,1.8128709109320167,99.50523376464844
image_1798,../data/train_data/train_data/image_1798.png,0,right,836.9032859802246,222.57498168945312,945.5917167663574,402.5217237472534,108.68843078613281,179.9467420578003,891.247501373291,312.54835271835327,1.1623656749725342,0.463697878519694,1.313321828842163,0.8385869244734446,0.1509561538696289,0.3748890459537506,1.2378437519073486,0.6511424014965693,1.655620020974294,116.90328598022461
image_1799,../data/train_data/train_data/image_1799.png,1,left,-204.6504020690918,226.26678848266602,-129.17078733444214,375.88000679016113,75.47961473464966,149.61321830749512,-166.91059470176697,301.0733976364136,-0.2842366695404053,0.4713891426722209,-0.1794038712978363,0.7830833474795024,0.10483279824256897,0.3116942048072815,-0.2318202704191208,0.6272362450758616,1.9821672226794462,129.17078733444214
image_18,../data/train_data/train_data/image_18.png,1,left,-171.52729868888855,229.0566864013672,-89.55160439014435,354.8977937698364,81.9756942987442,125.84110736846924,-130.53945153951645,291.9772400856018,-0.23823235929012299,0.4772014300028483,-0.12437722831964493,0.7393704036871592,0.11385513097047806,0.2621689736843109,-0.18130479380488396,0.6082859168450038,1.53510267213921,89.55160439014435
image_1800,../data/train_data/train_data/image_1800.png,0,right,883.5125255584717,220.25775337219238,953.710355758667,399.73320627212524,70.19783020019531,179.47545289993286,918.6114406585693,309.9954798221588,1.2271007299423218,0.4588703195254008,1.324597716331482,0.8327775130669276,0.09749698638916016,0.3739071935415268,1.2758492231369019,0.6458239162961642,2.5567094080841475,163.51252555847168
image_1802,../data/train_data/train_data/image_1802.png,0,left,-201.79661750793457,227.30013275146484,-106.79569244384766,376.34498739242554,95.00092506408691,149.0448546409607,-154.2961549758911,301.8225600719452,-0.28027307987213135,0.47354194323221843,-0.14832735061645508,0.7840520570675532,0.13194572925567627,0.3105101138353348,-0.2143002152442932,0.6287970001498858,1.5688779297719064,106.79569244384766
image_1803,../data/train_data/train_data/image_1803.png,1,right,800.8014392852783,222.64398956298828,872.5098037719727,385.85335397720337,71.70836448669434,163.2093644142151,836.6556215286255,304.2486717700958,1.1122242212295532,0.46384164492289226,1.2118191719055176,0.8038611541191737,0.09959495067596436,0.34001950919628143,1.1620216965675354,0.633851399521033,2.2760157142406867,80.80143928527832
image_1804,../data/train_data/train_data/image_1804.png,1,left,-226.97951316833496,224.90325355529785,-121.8025553226471,402.89108180999756,105.17695784568787,177.9878282546997,-174.39103424549103,313.8971676826477,-0.31524932384490967,0.46854844490687053,-0.16917021572589874,0.8393564204374949,0.14607910811901093,0.3708079755306244,-0.2422097697854042,0.6539524326721827,1.692270169249785,121.8025553226471
image_181,../data/train_data/train_data/image_181.png,1,right,814.0602207183838,220.3880443572998,960.089807510376,462.51684391498566,146.0295867919922,242.12879955768585,887.0750141143799,341.45244413614273,1.1306391954421997,0.45914175907770793,1.3334580659866333,0.9635767581562201,0.2028188705444336,0.5044349990785122,1.2320486307144165,0.711359258616964,1.6580804265547882,94.06022071838379
image_1810,../data/train_data/train_data/image_1810.png,0,left,-229.14875507354736,221.22091674804688,-168.95488858222961,400.7588472366333,60.19386649131775,179.53793048858643,-199.0518218278885,310.9898819923401,-0.31826215982437134,0.46087690989176433,-0.2346595674753189,0.8349142650763194,0.08360259234905243,0.37403735518455505,-0.2764608636498451,0.6478955874840419,2.9826615393527285,168.95488858222961
image_1811,../data/train_data/train_data/image_1811.png,0,right,834.838285446167,226.2002410888672,896.4216327667236,355.3167190551758,61.58334732055664,129.1164779663086,865.6299591064453,290.7584800720215,1.159497618675232,0.4712505022684733,1.2450300455093384,0.7402431646982829,0.08553242683410645,0.26899266242980957,1.2022638320922852,0.6057468334833781,2.096613509724069,114.83828544616699
image_1815,../data/train_data/train_data/image_1815.png,0,right,825.3087615966797,226.0998477935791,931.3434791564941,397.41023445129395,106.03471755981445,171.31038665771484,878.3261203765869,311.7550411224365,1.1462621688842773,0.47104134956995647,1.2935326099395752,0.8279379884401957,0.14727044105529785,0.35689663887023926,1.2198973894119263,0.6494896690050761,1.615606573017731,105.30876159667969
image_1818,../data/train_data/train_data/image_1818.png,0,left,-176.9723117351532,229.20005226135254,-101.71539545059204,355.7395353317261,75.25691628456116,126.53948307037354,-139.34385359287262,292.4697937965393,-0.245794877409935,0.4775001088778178,-0.14127138257026672,0.741124031941096,0.10452349483966827,0.2636239230632782,-0.19353312999010086,0.6093120704094569,1.6814332730815456,101.71539545059204
image_182,../data/train_data/train_data/image_182.png,0,right,849.6874237060547,222.76998901367188,881.6531753540039,369.8448648452759,31.96575164794922,147.074875831604,865.6702995300293,296.3074269294739,1.1801214218139648,0.4641041437784831,1.2245182991027832,0.7705101350943248,0.04439687728881836,0.3064059913158417,1.202319860458374,0.6173071394364039,4.60101415575628,129.6874237060547
image_1821,../data/train_data/train_data/image_1821.png,0,right,825.2959728240967,222.8555908203125,954.9929237365723,426.76376485824585,129.6969509124756,203.90817403793335,890.1444482803345,324.8096778392792,1.1462444067001343,0.46428248087565105,1.3263790607452393,0.8890911767880122,0.18013465404510498,0.42480869591236115,1.2363117337226868,0.6766868288318316,1.5721894200545878,105.29597282409668
image_1826,../data/train_data/train_data/image_1826.png,0,left,-227.86086559295654,226.01247215270996,-125.84832429885864,386.661235332489,102.0125412940979,160.64876317977905,-176.8545949459076,306.3368537425995,-0.31647342443466187,0.4708593169848124,-0.17478933930397034,0.8055442402760188,0.14168408513069153,0.33468492329120636,-0.2456313818693161,0.6382017786304156,1.5747942472743166,125.84832429885864
image_1831,../data/train_data/train_data/image_1831.png,1,right,819.3985462188721,225.11193656921387,856.4231586456299,352.3588933944702,37.02461242675781,127.24695682525635,837.910852432251,288.73541498184204,1.1380535364151,0.46898320118586223,1.1894766092300415,0.7340810279051463,0.051423072814941406,0.26509782671928406,1.1637650728225708,0.6015321145455043,3.4368207655644367,99.39854621887207
image_1832,../data/train_data/train_data/image_1832.png,1,right,823.4483814239502,216.868013381958,880.8195877075195,419.66824555397034,57.371206283569336,202.80023217201233,852.1339845657349,318.2681294679642,1.1436783075332642,0.4518083612124125,1.223360538482666,0.8743088449041049,0.07968223094940186,0.42250048369169235,1.183519423007965,0.6630586030582587,3.5348783006170246,103.4483814239502
image_184,../data/train_data/train_data/image_184.png,0,right,829.7060394287109,221.05669403076172,935.8333683013916,429.27448773384094,106.12732887268066,208.21779370307922,882.7697038650513,325.16559088230133,1.152369499206543,0.4605347792307536,1.2997685670852661,0.894321849445502,0.14739906787872314,0.4337870702147484,1.2260690331459045,0.6774283143381278,1.9619620687228916,109.70603942871094
image_1840,../data/train_data/train_data/image_1840.png,1,left,-224.01052236557007,220.56116485595703,-143.7793743610382,413.07267570495605,80.23114800453186,192.51151084899902,-183.89494836330414,316.81692028045654,-0.3111257255077362,0.4595024267832438,-0.19969357550144196,0.8605680743853251,0.11143215000629425,0.4010656476020813,-0.2554096505045891,0.6600352505842845,2.3994610028280414,143.7793743610382
image_1842,../data/train_data/train_data/image_1842.png,1,right,822.586727142334,223.52950477600098,917.7093601226807,403.9180030822754,95.12263298034668,180.3884983062744,870.1480436325073,313.7237539291382,1.1424815654754639,0.4656864682833354,1.2745963335037231,0.8414958397547404,0.13211476802825928,0.37580937147140503,1.2085389494895935,0.6535911540190379,1.8963783134929049,102.58672714233398
image_1845,../data/train_data/train_data/image_1845.png,1,left,-273.7561011314392,217.56922149658203,-179.36926245689392,442.5056531429291,94.38683867454529,224.93643164634705,-226.56268179416656,330.03743731975555,-0.3802168071269989,0.4532692114512126,-0.2491239756345749,0.9218867773811023,0.131092831492424,0.4686175659298897,-0.3146703913807869,0.6875779944161574,2.383133441114063,179.36926245689392
image_1846,../data/train_data/train_data/image_1846.png,1,right,813.8059902191162,218.91779327392578,911.076021194458,424.47393798828125,97.2700309753418,205.55614471435547,862.4410057067871,321.6958656311035,1.1302860975265503,0.4560787359873454,1.2653833627700806,0.8843207041422526,0.13509726524353027,0.4282419681549072,1.1978347301483154,0.670199720064799,2.113252588214601,93.80599021911621
image_1847,../data/train_data/train_data/image_1847.png,1,left,-207.455735206604,215.44617080688477,-139.10199880599976,436.11920976638794,68.35373640060425,220.67303895950317,-173.27886700630188,325.78269028663635,-0.2881329655647278,0.44884618918100994,-0.19319722056388855,0.9085816870133082,0.09493574500083923,0.4597354978322983,-0.24066509306430817,0.6787139380971591,3.228397606038584,139.10199880599976
image_1850,../data/train_data/train_data/image_1850.png,1,left,-210.62614917755127,225.10661506652832,-114.63350415229797,394.21759033203125,95.9926450252533,169.11097526550293,-162.62982666492462,309.6621026992798,-0.29253631830215454,0.468972114721934,-0.15921320021152496,0.8212866465250651,0.13332311809062958,0.3523145318031311,-0.22587475925683975,0.6451293806234996,1.761707631048337,114.63350415229797
image_1852,../data/train_data/train_data/image_1852.png,0,left,-302.6795196533203,218.03076171875,-215.78429460525513,424.19607186317444,86.89522504806519,206.16531014442444,-259.2319071292877,321.1134167909622,-0.42038822174072266,0.4542307535807292,-0.29970040917396545,0.8837418163816134,0.1206878125667572,0.42951106280088425,-0.36004431545734406,0.6689862849811713,2.3725735220823267,215.78429460525513
image_1853,../data/train_data/train_data/image_1853.png,0,left,-236.6317105293274,213.31702613830566,-178.54819536209106,447.4682619571686,58.08351516723633,234.15123581886292,-207.58995294570923,330.3926440477371,-0.3286551535129547,0.44441047112147014,-0.24798360466957092,0.9322255457441012,0.08067154884338379,0.4878150746226311,-0.2883193790912628,0.6883180084327857,4.031285557437175,178.54819536209106
image_1856,../data/train_data/train_data/image_1856.png,1,left,-220.15642404556274,217.04253578186035,-173.90536665916443,417.64529848098755,46.251057386398315,200.6027626991272,-197.0308953523636,317.34391713142395,-0.3057728111743927,0.4521719495455424,-0.2415352314710617,0.8700943718353907,0.064237579703331,0.4179224222898483,-0.2736540213227272,0.6611331606904666,4.337257871170773,173.90536665916443
image_1858,../data/train_data/train_data/image_1858.png,1,right,837.8660488128662,224.48937797546387,903.5458374023438,377.90310764312744,65.67978858947754,153.41372966766357,870.705943107605,301.19624280929565,1.1637028455734253,0.46768620411554973,1.2549247741699219,0.7872981409231822,0.09122192859649658,0.31961193680763245,1.2093138098716736,0.627492172519366,2.3357829396582703,117.86604881286621
image_1859,../data/train_data/train_data/image_1859.png,1,left,-294.87499952316284,222.38326454162598,-187.40729570388794,420.3411831855774,107.4677038192749,197.95791864395142,-241.1411476135254,321.3622238636017,-0.4095486104488373,0.4632984677950541,-0.26028791069984436,0.8757107983032862,0.14926069974899292,0.4124123305082321,-0.3349182605743408,0.6695046330491702,1.8420224086749921,187.40729570388794
image_186,../data/train_data/train_data/image_186.png,0,right,798.8536834716797,228.7006320953369,872.8407669067383,350.6937780380249,73.9870834350586,121.99314594268799,835.847225189209,289.6972050666809,1.1095190048217773,0.4764596501986186,1.2122788429260254,0.7306120375792186,0.10275983810424805,0.2541523873806,1.1608989238739014,0.6035358438889186,1.6488438289335492,78.85368347167969
image_1860,../data/train_data/train_data/image_1860.png,1,right,813.9389419555664,226.98848152160645,900.3811740875244,375.74211263656616,86.44223213195801,148.75363111495972,857.1600580215454,301.3652970790863,1.1304707527160645,0.4728926698366801,1.250529408454895,0.7827960679928462,0.12005865573883057,0.3099033981561661,1.1905000805854797,0.6278443689147631,1.7208444003144263,93.9389419555664
image_1861,../data/train_data/train_data/image_1861.png,1,right,846.082706451416,221.09646224975586,885.1616764068604,384.3118920326233,39.078969955444336,163.21542978286743,865.6221914291382,302.7041771411896,1.1751148700714111,0.4606176296869914,1.2293912172317505,0.8006497750679652,0.054276347160339355,0.3400321453809738,1.2022530436515808,0.6306337023774783,4.176554038372981,126.08270645141602
image_1863,../data/train_data/train_data/image_1863.png,0,left,-210.5462408065796,216.47319221496582,-162.88675546646118,421.76495337486267,47.65948534011841,205.29176115989685,-186.71649813652039,319.11907279491425,-0.29242533445358276,0.45098581711451213,-0.22623160481452942,0.8786769861976306,0.06619372963905334,0.42769116908311844,-0.2593284696340561,0.6648314016560714,4.307469115431006,162.88675546646118
image_1864,../data/train_data/train_data/image_1864.png,0,right,838.3364009857178,221.04161643981934,931.4696502685547,403.67788457870483,93.13324928283691,182.6362681388855,884.9030256271362,312.3597505092621,1.1643561124801636,0.46050336758295696,1.2937078475952148,0.8409955928723017,0.12935173511505127,0.3804922252893448,1.2290319800376892,0.6507494802276294,1.961021112709558,118.33640098571777
image_1865,../data/train_data/train_data/image_1865.png,1,right,827.2897338867188,226.33696937561035,895.2431774139404,367.31449031829834,67.95344352722168,140.977520942688,861.2664556503296,296.82572984695435,1.1490135192871094,0.4715353528658549,1.2433933019638062,0.7652385214964549,0.09437978267669678,0.2937031686306,1.1962034106254578,0.6183869371811549,2.0746192337730958,107.28973388671875
image_1866,../data/train_data/train_data/image_1866.png,1,left,-213.53310585021973,221.293701171875,-119.73275899887085,405.03347301483154,93.80034685134888,183.73977184295654,-166.6329324245453,313.16358709335327,-0.2965737581253052,0.4610285441080729,-0.16629549860954285,0.8438197354475657,0.13027825951576233,0.3827911913394928,-0.231434628367424,0.6524241397778193,1.9588389383478524,119.73275899887085
image_1867,../data/train_data/train_data/image_1867.png,0,right,858.8960266113281,221.09835052490234,898.7290191650391,384.3942680358887,39.83299255371094,163.29591751098633,878.8125228881836,302.7463092803955,1.192911148071289,0.46062156359354656,1.248234748840332,0.8008213917414347,0.05532360076904297,0.3401998281478882,1.2205729484558105,0.6307214776674906,4.0995141725994495,138.89602661132812
image_1868,../data/train_data/train_data/image_1868.png,0,left,-159.9146318435669,224.8462619781494,-128.81162881851196,353.7456169128418,31.10300302505493,128.89935493469238,-144.36313033103943,289.2959394454956,-0.22210365533828735,0.46842971245447795,-0.17890504002571106,0.7369700352350871,0.043198615312576294,0.26854032278060913,-0.2005043476819992,0.6026998738447825,4.1442736198449355,128.81162881851196
image_187,../data/train_data/train_data/image_187.png,1,left,-217.59787559509277,216.608060836792,-153.39625239372253,428.53076124191284,64.20162320137024,211.92270040512085,-185.49706399440765,322.5694110393524,-0.3022192716598511,0.4512667934099833,-0.21305035054683685,0.8927724192539851,0.08916892111301422,0.44150562584400177,-0.25763481110334396,0.6720196063319842,3.3008931836570423,153.39625239372253
image_1870,../data/train_data/train_data/image_1870.png,0,left,-189.28190231323242,229.04438400268555,-115.03633975982666,355.7442846298218,74.24556255340576,126.69990062713623,-152.15912103652954,292.39433431625366,-0.2628915309906006,0.4771758000055949,-0.15977269411087036,0.7411339263121287,0.10311883687973022,0.2639581263065338,-0.21133211255073547,0.6091548631588618,1.706497954487171,115.03633975982666
image_1871,../data/train_data/train_data/image_1871.png,0,left,-160.19470810890198,224.98791122436523,-121.1683738231659,355.59704208374023,39.026334285736084,130.609130859375,-140.68154096603394,290.29247665405273,-0.22249265015125275,0.4687248150507609,-0.1682894080877304,0.7408271710077922,0.05420324206352234,0.27210235595703125,-0.19539102911949158,0.6047759930292765,3.346692259208981,121.1683738231659
image_1872,../data/train_data/train_data/image_1872.png,0,left,-189.37689542770386,226.98410415649414,-106.12297296524048,361.7060270309448,83.25392246246338,134.72192287445068,-147.74993419647217,294.3450655937195,-0.2630234658718109,0.47288355032602947,-0.14739301800727844,0.7535542229811351,0.11563044786453247,0.2806706726551056,-0.20520824193954468,0.6132188866535823,1.6182051114191363,106.12297296524048
image_1873,../data/train_data/train_data/image_1873.png,0,right,821.585168838501,220.61063194274902,977.6718807220459,463.29230630397797,156.08671188354492,242.68167436122894,899.6285247802734,341.9514691233635,1.1410905122756958,0.4596054832140605,1.3578776121139526,0.9651923047999541,0.21678709983825684,0.5055868215858936,1.2494840621948242,0.7123988940070073,1.554787537213878,101.58516883850098
image_1875,../data/train_data/train_data/image_1875.png,1,left,-227.59798765182495,227.2032012939453,-126.55141711235046,383.8864507675171,101.04657053947449,156.68324947357178,-177.0747023820877,305.5448260307312,-0.3161083161830902,0.4733400026957194,-0.17576585710048676,0.799763439098994,0.14034245908260345,0.32642343640327454,-0.24593708664178848,0.6365517208973567,1.5506043266689835,126.55141711235046
image_1877,../data/train_data/train_data/image_1877.png,0,left,-160.81332206726074,228.3238353729248,-87.85108387470245,347.155837059021,72.96223819255829,118.83200168609619,-124.3322029709816,287.7398362159729,-0.2233518362045288,0.4756746570269267,-0.12201539427042007,0.7232413272062937,0.10133644193410873,0.24756667017936707,-0.17268361523747444,0.5994579921166102,1.628678130356702,87.85108387470245
image_1878,../data/train_data/train_data/image_1878.png,1,right,866.3017559051514,213.90159034729004,927.5572299957275,444.74631690979004,61.25547409057617,230.8447265625,896.9294929504395,329.32395362854004,1.2031968832015991,0.4456283132235209,1.2882739305496216,0.9265548268953959,0.08507704734802246,0.480926513671875,1.2457354068756104,0.6860915700594584,3.768556688030176,146.30175590515137
image_1879,../data/train_data/train_data/image_1879.png,0,left,-201.0491394996643,226.94522285461426,-106.80336356163025,376.45898485183716,94.24577593803406,149.5137619972229,-153.92625153064728,301.7021038532257,-0.279234915971756,0.4728025476137797,-0.14833800494670868,0.7842895517746608,0.1308969110250473,0.31148700416088104,-0.21378646045923233,0.6285460496942202,1.586424012207477,106.80336356163025
image_188,../data/train_data/train_data/image_188.png,1,left,-276.2724208831787,220.18894577026367,-161.6111934185028,422.70354771614075,114.6612274646759,202.51460194587708,-218.94180715084076,321.4462467432022,-0.38371169567108154,0.458726970354716,-0.22445999085903168,0.8806323910752932,0.15925170481204987,0.42190542072057724,-0.3040858432650566,0.6696796807150046,1.766199494142573,161.6111934185028
image_1880,../data/train_data/train_data/image_1880.png,0,right,800.2476596832275,227.17004203796387,863.4802436828613,359.3498315811157,63.23258399963379,132.17978954315186,831.8639516830444,293.2599368095398,1.1114550828933716,0.47327092091242473,1.1992781162261963,0.7486454824606578,0.08782303333282471,0.27537456154823303,1.155366599559784,0.6109582016865412,2.090374632545736,80.24765968322754
image_1882,../data/train_data/train_data/image_1882.png,1,right,811.6242599487305,226.0130157470703,883.9990997314453,377.1727385520935,72.37483978271484,151.1597228050232,847.8116798400879,301.5928771495819,1.127255916595459,0.47086044947306316,1.2277765274047852,0.7857765386501948,0.10052061080932617,0.31491608917713165,1.177516222000122,0.628318494061629,2.088567287455666,91.62425994873047
image_1883,../data/train_data/train_data/image_1883.png,0,left,-162.51137495040894,227.32691192626953,-110.15835642814636,352.83801460266113,52.35301852226257,125.5111026763916,-136.33486568927765,290.08246326446533,-0.22571024298667908,0.4735977331797282,-0.1529977172613144,0.7350791970888774,0.07271252572536469,0.26148146390914917,-0.18935398012399673,0.6043384651343028,2.3973995429321677,110.15835642814636
image_1884,../data/train_data/train_data/image_1884.png,0,left,-195.29994249343872,227.01860809326172,-100.22918343544006,386.77801513671875,95.07075905799866,159.75940704345703,-147.7645629644394,306.89831161499023,-0.271249920129776,0.4729554335276286,-0.13920719921588898,0.8057875315348307,0.13204272091388702,0.33283209800720215,-0.2052285596728325,0.6393714825312297,1.6804263332534723,100.22918343544006
image_1886,../data/train_data/train_data/image_1886.png,1,left,-247.74030447006226,220.839599609375,-153.17124724388123,403.4087266921997,94.56905722618103,182.5691270828247,-200.45577585697174,312.12416315078735,-0.3440837562084198,0.4600824991861979,-0.21273784339427948,0.8404348472754161,0.13134591281414032,0.38035234808921814,-0.27841079980134964,0.650258673230807,1.930537666735682,153.17124724388123
image_1888,../data/train_data/train_data/image_1888.png,0,left,-210.59533596038818,221.76259422302246,-174.77845788002014,379.09867906570435,35.81687808036804,157.33608484268188,-192.68689692020416,300.4306366443634,-0.2924935221672058,0.4620054046312968,-0.24274785816669464,0.7897889147202174,0.04974566400051117,0.3277835100889206,-0.2676206901669502,0.6258971596757571,4.392791702549894,174.77845788002014
image_1892,../data/train_data/train_data/image_1892.png,1,left,-178.8811755180359,221.64406204223633,-128.4068727493286,383.3639135360718,50.474302768707275,161.71985149383545,-153.64402413368225,302.50398778915405,-0.24844607710838318,0.46175846258799236,-0.17834287881851196,0.7986748198668162,0.07010319828987122,0.33691635727882385,-0.21339447796344757,0.6302166412274043,3.20400367360988,128.4068727493286
image_1893,../data/train_data/train_data/image_1893.png,1,right,795.7157135009766,228.49326515197754,869.8051929473877,360.45225524902344,74.08947944641113,131.9589900970459,832.7604532241821,294.4727602005005,1.1051607131958008,0.47602763573328655,1.208062767982483,0.7509421984354655,0.10290205478668213,0.27491456270217896,1.1566117405891418,0.613484917084376,1.7810759514445198,75.71571350097656
image_1894,../data/train_data/train_data/image_1894.png,1,left,-188.7340235710144,227.98797988891602,-94.5343279838562,379.45639276504517,94.1996955871582,151.46841287612915,-141.6341757774353,303.7221863269806,-0.26213058829307556,0.4749749581019084,-0.13129767775535583,0.7905341515938441,0.13083291053771973,0.31555919349193573,-0.1967141330242157,0.6327545548478762,1.6079501311762001,94.5343279838562
image_1898,../data/train_data/train_data/image_1898.png,1,left,-208.98598909378052,220.2671661376953,-164.7026002407074,391.8649568557739,44.28338885307312,171.5977907180786,-186.84429466724396,306.0660614967346,-0.2902583181858063,0.4588899294535319,-0.22875361144542694,0.8163853267828624,0.061504706740379333,0.35749539732933044,-0.2595059648156166,0.6376376281181971,3.874992297617943,164.7026002407074
image_19,../data/train_data/train_data/image_19.png,1,right,825.699634552002,213.0535831451416,920.0780296325684,457.7654322385788,94.3783950805664,244.7118490934372,872.8888320922852,335.4095076918602,1.1468050479888916,0.44386163155237834,1.277886152267456,0.9536779838303725,0.13108110427856445,0.5098163522779942,1.2123456001281738,0.6987698076913754,2.5928799582207156,105.69963455200195
image_1901,../data/train_data/train_data/image_1901.png,0,right,860.0677871704102,219.76276779174805,898.2401275634766,394.98249197006226,38.172340393066406,175.2197241783142,879.1539573669434,307.37262988090515,1.1945385932922363,0.45783909956614177,1.2475557327270508,0.8228801916042964,0.05301713943481445,0.3650410920381546,1.2210471630096436,0.6403596455852191,4.5902274362548905,140.06778717041016
image_1902,../data/train_data/train_data/image_1902.png,0,left,-190.16902685165405,229.4129981994629,-112.2812283039093,350.86795711517334,77.88779854774475,121.45495891571045,-151.22512757778168,290.1404776573181,-0.2641236484050751,0.47794374624888103,-0.15594615042209625,0.7309749106566111,0.10817749798297882,0.2530311644077301,-0.21003489941358566,0.6044593284527461,1.5593579633818935,112.2812283039093
image_1903,../data/train_data/train_data/image_1903.png,1,right,800.8049583435059,228.4784164428711,888.9952182769775,364.99080324172974,88.19025993347168,136.51238679885864,844.9000883102417,296.7346098423004,1.1122291088104248,0.4759967009226481,1.2347155809402466,0.7603975067536036,0.12248647212982178,0.2844008058309555,1.1734723448753357,0.6181971038381259,1.547930427938866,80.80495834350586
image_1904,../data/train_data/train_data/image_1904.png,1,left,-157.62651443481445,222.33285331726074,-116.88310503959656,376.82461643218994,40.743409395217896,154.4917631149292,-137.2548097372055,299.57873487472534,-0.21892571449279785,0.4631934444109599,-0.16233764588832855,0.785051284233729,0.0565880686044693,0.32185783982276917,-0.1906316801905632,0.6241223643223445,3.791822172178406,116.88310503959656
image_1907,../data/train_data/train_data/image_1907.png,1,right,871.0744571685791,220.07175827026367,908.3846282958984,390.6728615760803,37.310171127319336,170.60110330581665,889.7295427322388,305.372309923172,1.2098256349563599,0.458482829729716,1.2616453170776367,0.8139017949501673,0.051819682121276855,0.35541896522045135,1.2357354760169983,0.6361923123399417,4.572509268951027,151.0744571685791
image_191,../data/train_data/train_data/image_191.png,1,right,809.7340106964111,223.92315292358398,887.8189086914062,390.7533564567566,78.08489799499512,166.8302035331726,848.7764596939087,307.3382546901703,1.1246305704116821,0.4665065685908,1.2330818176269531,0.8140694926182429,0.108451247215271,0.34756292402744293,1.1788561940193176,0.6402880306045214,2.1365232947331974,89.73401069641113
image_1910,../data/train_data/train_data/image_1910.png,0,left,-293.3942699432373,222.4329891204834,-171.97547435760498,422.08114647865295,121.41879558563232,199.64815735816956,-232.68487215042114,322.2570677995682,-0.4074920415878296,0.46340206066767375,-0.23885482549667358,0.879335721830527,0.168637216091156,0.41593366116285324,-0.3231734335422516,0.6713688912491004,1.6442936729459228,171.97547435760498
image_1911,../data/train_data/train_data/image_1911.png,1,right,780.6422138214111,226.11501121520996,867.3091506958008,372.1320095062256,86.66693687438965,146.01699829101562,823.975682258606,299.1235103607178,1.0842252969741821,0.4710729400316874,1.2045960426330566,0.7752750198046366,0.12037074565887451,0.3042020797729492,1.1444106698036194,0.623173979918162,1.6848062658848175,60.64221382141113
image_1912,../data/train_data/train_data/image_1912.png,0,right,841.5990829467773,226.87841796875,938.3603954315186,378.7722291946411,96.76131248474121,151.8938112258911,889.979739189148,302.82532358169556,1.1688876152038574,0.4726633707682292,1.3032783269882202,0.789108810822169,0.1343907117843628,0.3164454400539398,1.2360829710960388,0.6308860907951991,1.5697783269511152,121.59908294677734
image_1913,../data/train_data/train_data/image_1913.png,1,right,807.7662563323975,225.33166313171387,870.8407402038574,370.4047598838806,63.07448387145996,145.07309675216675,839.3034982681274,297.86821150779724,1.121897578239441,0.46944096485773723,1.209501028060913,0.771676583091418,0.08760344982147217,0.3022356182336807,1.165699303150177,0.6205587739745776,2.300028281607702,87.76625633239746
image_1915,../data/train_data/train_data/image_1915.png,1,left,-134.9173879623413,225.77583694458008,-107.5015640258789,347.58187198638916,27.415823936462402,121.80603504180908,-121.20947599411011,286.6788544654846,-0.18738526105880737,0.47036632696787517,-0.1493077278137207,0.7241288999716441,0.03807753324508667,0.2537625730037689,-0.16834649443626404,0.5972476134697596,4.44290988022468,107.5015640258789
image_1917,../data/train_data/train_data/image_1917.png,1,right,906.6041564941406,217.0569839477539,996.2211799621582,440.6725420951843,89.61702346801758,223.61555814743042,951.4126682281494,328.8647630214691,1.2591724395751953,0.452202049891154,1.3836405277252197,0.918067796031634,0.12446808815002441,0.46586574614048004,1.3214064836502075,0.685134922961394,2.495235274436827,186.60415649414062
image_1920,../data/train_data/train_data/image_1920.png,0,left,-204.14889335632324,225.91259384155273,-121.27749681472778,369.8586263656616,82.87139654159546,143.9460325241089,-162.7131950855255,297.8856101036072,-0.28354012966156006,0.47065123716990154,-0.16844096779823303,0.7705388049284617,0.11509916186332703,0.2998875677585602,-0.22599054872989655,0.6205950210491816,1.7369808948719523,121.27749681472778
image_1921,../data/train_data/train_data/image_1921.png,1,left,-232.7850580215454,216.16099739074707,-156.2498116493225,443.0835118293762,76.5352463722229,226.92251443862915,-194.51743483543396,329.62225461006165,-0.32331258058547974,0.45033541123072307,-0.2170136272907257,0.9230906496445338,0.10629895329475403,0.47275523841381073,-0.2701631039381027,0.6867130304376284,2.96494132043438,156.2498116493225
image_1924,../data/train_data/train_data/image_1924.png,0,right,850.8350658416748,222.93152236938477,897.0595264434814,378.2448425292969,46.22446060180664,155.3133201599121,873.9472961425781,300.5881824493408,1.1817153692245483,0.46444067160288494,1.2459160089492798,0.7880100886027018,0.06420063972473145,0.3235694169998169,1.213815689086914,0.6262253801027934,3.3599812336986323,130.8350658416748
image_1925,../data/train_data/train_data/image_1925.png,0,right,821.185884475708,228.14888381958008,896.2521171569824,363.0743684768677,75.06623268127441,134.9254846572876,858.7190008163452,295.6116261482239,1.1405359506607056,0.47531017462412517,1.2447946071624756,0.7564049343268077,0.10425865650177002,0.2810947597026825,1.1926652789115906,0.6158575544754664,1.7974191568953657,101.18588447570801
image_1926,../data/train_data/train_data/image_1926.png,0,left,-258.05846214294434,218.67683792114258,-168.19296956062317,419.49575448036194,89.86549258232117,200.81891655921936,-213.12571585178375,319.08629620075226,-0.35841453075408936,0.45557674566904705,-0.23360134661197662,0.873949488500754,0.12481318414211273,0.418372742831707,-0.296007938683033,0.6647631170849005,2.234661056080669,168.19296956062317
image_1929,../data/train_data/train_data/image_1929.png,1,left,-200.0798749923706,229.46518325805664,-114.72364783287048,362.0742335319519,85.35622715950012,132.60905027389526,-157.40176141262054,295.7697083950043,-0.2778887152671814,0.47805246512095134,-0.15933839976787567,0.7543213198582331,0.11855031549930573,0.2762688547372818,-0.21861355751752853,0.6161868924895922,1.5535954983822866,114.72364783287048
image_1930,../data/train_data/train_data/image_1930.png,1,left,-151.36491894721985,225.2853717803955,-82.70581305027008,365.5929841995239,68.65910589694977,140.30761241912842,-117.03536599874496,295.4391779899597,-0.2102290540933609,0.46934452454249065,-0.11486918479204178,0.7616520504156749,0.09535986930131912,0.2923075258731842,-0.16254911944270134,0.6154982874790828,2.0435397546498155,82.70581305027008
image_1931,../data/train_data/train_data/image_1931.png,1,right,878.0918025970459,219.49145698547363,932.5827884674072,403.92955446243286,54.49098587036133,184.43809747695923,905.3372955322266,311.71050572395325,1.2195719480514526,0.45727386871973674,1.295253872871399,0.8415199051300685,0.07568192481994629,0.3842460364103317,1.2574129104614258,0.6493968869249026,3.384745101065947,158.0918025970459
image_1933,../data/train_data/train_data/image_1933.png,0,right,837.213134765625,223.86656188964844,954.9264049530029,416.907612323761,117.71327018737793,193.04105043411255,896.069769859314,320.3870871067047,1.1627960205078125,0.46638867060343425,1.3262866735458374,0.8685575256745021,0.1634906530380249,0.4021688550710678,1.244541347026825,0.6674730981389682,1.6399259839338982,117.213134765625
image_1934,../data/train_data/train_data/image_1934.png,0,right,843.8638973236084,220.67320251464844,905.4715347290039,398.487566947937,61.60763740539551,177.81436443328857,874.6677160263062,309.5803847312927,1.1720331907272339,0.45973583857218425,1.2575993537902832,0.8301824311415354,0.08556616306304932,0.3704465925693512,1.2148162722587585,0.6449591348568599,2.8862389781841538,123.8638973236084
image_1936,../data/train_data/train_data/image_1936.png,1,left,-300.9586572647095,221.58844375610352,-159.5914900302887,444.2746021747589,141.36716723442078,222.6861584186554,-230.27507364749908,332.9315229654312,-0.41799813508987427,0.461642591158549,-0.22165484726428986,0.9255720878640811,0.1963432878255844,0.4639294967055321,-0.31982649117708206,0.693607339511315,1.5752325152656428,159.5914900302887
image_1937,../data/train_data/train_data/image_1937.png,0,left,-329.8551678657532,222.41785430908203,-201.8230962753296,426.7380406856537,128.03207159042358,204.32018637657166,-265.8391320705414,324.57794749736786,-0.45813217759132385,0.4633705298105876,-0.28030985593795776,0.8890375847617785,0.1778223216533661,0.42566705495119095,-0.3692210167646408,0.676204057286183,1.59585160060672,201.8230962753296
image_1938,../data/train_data/train_data/image_1938.png,0,left,-187.9924464225769,227.95630836486816,-120.0826370716095,348.668345451355,67.90980935096741,120.71203708648682,-154.0375417470932,288.3123269081116,-0.2611006200313568,0.474908975760142,-0.1667814403772354,0.7263923863569896,0.0943191796541214,0.25148341059684753,-0.2139410302042961,0.6006506810585658,1.7775346189330337,120.0826370716095
image_194,../data/train_data/train_data/image_194.png,0,left,-160.70497155189514,226.54167556762695,-112.82626390457153,346.80988216400146,47.87870764732361,120.26820659637451,-136.76561772823334,286.6757788658142,-0.22320134937763214,0.4719618240992228,-0.1567031443119049,0.7225205878416697,0.06649820506572723,0.2505587637424469,-0.18995224684476852,0.5972412059704463,2.5119351065670927,112.82626390457153
image_1941,../data/train_data/train_data/image_1941.png,1,left,-161.70997381210327,226.00417518615723,-111.9260823726654,352.52304458618164,49.783891439437866,126.51886940002441,-136.81802809238434,289.26360988616943,-0.22459718585014343,0.47084203163782756,-0.1554528921842575,0.7344230095545451,0.06914429366588593,0.26358097791671753,-0.19002503901720047,0.6026325205961863,2.5413615878930376,111.9260823726654
image_1943,../data/train_data/train_data/image_1943.png,1,right,804.3435859680176,221.38350868225098,899.4088840484619,403.15842294692993,95.06529808044434,181.77491426467896,851.8762350082397,312.27096581459045,1.1171438694000244,0.4612156430880229,1.2491790056228638,0.8399133811394374,0.13203513622283936,0.3786977380514145,1.183161437511444,0.6505645121137301,1.912105867599141,84.34358596801758
image_1947,../data/train_data/train_data/image_1947.png,1,left,-219.9209475517273,219.45414924621582,-136.29563570022583,415.47143602371216,83.62531185150146,196.01728677749634,-178.10829162597656,317.462792634964,-0.30544576048851013,0.45719614426294963,-0.18929949402809143,0.865565491716067,0.1161462664604187,0.40836934745311737,-0.24737262725830078,0.6613808179895083,2.343994688182163,136.29563570022583
image_1948,../data/train_data/train_data/image_1948.png,0,left,-245.989830493927,223.02667999267578,-128.5866343975067,420.3243854045868,117.40319609642029,197.297705411911,-187.28823244571686,321.6755326986313,-0.3416525423526764,0.4646389166514079,-0.17859254777431488,0.8756758029262225,0.1630599945783615,0.4110368862748146,-0.26012254506349564,0.6701573597888152,1.6805139210168978,128.5866343975067
image_195,../data/train_data/train_data/image_195.png,0,left,-348.2358956336975,220.0346508026123,-210.03833770751953,439.91916680336,138.19755792617798,219.88451600074768,-279.1371166706085,329.97690880298615,-0.4836609661579132,0.4584055225054423,-0.291719913482666,0.9164982641736666,0.1919410526752472,0.45809274166822433,-0.3876904398202896,0.6874518933395545,1.5910882891158253,210.03833770751953
image_1954,../data/train_data/train_data/image_1954.png,0,right,812.9013347625732,224.59094429016113,863.3089256286621,365.7562198638916,50.40759086608887,141.16527557373047,838.1051301956177,295.17358207702637,1.129029631614685,0.46789780060450237,1.199040174484253,0.7619921247164408,0.07001054286956787,0.2940943241119385,1.164034903049469,0.6149449626604716,2.8004765383202987,92.90133476257324
image_1955,../data/train_data/train_data/image_1955.png,0,left,-237.68187046051025,217.22063446044922,-165.2055037021637,423.216468334198,72.47636675834656,205.99583387374878,-201.44368708133698,320.2185513973236,-0.3301137089729309,0.4525429884592692,-0.22945208847522736,0.8817009756962458,0.10066162049770355,0.4291579872369766,-0.27978289872407913,0.6671219820777575,2.8422483505635414,165.2055037021637
image_1957,../data/train_data/train_data/image_1957.png,0,right,865.1063060760498,212.14583778381348,927.8451061248779,451.0552533864975,62.738800048828125,238.90941560268402,896.4757061004639,331.6005455851555,1.2015365362167358,0.44197049538294475,1.288673758506775,0.9396984445552031,0.08713722229003906,0.4977279491722584,1.2451051473617554,0.6908344699690739,3.8080010363084162,145.1063060760498
image_1960,../data/train_data/train_data/image_1960.png,1,right,854.3063163757324,222.11530113220215,888.8260459899902,378.7966408729553,34.51972961425781,156.68133974075317,871.5661811828613,300.45597100257874,1.1865365505218506,0.4627402106920878,1.234480619430542,0.7891596684853236,0.047944068908691406,0.3264194577932358,1.2105085849761963,0.6259499395887057,4.53889243895,134.30631637573242
image_1962,../data/train_data/train_data/image_1962.png,1,right,821.7129707336426,225.73535346984863,918.1063270568848,382.20552825927734,96.39335632324219,156.4701747894287,869.9096488952637,303.970440864563,1.141268014907837,0.470281986395518,1.2751476764678955,0.7962615172068278,0.1338796615600586,0.3259795308113098,1.2082078456878662,0.6332717518011729,1.6232464638405886,101.71297073364258
image_1964,../data/train_data/train_data/image_1964.png,0,right,827.7844619750977,227.62022399902344,911.2830448150635,364.7296133041382,83.49858283996582,137.10938930511475,869.5337533950806,296.1749186515808,1.14970064163208,0.4742087999979655,1.265670895576477,0.7598533610502879,0.11597025394439697,0.2856445610523224,1.2076857686042786,0.6170310805241267,1.6420564833764892,107.78446197509766
image_1965,../data/train_data/train_data/image_1965.png,0,right,830.7109451293945,221.4449920654297,922.034969329834,402.12899827957153,91.32402420043945,180.68400621414185,876.3729572296143,311.7869951725006,1.1537652015686035,0.4613437334696452,1.2806041240692139,0.837768746415774,0.12683892250061035,0.37642501294612885,1.2171846628189087,0.6495562399427096,1.9784936964404203,110.71094512939453
image_1967,../data/train_data/train_data/image_1967.png,1,right,813.5665225982666,222.74338150024414,850.6107044219971,370.35730266571045,37.04418182373047,147.6139211654663,832.0886135101318,296.5503420829773,1.1299535036087036,0.46404871145884197,1.1814037561416626,0.7715777138868968,0.051450252532958984,0.3075290024280548,1.155678629875183,0.6178132126728694,3.984807165342898,93.5665225982666
image_1968,../data/train_data/train_data/image_1968.png,0,right,890.1179695129395,219.6900119781494,986.1553001403809,432.4811329841614,96.0373306274414,212.79112100601196,938.1366348266602,326.0855724811554,1.2362749576568604,0.45768752495447795,1.3696601390838623,0.9010023603836695,0.13338518142700195,0.4433148354291916,1.3029675483703613,0.6793449426690737,2.215712573598018,170.11796951293945
image_197,../data/train_data/train_data/image_197.png,1,left,-278.6728048324585,216.34859466552734,-147.96873807907104,451.0437502861023,130.70406675338745,234.69515562057495,-213.32077145576477,333.6961724758148,-0.38704556226730347,0.4507262388865153,-0.205512136220932,0.9396744797627131,0.18153342604637146,0.4889482408761978,-0.29627884924411774,0.6952003593246142,1.7956224427461616,147.96873807907104
image_1971,../data/train_data/train_data/image_1971.png,1,right,917.1155834197998,215.45392417907715,981.4722919464111,441.2428834438324,64.35670852661133,225.78895926475525,949.2939376831055,328.3484038114548,1.2737716436386108,0.44886234203974407,1.3631559610366821,0.9192560071746508,0.08938431739807129,0.47039366513490677,1.3184638023376465,0.6840591746071975,3.508398183095273,197.1155834197998
image_1972,../data/train_data/train_data/image_1972.png,1,right,807.2867202758789,229.4872989654541,887.1008491516113,351.8921890258789,79.81412887573242,122.4048900604248,847.1937847137451,290.6897439956665,1.1212315559387207,0.4780985395113627,1.2320845127105713,0.7331087271372477,0.11085295677185059,0.255010187625885,1.176658034324646,0.6056036333243052,1.533624331739617,87.2867202758789
image_1973,../data/train_data/train_data/image_1973.png,1,left,-201.26856565475464,220.0474395751953,-159.2148756980896,393.7592759132385,42.05368995666504,173.7118363380432,-180.24172067642212,306.9033577442169,-0.27953967452049255,0.4584321657816569,-0.22113177180290222,0.8203318248192469,0.05840790271759033,0.36189965903759,-0.2503357231616974,0.6393819953004519,4.130715676009587,159.2148756980896
image_1974,../data/train_data/train_data/image_1974.png,1,left,-260.36569833755493,218.72012519836426,-117.82518267631531,456.1293544769287,142.54051566123962,237.40922927856445,-189.09544050693512,337.4247398376465,-0.3616190254688263,0.4556669274965922,-0.16364608705043793,0.9502694884936015,0.19797293841838837,0.4946025609970093,-0.2626325562596321,0.7029682079950968,1.6655561275138704,117.82518267631531
image_1975,../data/train_data/train_data/image_1975.png,1,left,-205.4711365699768,222.98917198181152,-146.88979268074036,378.1177701950073,58.58134388923645,155.1285982131958,-176.18046462535858,300.5534710884094,-0.28537657856941223,0.46456077496210735,-0.20401360094547272,0.7877453545729319,0.08136297762393951,0.3231845796108246,-0.24469508975744247,0.6261530647675196,2.648088758539024,146.88979268074036
image_1978,../data/train_data/train_data/image_1978.png,0,left,-160.9620237350464,223.7847080230713,-120.70999503135681,365.18555307388306,40.252028703689575,141.40084505081177,-140.8360093832016,294.4851305484772,-0.22355836629867554,0.46621814171473186,-0.16765277087688446,0.7608032355705897,0.05590559542179108,0.29458509385585785,-0.19560556858778,0.6135106886426608,3.5128874147367064,120.70999503135681
image_1979,../data/train_data/train_data/image_1979.png,0,left,-163.81028294563293,223.71744537353516,-123.3543312549591,366.43006229400635,40.45595169067383,142.7126169204712,-143.58230710029602,295.07375383377075,-0.22751428186893463,0.4660780111948649,-0.1713254600763321,0.7633959631125132,0.05618882179260254,0.2973179519176483,-0.19941987097263336,0.6147369871536891,3.527604986570375,123.3543312549591
image_198,../data/train_data/train_data/image_198.png,0,right,853.1414222717285,220.89990997314453,892.2411632537842,390.68296098709106,39.099740982055664,169.78305101394653,872.6912927627563,305.7914354801178,1.1849186420440674,0.46020814577738445,1.239223837852478,0.8139228353897731,0.054305195808410645,0.3537146896123886,1.2120712399482727,0.6370654905835788,4.342306285145631,133.14142227172852
image_1982,../data/train_data/train_data/image_1982.png,0,left,-286.09132289886475,216.67374992370605,-233.51543426513672,421.1667206287384,52.57588863372803,204.49297070503235,-259.80337858200073,318.92023527622223,-0.3973490595817566,0.4514036456743876,-0.3243269920349121,0.8774306679765383,0.07302206754684448,0.4260270223021507,-0.36083802580833435,0.664417156825463,3.88948196633709,233.51543426513672
image_1984,../data/train_data/train_data/image_1984.png,1,left,-216.40459299087524,218.30367469787598,-169.48686718940735,406.72284984588623,46.917725801467896,188.41917514801025,-192.9457300901413,312.5132622718811,-0.30056193470954895,0.4547993222872416,-0.23539842665195465,0.847339270512263,0.0651635080575943,0.39253994822502136,-0.2679801806807518,0.6510692963997523,4.015948597877591,169.48686718940735
image_1985,../data/train_data/train_data/image_1985.png,0,left,-170.06051659584045,222.96780014038086,-130.25600910186768,371.7723717689514,39.80450749397278,148.80457162857056,-150.15826284885406,297.37008595466614,-0.2361951619386673,0.46451625029246013,-0.180911123752594,0.7745257745186488,0.0552840381860733,0.31000952422618866,-0.20855314284563065,0.6195210124055545,3.7383849467576664,130.25600910186768
image_1986,../data/train_data/train_data/image_1986.png,1,left,-184.59651231765747,222.42288970947266,-151.41040921211243,373.5159721374512,33.186103105545044,151.09308242797852,-168.00346076488495,297.9694309234619,-0.2563840448856354,0.46338102022806804,-0.21029223501682281,0.7781582752863566,0.04609180986881256,0.3147772550582886,-0.2333381399512291,0.6207696477572123,4.552902217757905,151.41040921211243
image_1987,../data/train_data/train_data/image_1987.png,1,left,-157.26245284080505,224.6192111968994,-126.24348878860474,356.8247928619385,31.018964052200317,132.20558166503906,-141.7529708147049,290.72200202941895,-0.21842007339000702,0.46795668999354045,-0.17533817887306213,0.7433849851290385,0.043081894516944885,0.27542829513549805,-0.19687912613153458,0.6056708375612895,4.262088877067483,126.24348878860474
image_1988,../data/train_data/train_data/image_1988.png,0,left,-231.59351348876953,223.64048385620117,-139.1939127445221,398.76187467575073,92.39960074424744,175.12139081954956,-185.3937131166458,311.20117926597595,-0.321657657623291,0.4659176747004191,-0.19332487881183624,0.8307539055744807,0.12833277881145477,0.3648362308740616,-0.25749126821756363,0.6483357901374499,1.8952613367266327,139.1939127445221
image_1989,../data/train_data/train_data/image_1989.png,1,left,-155.65183997154236,228.7677230834961,-78.75704348087311,351.49951362609863,76.89479649066925,122.73179054260254,-117.20444172620773,290.13361835479736,-0.2161831110715866,0.47659942309061687,-0.10938478261232376,0.7322906533877055,0.10679832845926285,0.2556912302970886,-0.16278394684195518,0.6044450382391612,1.5961000762580255,78.75704348087311
image_199,../data/train_data/train_data/image_199.png,0,right,867.4257946014404,222.38034629821777,993.7814426422119,424.4804503917694,126.35564804077148,202.10010409355164,930.6036186218262,323.4303983449936,1.2047580480575562,0.46329238812128704,1.3802520036697388,0.8843342716495196,0.17549395561218262,0.4210418835282326,1.2925050258636475,0.6738133298854033,1.5994544543694595,147.42579460144043
image_1990,../data/train_data/train_data/image_1990.png,1,right,847.0156002044678,220.83982849121094,1000.8520889282227,456.6952129602432,153.83648872375488,235.8553844690323,923.9338445663452,338.7675207257271,1.1764105558395386,0.4600829760233561,1.3900723457336426,0.9514483603338401,0.213661789894104,0.49136538431048393,1.2832414507865906,0.7057656681785981,1.5331563169812024,127.01560020446777
image_1991,../data/train_data/train_data/image_1991.png,1,left,-219.63489532470703,221.75761604309082,-97.93439269065857,420.505970954895,121.70050263404846,198.7483549118042,-158.7846440076828,321.1317934989929,-0.30504846572875977,0.4619950334231059,-0.1360199898481369,0.8760541061560313,0.16902847588062286,0.4140590727329254,-0.22053422778844833,0.6690245697895686,1.6330939528609627,97.93439269065857
image_1993,../data/train_data/train_data/image_1993.png,0,right,832.4830055236816,227.33746910095215,916.2460327148438,360.8681049346924,83.76302719116211,133.53063583374023,874.3645191192627,294.10278701782227,1.156226396560669,0.4736197272936503,1.2725639343261719,0.7518085519472758,0.11633753776550293,0.2781888246536255,1.2143951654434204,0.6127141396204631,1.5941476843834643,112.48300552368164
image_1996,../data/train_data/train_data/image_1996.png,0,right,810.8892917633057,225.8911361694336,917.450065612793,393.2112112045288,106.5607738494873,167.32007503509521,864.1696786880493,309.5511736869812,1.1262351274490356,0.47060653368632,1.2742362022399902,0.8191900233427684,0.1480010747909546,0.34858348965644836,1.200235664844513,0.6448982785145442,1.5701844965148988,90.88929176330566
image_1997,../data/train_data/train_data/image_1997.png,0,right,819.6574974060059,227.84839057922363,898.4328174591064,365.7615485191345,78.77532005310059,137.9131579399109,859.0451574325562,296.8049695491791,1.1384131908416748,0.47468414704004924,1.2478233575820923,0.7620032260815303,0.10941016674041748,0.287319079041481,1.1931182742118835,0.6183436865607898,1.7507152982297867,99.65749740600586
image_1998,../data/train_data/train_data/image_1998.png,0,right,827.7430057525635,227.2724666595459,931.0267639160156,389.63363790512085,103.28375816345215,162.36117124557495,879.3848848342896,308.4530522823334,1.149643063545227,0.47348430554072063,1.2930927276611328,0.8117367456356684,0.14344966411590576,0.3382524400949478,1.22136789560318,0.6426105255881945,1.5719913191833086,107.74300575256348
image_1999,../data/train_data/train_data/image_1999.png,1,right,831.8273448944092,217.40579986572266,926.500997543335,432.8848555088043,94.67365264892578,215.47905564308167,879.1641712188721,325.1453276872635,1.1553157567977905,0.45292874972025554,1.2868069410324097,0.9018434489766757,0.13149118423461914,0.44891469925642014,1.2210613489151,0.6773860993484656,2.2760192473204066,111.82734489440918
image_2,../data/train_data/train_data/image_2.png,0,right,871.8668460845947,218.14234161376953,945.3596305847168,423.0768539905548,73.49278450012207,204.93451237678528,908.6132383346558,320.60959780216217,1.2109261751174927,0.4544632116953532,1.3129994869232178,0.8814101124803225,0.1020733118057251,0.42694690078496933,1.2619628310203552,0.6679366620878379,2.7884984052610617,151.86684608459473
image_20,../data/train_data/train_data/image_20.png,1,right,831.2208652496338,224.06139755249023,862.7770328521729,360.4335870742798,31.556167602539062,136.37218952178955,846.9989490509033,292.247492313385,1.1544734239578247,0.46679457823435466,1.1983014345169067,0.7509033064047496,0.04382801055908203,0.2841087281703949,1.1763874292373657,0.6088489423195521,4.321570072749164,111.22086524963379
image_200,../data/train_data/train_data/image_200.png,1,right,804.3283081054688,228.5783519744873,876.7415142059326,348.80144023895264,72.41320610046387,120.22308826446533,840.5349111557007,288.68989610671997,1.1171226501464844,0.47620489994684856,1.2176965475082397,0.7266696671644847,0.10057389736175537,0.2504647672176361,1.167409598827362,0.6014372835556666,1.660237058108869,84.32830810546875
image_2000,../data/train_data/train_data/image_2000.png,1,right,863.6016082763672,221.0970344543457,998.5594654083252,436.8277814388275,134.957857131958,215.7307469844818,931.0805368423462,328.9624079465866,1.199446678161621,0.4606188217798869,1.3868881464004517,0.9100578779975573,0.18744146823883057,0.44943905621767044,1.2931674122810364,0.6853383498887221,1.5985045374093807,143.6016082763672
image_2002,../data/train_data/train_data/image_2002.png,0,right,822.456521987915,228.1854476928711,909.8595428466797,363.95561361312866,87.40302085876465,135.77016592025757,866.1580324172974,296.0705306529999,1.1423007249832153,0.4753863493601481,1.2636938095092773,0.758240861694018,0.12139308452606201,0.28285451233386993,1.2029972672462463,0.6168136055270831,1.5533807022488368,102.45652198791504
image_2004,../data/train_data/train_data/image_2004.png,1,left,-199.03613090515137,227.52294921875,-121.26544833183289,368.0580344200134,77.77068257331848,140.53508520126343,-160.15078961849213,297.7904918193817,-0.2764390707015991,0.4740061442057292,-0.16842423379421234,0.7667875717083613,0.10801483690738678,0.29278142750263214,-0.22243165224790573,0.6203968579570452,1.8070445128056278,121.26544833183289
image_2007,../data/train_data/train_data/image_2007.png,0,left,-332.8625679016113,221.60043144226074,-196.00431203842163,437.3563446998596,136.8582558631897,215.75591325759888,-264.4334399700165,329.4783880710602,-0.4623091220855713,0.4616675655047099,-0.2722282111644745,0.9111590514580409,0.1900809109210968,0.449491485953331,-0.3672686666250229,0.6864133084813754,1.57649176439366,196.00431203842163
image_2008,../data/train_data/train_data/image_2008.png,0,right,894.7833824157715,217.60721588134766,996.232852935791,436.51264691352844,101.44947052001953,218.9054310321808,945.5081176757812,327.05993139743805,1.2427546977996826,0.4533483664194743,1.3836567401885986,0.9094013477365176,0.14090204238891602,0.4560529813170433,1.3132057189941406,0.6813748570779959,2.157777954976937,174.78338241577148
image_2009,../data/train_data/train_data/image_2009.png,1,left,-164.43474411964417,228.95984077453613,-86.34590864181519,354.74467182159424,78.08883547782898,125.7848310470581,-125.39032638072968,291.8522562980652,-0.22838158905506134,0.4769996682802836,-0.1199248731136322,0.7390513996283213,0.10845671594142914,0.2620517313480377,-0.17415323108434677,0.6080255339543025,1.610791482257038,86.34590864181519
image_2020,../data/train_data/train_data/image_2020.png,1,right,802.4203777313232,226.8871726989746,905.0704479217529,392.92170429229736,102.65007019042969,166.03453159332275,853.7454128265381,309.904438495636,1.11447274684906,0.47268160978953044,1.2570422887802124,0.8185868839422862,0.14256954193115234,0.34590527415275574,1.1857575178146362,0.6456342468659083,1.6174809358172515,82.42037773132324
image_2021,../data/train_data/train_data/image_2021.png,0,right,811.7773818969727,223.31158065795898,950.0772285461426,439.36993980407715,138.29984664916992,216.05835914611816,880.9273052215576,331.34076023101807,1.1274685859680176,0.4652324597040812,1.319551706314087,0.9153540412584941,0.19208312034606934,0.45012158155441284,1.2235101461410522,0.6902932504812876,1.5622458331006035,91.77738189697266
image_2022,../data/train_data/train_data/image_2022.png,1,right,810.2204990386963,224.6108570098877,840.3942775726318,354.02416610717773,30.173778533935547,129.41330909729004,825.3073883056641,289.3175115585327,1.125306248664856,0.46793928543726604,1.167214274406433,0.7375503460566203,0.04190802574157715,0.26961106061935425,1.1462602615356445,0.6027448157469432,4.288932821315128,90.22049903869629
image_2024,../data/train_data/train_data/image_2024.png,0,left,-188.12638521194458,221.9496192932129,-145.80957055091858,380.0893225669861,42.316814661026,158.1397032737732,-166.96797788143158,301.0194709300995,-0.2612866461277008,0.46239504019419353,-0.20251329243183136,0.7918527553478877,0.058773353695869446,0.32945771515369415,-0.23189996927976608,0.6271238977710406,3.7370417537457197,145.80957055091858
image_2027,../data/train_data/train_data/image_2027.png,1,right,834.3281078338623,216.357177734375,914.1370868682861,439.9539532661438,79.80897903442383,223.5967755317688,874.2325973510742,328.1555655002594,1.158789038658142,0.4507441202799479,1.2696348428726196,0.9165707359711329,0.11084580421447754,0.465826615691185,1.2142119407653809,0.6836574281255404,2.8016493662364144,114.3281078338623
image_203,../data/train_data/train_data/image_203.png,1,right,815.7215595245361,223.23587799072266,906.2727642059326,402.90620946884155,90.55120468139648,179.6703314781189,860.9971618652344,313.0710437297821,1.1329466104507446,0.46507474581400554,1.2587121725082397,0.8393879363934199,0.12576556205749512,0.37431319057941437,1.1958293914794922,0.6522313411037127,1.9841848831309001,95.72155952453613
image_2030,../data/train_data/train_data/image_2030.png,1,left,-209.07574653625488,224.46274185180664,-97.71459102630615,399.98145723342896,111.36115550994873,175.51871538162231,-153.39516878128052,312.2220995426178,-0.290382981300354,0.46763071219126384,-0.13571470975875854,0.8332947025696437,0.15466827154159546,0.3656639903783798,-0.21304884552955627,0.6504627073804538,1.5761215351787716,97.71459102630615
image_2031,../data/train_data/train_data/image_2031.png,1,left,-168.73438954353333,229.62631607055664,-92.4908173084259,349.81252574920654,76.24357223510742,120.1862096786499,-130.61260342597961,289.7194209098816,-0.23435331881046295,0.47838815848032634,-0.12845946848392487,0.728776095310847,0.10589385032653809,0.25038793683052063,-0.1814063936471939,0.6035821268955867,1.576345469596301,92.4908173084259
image_2033,../data/train_data/train_data/image_2033.png,0,left,-274.3135929107666,219.58781623840332,-148.1457531452179,436.53493428230286,126.1678397655487,216.94711804389954,-211.22967302799225,328.0613752603531,-0.3809911012649536,0.45747461716334026,-0.2057579904794693,0.9094477797547976,0.17523311078548431,0.45197316259145737,-0.29337454587221146,0.6834611984590689,1.7195120281605942,148.1457531452179
image_2034,../data/train_data/train_data/image_2034.png,1,right,828.1881237030029,227.66585731506348,911.8539905548096,373.2817187309265,83.66586685180664,145.61586141586304,870.0210571289062,300.473788022995,1.1502612829208374,0.47430386940638225,1.2664638757705688,0.7776702473560969,0.11620259284973145,0.30336637794971466,1.2083625793457031,0.6259870583812396,1.740445260356717,108.18812370300293
image_2035,../data/train_data/train_data/image_2035.png,1,left,-179.67427253723145,223.10161018371582,-113.93564701080322,374.1060438156128,65.73862552642822,151.00443363189697,-146.80495977401733,298.6038269996643,-0.24954760074615479,0.46479502121607463,-0.15824395418167114,0.7793875912825267,0.09130364656448364,0.314592570066452,-0.20389577746391296,0.6220913062493006,2.2970427571715843,113.93564701080322
image_2038,../data/train_data/train_data/image_2038.png,1,left,-217.07083225250244,222.97446632385254,-111.89044117927551,401.92316198349,105.18039107322693,178.94869565963745,-164.48063671588898,312.44881415367126,-0.3014872670173645,0.4645301381746928,-0.15540339052677155,0.8373399207989375,0.14608387649059296,0.3728097826242447,-0.22844532877206802,0.6509350294868151,1.7013503546973199,111.89044117927551
image_204,../data/train_data/train_data/image_204.png,0,left,-204.04495239257812,225.77157402038574,-133.41200351715088,369.8990454673767,70.63294887542725,144.12747144699097,-168.7284779548645,297.8353097438812,-0.28339576721191406,0.47035744587580364,-0.18529444932937622,0.7706230113903682,0.09810131788253784,0.3002655655145645,-0.23434510827064514,0.6204902286330859,2.0405132978545653,133.41200351715088
image_2042,../data/train_data/train_data/image_2042.png,0,left,-233.82826566696167,222.51839065551758,-150.17528414726257,401.8013610839844,83.6529815196991,179.2829704284668,-192.00177490711212,312.159875869751,-0.3247614800930023,0.4635799805323283,-0.20857678353786469,0.8370861689249675,0.11618469655513763,0.37350618839263916,-0.2666691318154335,0.6503330747286479,2.1431749014976615,150.17528414726257
image_2044,../data/train_data/train_data/image_2044.png,1,right,780.9958362579346,228.99849319458008,858.2384777069092,353.58680152893066,77.24264144897461,124.58830833435059,819.6171569824219,291.29264736175537,1.0847164392471313,0.47708019415537517,1.1919978857040405,0.7366391698519389,0.10728144645690918,0.2595589756965637,1.138357162475586,0.606859682003657,1.6129472788246353,60.99583625793457
image_2046,../data/train_data/train_data/image_2046.png,0,right,837.5647830963135,225.1081314086914,948.3504867553711,398.99853134155273,110.78570365905762,173.89039993286133,892.9576349258423,312.05333137512207,1.163284420967102,0.4689752737681071,1.3171534538269043,0.8312469402949015,0.15386903285980225,0.36227166652679443,1.2402189373970032,0.6501111070315043,1.5696104658775112,117.56478309631348
image_2049,../data/train_data/train_data/image_2049.png,1,left,-258.3601999282837,219.60976028442383,-196.79783821105957,411.16097593307495,61.56236171722412,191.55121564865112,-227.57901906967163,315.3853681087494,-0.3588336110115051,0.457520333925883,-0.27333033084869385,0.8565853665272395,0.08550328016281128,0.3990650326013565,-0.3160819709300995,0.6570528502265612,3.1114988168989997,196.79783821105957
image_205,../data/train_data/train_data/image_205.png,1,right,862.6560974121094,217.09600830078125,958.6368656158447,445.8309700489044,95.98076820373535,228.73496174812317,910.646481513977,331.46348917484283,1.1981334686279297,0.4522833506266276,1.3314400911331177,0.9288145209352175,0.133306622505188,0.47653117030858994,1.2647867798805237,0.6905489357809226,2.3831332675166204,142.65609741210938
image_2050,../data/train_data/train_data/image_2050.png,1,right,831.9792652130127,224.20782470703125,896.2994956970215,376.44935750961304,64.32023048400879,152.2415328025818,864.1393804550171,300.32859110832214,1.1555267572402954,0.4670996348063151,1.2448604106903076,0.7842694948116938,0.08933365345001221,0.3171698600053787,1.2001935839653015,0.6256845648090045,2.366930772122029,111.9792652130127
image_2052,../data/train_data/train_data/image_2052.png,1,left,-242.8926944732666,225.16277694702148,-127.47581362724304,409.3056740760803,115.41688084602356,184.14289712905884,-185.18425405025482,317.2342255115509,-0.3373509645462036,0.4690891186396281,-0.17704974114894867,0.8527201543251673,0.16030122339725494,0.38363103568553925,-0.25720035284757614,0.6609046364823977,1.5954589638817387,127.47581362724304
image_2053,../data/train_data/train_data/image_2053.png,0,right,878.2345390319824,221.20898628234863,997.1884918212891,421.13454484939575,118.95395278930664,199.92555856704712,937.7115154266357,321.1717655658722,1.2197701930999756,0.460852054754893,1.384984016418457,0.8773636351029078,0.16521382331848145,0.41651158034801483,1.3023771047592163,0.6691078449289004,1.6806970586438503,158.23453903198242
image_2054,../data/train_data/train_data/image_2054.png,1,left,-225.78706741333008,219.46324729919434,-158.27748656272888,409.3745102882385,67.5095808506012,189.9112629890442,-192.03227698802948,314.41887879371643,-0.31359314918518066,0.4572150985399882,-0.21982984244823456,0.8528635631004969,0.0937633067369461,0.39564846456050873,-0.2667114958167076,0.6550393308202426,2.813100905030326,158.27748656272888
image_2055,../data/train_data/train_data/image_2055.png,0,right,805.2861785888672,227.22503089904785,895.0382995605469,378.1932439804077,89.75212097167969,150.96821308135986,850.162239074707,302.7091374397278,1.118453025817871,0.47338548103968303,1.2431087493896484,0.7879025916258494,0.12465572357177734,0.3145171105861664,1.1807808876037598,0.6306440363327662,1.6820573313136105,85.28617858886719
image_2057,../data/train_data/train_data/image_2057.png,1,left,-265.40318727493286,219.65113067626953,-157.4836814403534,440.4488637447357,107.91950583457947,220.7977330684662,-211.44343435764313,330.0499972105026,-0.3686155378818512,0.4576065222422282,-0.21872733533382416,0.9176017994681994,0.14988820254802704,0.4599952772259712,-0.2936714366078377,0.6876041608552138,2.0459483330743566,157.4836814403534
image_2058,../data/train_data/train_data/image_2058.png,1,right,837.841329574585,219.18074989318848,945.2204990386963,445.2333130836487,107.37916946411133,226.0525631904602,891.5309143066406,332.2070314884186,1.1636685132980347,0.456626562277476,1.312806248664856,0.9275694022576014,0.1491377353668213,0.4709428399801254,1.2382373809814453,0.6920979822675387,2.105180774992047,117.84132957458496
image_2059,../data/train_data/train_data/image_2059.png,1,right,896.6873645782471,217.21039199829102,964.2415237426758,426.72809863090515,67.55415916442871,209.51770663261414,930.4644441604614,321.9692453145981,1.2453991174697876,0.4525216499964396,1.3392243385314941,0.8890168721477191,0.09382522106170654,0.43649522215127945,1.2923117280006409,0.6707692610720793,3.1014775289059875,176.68736457824707
image_2060,../data/train_data/train_data/image_2060.png,0,right,871.496057510376,220.14903450012207,929.9383449554443,400.3815999031067,58.44228744506836,180.23256540298462,900.7172012329102,310.2653172016144,1.2104111909866333,0.4586438218752543,1.2915810346603394,0.8341283331314723,0.08116984367370605,0.37548451125621796,1.2509961128234863,0.6463860775033633,3.0839409831860287,151.49605751037598
image_2062,../data/train_data/train_data/image_2062.png,0,right,798.5579109191895,225.64408683776855,908.0831050872803,392.60376596450806,109.52519416809082,166.9596791267395,853.3205080032349,309.1239264011383,1.1091082096099854,0.4700918475786845,1.2612265348434448,0.8179245124260585,0.15211832523345947,0.34783266484737396,1.185167372226715,0.6440081800023715,1.5243951895716583,78.55791091918945
image_2063,../data/train_data/train_data/image_2063.png,0,left,-245.27758598327637,226.5550079345703,-133.85098457336426,397.72323751449585,111.42660140991211,171.16822957992554,-189.5642852783203,312.1391227245331,-0.3406633138656616,0.47198959986368816,-0.1859041452407837,0.8285900781551997,0.15475916862487793,0.35660047829151154,-0.26328372955322266,0.6502898390094439,1.5361522958978,133.85098457336426
image_2065,../data/train_data/train_data/image_2065.png,0,right,916.442756652832,214.80713272094727,969.671688079834,433.144743680954,53.22893142700195,218.3376109600067,943.057222366333,323.9759382009506,1.2728371620178223,0.4475148598353068,1.3467662334442139,0.9023848826686541,0.0739290714263916,0.4548700228333473,1.309801697731018,0.6749498712519805,4.1018597425618895,196.44275665283203
image_2066,../data/train_data/train_data/image_2066.png,0,right,894.8534202575684,219.00994682312012,937.3233032226562,399.3639054298401,42.46988296508789,180.35395860671997,916.0883617401123,309.1869261264801,1.242851972579956,0.4562707225481669,1.3018379211425781,0.8320081363121669,0.05898594856262207,0.37573741376399994,1.272344946861267,0.6441394294301669,4.246631872166421,174.85342025756836
image_2067,../data/train_data/train_data/image_2067.png,0,right,870.3971672058105,216.63360977172852,916.8780899047852,422.8016951084137,46.48092269897461,206.16808533668518,893.6376285552979,319.7176524400711,1.2088849544525146,0.45132002035776775,1.2734417915344238,0.8808368648091952,0.06455683708190918,0.42951684445142746,1.2411633729934692,0.6660784425834815,4.43554201089974,150.39716720581055
image_2068,../data/train_data/train_data/image_2068.png,0,left,-252.38065481185913,220.92574501037598,-175.60869812965393,394.02078771591187,76.7719566822052,173.0950427055359,-213.99467647075653,307.4732663631439,-0.35052868723869324,0.4602619687716166,-0.24390096962451935,0.8208766410748164,0.10662771761417389,0.36061467230319977,-0.2972148284316063,0.6405693049232165,2.2546649868786943,175.60869812965393
image_2069,../data/train_data/train_data/image_2069.png,0,right,875.3695964813232,220.41579627990723,920.1407718658447,390.3750147819519,44.771175384521484,169.95921850204468,897.755184173584,305.39540553092957,1.21579110622406,0.45919957558314006,1.2779732942581177,0.8132812807957331,0.06218218803405762,0.3540817052125931,1.2468822002410889,0.6362404281894366,3.7961750399075704,155.36959648132324
image_207,../data/train_data/train_data/image_207.png,0,right,821.3329982757568,227.79892349243164,912.1356010437012,369.3829097747803,90.80260276794434,141.58398628234863,866.734299659729,298.59091663360596,1.1407402753829956,0.4745810906092326,1.266855001449585,0.7695477286974589,0.12611472606658936,0.2949666380882263,1.2037976384162903,0.6220644096533458,1.5592503074408726,101.33299827575684
image_2070,../data/train_data/train_data/image_2070.png,1,right,854.6189975738525,222.48271369934082,978.3389568328857,419.239599943161,123.7199592590332,196.7568862438202,916.4789772033691,320.8611568212509,1.186970829963684,0.4635056535402934,1.3588041067123413,0.8734158332149188,0.17183327674865723,0.4099101796746254,1.2728874683380127,0.6684607433776061,1.59034069702423,134.61899757385254
image_2074,../data/train_data/train_data/image_2074.png,1,right,785.7321453094482,229.42163848876953,868.7873268127441,356.681884765625,83.0551815032959,127.26024627685547,827.2597360610962,293.05176162719727,1.0912946462631226,0.4779617468516032,1.2066490650177002,0.7430872599283854,0.11535441875457764,0.2651255130767822,1.1489718556404114,0.6105245033899943,1.5322372905994477,65.73214530944824
image_2077,../data/train_data/train_data/image_2077.png,1,left,-213.2594132423401,222.16099166870117,-151.00570678710938,385.4555287361145,62.25370645523071,163.29453706741333,-182.13256001472473,303.80826020240784,-0.2961936295032501,0.4628353993097941,-0.2097301483154297,0.8030323515335719,0.08646348118782043,0.34019695222377777,-0.2529618889093399,0.632933875421683,2.6230492345840544,151.00570678710938
image_2085,../data/train_data/train_data/image_2085.png,0,right,836.8251800537109,225.89122200012207,864.9227142333984,348.7709560394287,28.0975341796875,122.87973403930664,850.8739471435547,287.3310890197754,1.162257194519043,0.4706067125002543,1.2012815475463867,0.7266061584154765,0.03902435302734375,0.25599944591522217,1.1817693710327148,0.5986064354578654,4.3733280384490065,116.82518005371094
image_2087,../data/train_data/train_data/image_2087.png,1,left,-218.0967879295349,219.67201614379883,-161.00826501846313,399.84314823150635,57.08852291107178,180.17113208770752,-189.55252647399902,309.7575821876526,-0.3029122054576874,0.45765003363291423,-0.22362259030342102,0.8330065588156382,0.07928961515426636,0.375356525182724,-0.2632673978805542,0.6453282962242762,3.155995687055428,161.00826501846313
image_209,../data/train_data/train_data/image_209.png,1,right,837.9442405700684,216.4465847015381,897.7103805541992,421.1124470233917,59.76613998413086,204.66586232185364,867.8273105621338,318.7795158624649,1.163811445236206,0.450930384794871,1.2468199729919434,0.8773175979653994,0.0830085277557373,0.4263872131705284,1.2053157091140747,0.6641239913801352,3.4244450515993945,117.94424057006836
image_2092,../data/train_data/train_data/image_2092.png,1,right,861.4336109161377,220.92940711975098,948.8038444519043,414.36522150039673,87.3702335357666,193.43581438064575,905.118727684021,317.64731431007385,1.196435570716858,0.4602695981661479,1.3177831172943115,0.8632608781258265,0.12134754657745361,0.40299127995967865,1.2571093440055847,0.6617652381459872,2.213978451842632,141.4336109161377
image_2093,../data/train_data/train_data/image_2093.png,1,left,-159.91207838058472,224.58462142944336,-127.65676617622375,356.1720504760742,32.25531220436096,131.58742904663086,-143.78442227840424,290.3783359527588,-0.22210010886192322,0.467884627978007,-0.1773010641336441,0.742025105158488,0.044799044728279114,0.27414047718048096,-0.19970058649778366,0.6049548665682475,4.0795583751578155,127.65676617622375
image_21,../data/train_data/train_data/image_21.png,1,left,-159.4058918952942,225.25507354736328,-93.22484135627747,364.011088848114,66.18105053901672,138.75601530075073,-126.31536662578583,294.63308119773865,-0.22139707207679749,0.4692814032236735,-0.12947894632816315,0.7583564351002375,0.09191812574863434,0.289075031876564,-0.17543800920248032,0.6138189191619555,2.09661246188511,93.22484135627747
image_210,../data/train_data/train_data/image_210.png,0,left,-174.56472873687744,226.38981246948242,-111.40966057777405,355.44975662231445,63.155068159103394,129.05994415283203,-142.98719465732574,290.91978454589844,-0.242451012134552,0.47164544264475505,-0.15473563969135284,0.7405203262964885,0.08771537244319916,0.2688748836517334,-0.19859332591295242,0.6060828844706218,2.0435405726694458,111.40966057777405
image_2103,../data/train_data/train_data/image_2103.png,1,left,-153.07000994682312,229.2002239227295,-91.08762502670288,348.6407651901245,61.98238492012024,119.44054126739502,-122.078817486763,288.920494556427,-0.21259723603725433,0.47750046650568645,-0.1265105903148651,0.7263349274794261,0.08608664572238922,0.24883446097373962,-0.16955391317605972,0.6019176969925563,1.9270078332952814,91.08762502670288
image_2105,../data/train_data/train_data/image_2105.png,0,left,-187.54417419433594,220.7894458770752,-145.91062545776367,387.027503490448,41.633548736572266,166.2380576133728,-166.7273998260498,303.9084746837616,-0.26047801971435547,0.45997801224390666,-0.2026536464691162,0.8063072989384333,0.05782437324523926,0.3463292866945267,-0.23156583309173584,0.63314265559117,3.9928870504220044,145.91062545776367
image_2106,../data/train_data/train_data/image_2106.png,1,right,863.6283016204834,215.5013313293457,947.6483917236328,452.25713872909546,84.02009010314941,236.75580739974976,905.6383466720581,333.8792350292206,1.1994837522506714,0.4489611069361369,1.316178321838379,0.9422023723522822,0.11669456958770752,0.4932412654161453,1.2578310370445251,0.6955817396442096,2.8178475779910546,143.6283016204834
image_2107,../data/train_data/train_data/image_2107.png,1,right,814.112663269043,221.8711986541748,858.4396648406982,381.5487732887268,44.32700157165527,159.677574634552,836.2761640548706,301.7099859714508,1.1307120323181152,0.4622316638628642,1.1922773122787476,0.7948932776848475,0.061565279960632324,0.33266161382198334,1.1614946722984314,0.6285624707738559,3.602264285267091,94.11266326904297
image_2109,../data/train_data/train_data/image_2109.png,0,left,-232.8106141090393,225.6431427001953,-137.56476044654846,381.98938512802124,95.24585366249084,156.34624242782593,-185.18768727779388,303.8162639141083,-0.3233480751514435,0.4700898806254069,-0.19106216728687286,0.7958112190167109,0.13228590786457062,0.325721338391304,-0.2572051212191582,0.6329505498210589,1.6415018230803813,137.56476044654846
image_211,../data/train_data/train_data/image_211.png,0,left,-168.914794921875,225.3168716430664,-121.12456798553467,355.31547451019287,47.79022693634033,129.99860286712646,-145.01968145370483,290.31617307662964,-0.2346038818359375,0.46941014925638835,-0.16822856664657593,0.7402405718962352,0.06637531518936157,0.2708304226398468,-0.2014162242412567,0.6048253605763118,2.720192206667966,121.12456798553467
image_2110,../data/train_data/train_data/image_2110.png,1,right,815.6386470794678,224.63251495361328,861.5771198272705,361.26569414138794,45.938472747802734,136.63317918777466,838.6078834533691,292.9491045475006,1.1328314542770386,0.467984406153361,1.1966348886489868,0.7526368627945582,0.06380343437194824,0.2846524566411972,1.1647331714630127,0.6103106344739596,2.9742647287792106,95.63864707946777
image_2112,../data/train_data/train_data/image_2112.png,0,left,-278.76490116119385,224.25843620300293,-177.4316668510437,408.17458295822144,101.33323431015015,183.9161467552185,-228.09828400611877,316.2165095806122,-0.38717347383499146,0.4672050754229228,-0.24643287062644958,0.8503637144962947,0.14074060320854187,0.3831586390733719,-0.3168031722307205,0.6587843949596087,1.814963748145127,177.4316668510437
image_2113,../data/train_data/train_data/image_2113.png,1,left,-191.66100025177002,226.74271965026855,-103.8612699508667,366.58572340011597,87.79973030090332,139.8430037498474,-147.76113510131836,296.66422152519226,-0.2661958336830139,0.4723806659380595,-0.1442517638206482,0.7637202570835749,0.12194406986236572,0.29133959114551544,-0.20522379875183105,0.6180504615108172,1.5927498099434214,103.8612699508667
image_2116,../data/train_data/train_data/image_2116.png,0,right,826.023473739624,228.2366600036621,908.5502815246582,364.81270456314087,82.52680778503418,136.57604455947876,867.2868776321411,296.5246822834015,1.1472548246383667,0.47549304167429607,1.2618753910064697,0.7600264678398768,0.11462056636810303,0.28453342616558075,1.2045651078224182,0.6177597547570864,1.654929449291581,106.02347373962402
image_2118,../data/train_data/train_data/image_2118.png,1,right,801.3782215118408,229.17696380615234,878.8076305389404,349.99252700805664,77.42940902709961,120.8155632019043,840.0929260253906,289.5847454071045,1.1130253076553345,0.47745200792948406,1.2205661535263062,0.7291510979334513,0.10754084587097168,0.2516990900039673,1.1667957305908203,0.6033015529314677,1.5603317230487956,81.37822151184082
image_2119,../data/train_data/train_data/image_2119.png,1,right,818.2336521148682,226.11275100708008,870.7960224151611,352.84708404541016,52.56237030029297,126.73433303833008,844.5148372650146,289.4799175262451,1.136435627937317,0.47106823126475017,1.2094389200210571,0.7350980917612712,0.07300329208374023,0.264029860496521,1.172937273979187,0.6030831615130107,2.411122868209459,98.23365211486816
image_212,../data/train_data/train_data/image_212.png,0,right,874.9575233459473,223.73787307739258,1007.2537708282471,428.37469959259033,132.2962474822998,204.63682651519775,941.1056470870972,326.05628633499146,1.2152187824249268,0.46612056891123455,1.3989635705947876,0.8924472908178965,0.18374478816986084,0.426326721906662,1.3070911765098572,0.6792839298645655,1.546807490080749,154.95752334594727
image_2123,../data/train_data/train_data/image_2123.png,1,right,816.4379024505615,221.6642608642578,957.2024631500244,441.1666944026947,140.7645606994629,219.5024335384369,886.820182800293,331.41547763347626,1.1339415311813354,0.4618005434672038,1.329447865486145,0.919097280005614,0.19550633430480957,0.4572967365384102,1.2316946983337402,0.6904489117364089,1.559358637200467,96.43790245056152
image_2126,../data/train_data/train_data/image_2126.png,0,left,-248.35957288742065,218.50878143310547,-139.72128868103027,446.8758227825165,108.63828420639038,228.367041349411,-194.04043078422546,332.692302107811,-0.3449438512325287,0.4552266279856364,-0.19405734539031982,0.930991297463576,0.15088650584220886,0.4757646694779396,-0.26950059831142426,0.6931089627246062,2.1020862306289803,139.72128868103027
image_2127,../data/train_data/train_data/image_2127.png,0,right,803.7226867675781,226.7059841156006,899.0952587127686,378.80945110321045,95.37257194519043,152.10346698760986,851.4089727401733,302.7577176094055,1.116281509399414,0.4723041335741679,1.2487434148788452,0.7891863564650218,0.13246190547943115,0.3168822228908539,1.1825124621391296,0.6307452450195948,1.5948344884210741,83.72268676757812
image_2130,../data/train_data/train_data/image_2130.png,0,left,-230.2811622619629,228.12118911743164,-133.15462946891785,376.54465103149414,97.12653279304504,148.4234619140625,-181.71789586544037,302.3329200744629,-0.31983494758605957,0.4752524773279826,-0.184936985373497,0.7844680229822795,0.13489796221256256,0.3092155456542969,-0.2523859664797783,0.629860250155131,1.5281453753766725,133.15462946891785
image_2133,../data/train_data/train_data/image_2133.png,1,right,831.4532947540283,218.2332935333252,920.2876281738281,433.2161798477173,88.8343334197998,214.9828863143921,875.8704614639282,325.72473669052124,1.1547962427139282,0.45465269486109416,1.278177261352539,0.9025337080160777,0.12338101863861084,0.4478810131549835,1.2164867520332336,0.6785932014385859,2.420042769932866,111.45329475402832
image_2135,../data/train_data/train_data/image_2135.png,1,left,-235.06439924240112,218.2086887359619,-133.9477801322937,430.9336521625519,101.11661911010742,212.72496342658997,-184.5060896873474,324.5711704492569,-0.32647833228111267,0.45460143486658733,-0.18603858351707458,0.8977784420053164,0.14043974876403809,0.4431770071387291,-0.25625845789909363,0.6761899384359519,2.1037586630042537,133.9477801322937
image_2138,../data/train_data/train_data/image_2138.png,1,right,827.6937389373779,225.79466247558594,920.7042503356934,393.94474172592163,93.01051139831543,168.1500792503357,874.1989946365356,309.8697021007538,1.149574637413025,0.4704055468241374,1.2787559032440186,0.8207182119290034,0.12918126583099365,0.35031266510486603,1.2141652703285217,0.6455618793765704,1.807861033364678,107.69373893737793
image_2139,../data/train_data/train_data/image_2139.png,1,right,826.5824890136719,217.6821460723877,914.4309711456299,436.30682849884033,87.84848213195801,218.62468242645264,870.5067300796509,326.994487285614,1.148031234741211,0.45350447098414104,1.2700430154800415,0.908972559372584,0.12201178073883057,0.455468088388443,1.2090371251106262,0.6812385151783625,2.4886563446600536,106.58248901367188
image_214,../data/train_data/train_data/image_214.png,1,right,832.4716758728027,224.37213325500488,895.3224849700928,376.2235155105591,62.85080909729004,151.8513822555542,863.8970804214478,300.297824382782,1.1562106609344482,0.4674419442812602,1.243503451347351,0.7837989906469981,0.08729279041290283,0.3163570463657379,1.1998570561408997,0.6256204674641291,2.416060897807943,112.47167587280273
image_2142,../data/train_data/train_data/image_2142.png,1,right,782.5522041320801,228.8072624206543,862.5172233581543,355.1440706253052,79.96501922607422,126.33680820465088,822.5347137451172,291.97566652297974,1.0868780612945557,0.47668179670969646,1.1979405879974365,0.7398834804693858,0.11106252670288086,0.26320168375968933,1.142409324645996,0.6082826385895411,1.579900929523646,62.55220413208008
image_2146,../data/train_data/train_data/image_2146.png,0,right,818.038215637207,228.55632209777832,887.466230392456,356.5858688354492,69.42801475524902,128.0295467376709,852.7522230148315,292.57109546661377,1.1361641883850098,0.4761590043703715,1.232591986656189,0.7428872267405192,0.0964277982711792,0.2667282223701477,1.1843780875205994,0.6095231155554454,1.8440617550279497,98.03821563720703
image_2148,../data/train_data/train_data/image_2148.png,0,left,-180.0244402885437,225.64843559265137,-109.50342535972595,365.9172525405884,70.52101492881775,140.268816947937,-144.76393282413483,295.7828440666199,-0.2500339448451996,0.47010090748469036,-0.15208809077739716,0.7623276094595591,0.09794585406780243,0.2922267019748688,-0.20106101781129837,0.6162142584721247,1.9890357092778805,109.50342535972595
image_2149,../data/train_data/train_data/image_2149.png,0,left,-222.26140022277832,223.13594245910645,-120.55642247200012,399.76000690460205,101.7049777507782,176.6240644454956,-171.40891134738922,311.44797468185425,-0.3086963891983032,0.4648665467898051,-0.16743947565555573,0.832833347717921,0.1412569135427475,0.36796680092811584,-0.23806793242692947,0.648849947253863,1.7366314643743597,120.55642247200012
image_215,../data/train_data/train_data/image_215.png,0,left,-174.73442673683167,229.80490112304688,-93.7049674987793,357.18249225616455,81.02945923805237,127.37759113311768,-134.21969711780548,293.4936966896057,-0.2426867038011551,0.47876021067301433,-0.13014578819274902,0.7441301922003428,0.11254091560840607,0.2653699815273285,-0.18641624599695206,0.6114452014366786,1.5719911292867137,93.7049674987793
image_2150,../data/train_data/train_data/image_2150.png,0,right,884.7263431549072,217.36769104003906,961.1990833282471,422.9619016647339,76.47274017333984,205.59421062469482,922.9627132415771,320.1647963523865,1.228786587715149,0.4528493563334147,1.3349987268447876,0.8811706284681956,0.10621213912963867,0.4283212721347809,1.2818926572799683,0.6670099924008052,2.6884640220642924,164.72634315490723
image_2154,../data/train_data/train_data/image_2154.png,0,left,-198.32388639450073,225.2516975402832,-135.86211562156677,373.92300271987915,62.46177077293396,148.67130517959595,-167.09300100803375,299.5873501300812,-0.27544984221458435,0.46927436987559,-0.18869738280773163,0.7790062556664149,0.08675245940685272,0.3097318857908249,-0.232073612511158,0.6241403127710025,2.3801967721993953,135.86211562156677
image_2156,../data/train_data/train_data/image_2156.png,0,right,848.9221572875977,223.63919639587402,884.8092555999756,360.29728078842163,35.88709831237793,136.6580843925476,866.8657064437866,291.9682385921478,1.17905855178833,0.4659149924914042,1.228901743888855,0.7506193349758784,0.0498431921005249,0.2847043424844742,1.2039801478385925,0.6082671637336413,3.808000390642128,128.92215728759766
image_2157,../data/train_data/train_data/image_2157.png,1,left,-185.7271385192871,225.50461196899414,-128.6370813846588,365.1335253715515,57.090057134628296,139.62891340255737,-157.18210995197296,295.3190686702728,-0.25795435905456543,0.46980127493540447,-0.17866261303424835,0.7606948445240657,0.07929174602031708,0.2908935695886612,-0.2183084860444069,0.6152480597297351,2.4457658725632045,128.6370813846588
image_2158,../data/train_data/train_data/image_2158.png,0,right,791.6291427612305,229.00432968139648,861.2150001525879,349.9740877151489,69.58585739135742,120.96975803375244,826.4220714569092,289.4892086982727,1.099484920501709,0.47709235350290935,1.196131944656372,0.7291126827398936,0.09664702415466309,0.25202032923698425,1.1478084325790405,0.6031025181214015,1.7384244811902958,71.62914276123047
image_2161,../data/train_data/train_data/image_2161.png,0,right,793.9960098266602,227.4192657470703,894.4203186035156,380.2135982513428,100.42430877685547,152.79433250427246,844.2081642150879,303.81643199920654,1.1027722358703613,0.47379013697306316,1.2422504425048828,0.7921116630236308,0.13947820663452148,0.3183215260505676,1.172511339187622,0.632950899998347,1.5214875199567874,73.99600982666016
image_2162,../data/train_data/train_data/image_2162.png,1,right,832.0330810546875,222.8017177581787,944.4328308105469,407.87545585632324,112.39974975585938,185.07373809814453,888.2329559326172,315.338586807251,1.1556015014648438,0.464170245329539,1.3117122650146484,0.8497405330340068,0.1561107635498047,0.3855702877044678,1.233656883239746,0.6569553891817729,1.646567172081241,112.0330810546875
image_2164,../data/train_data/train_data/image_2164.png,0,right,876.7882919311523,218.6881103515625,973.1664562225342,422.97494077682495,96.37816429138184,204.28683042526245,924.9773740768433,320.8315255641937,1.217761516571045,0.45560022989908855,1.351620078086853,0.881197793285052,0.1338585615158081,0.42559756338596344,1.284690797328949,0.6683990115920703,2.1196381143724463,156.78829193115234
image_2169,../data/train_data/train_data/image_2169.png,0,right,870.5905437469482,219.37841796875,931.5665531158447,405.0794925689697,60.976009368896484,185.70107460021973,901.0785484313965,312.22895526885986,1.2091535329818726,0.4570383707682292,1.2938424348831177,0.8439156095186869,0.08468890190124512,0.38687723875045776,1.2514979839324951,0.6504769901434581,3.0454776644492054,150.59054374694824
image_217,../data/train_data/train_data/image_217.png,0,left,-258.83134603500366,223.0185832977295,-146.9395101070404,406.61545419692993,111.89183592796326,183.59687089920044,-202.88542807102203,314.8170187473297,-0.35948798060417175,0.46462204853693645,-0.204082652926445,0.8471155295769374,0.15540532767772675,0.3824934810400009,-0.2817853167653084,0.6558687890569369,1.64084242050869,146.9395101070404
image_2172,../data/train_data/train_data/image_2172.png,0,left,-279.14459466934204,218.08915519714355,-179.17596101760864,444.0172746181488,99.9686336517334,225.92811942100525,-229.16027784347534,331.0532149076462,-0.3877008259296417,0.45435240666071575,-0.24885550141334534,0.92503598878781,0.1388453245162964,0.47068358212709427,-0.31827816367149353,0.6896941977242629,2.259990070566377,179.17596101760864
image_2175,../data/train_data/train_data/image_2175.png,0,right,850.9711074829102,223.13256645202637,930.7583713531494,383.74443674087524,79.78726387023926,160.61187028884888,890.8647394180298,303.4385015964508,1.1819043159484863,0.4648595134417216,1.2927199602127075,0.7994675765434901,0.11081564426422119,0.3346080631017685,1.237312138080597,0.6321635449926059,2.0130013550791443,130.97110748291016
image_2176,../data/train_data/train_data/image_2176.png,1,left,-236.28804445266724,223.1954517364502,-141.88539147377014,394.7754611968994,94.4026529788971,171.58000946044922,-189.0867179632187,308.9854564666748,-0.3281778395175934,0.4649905244509379,-0.19706304371356964,0.8224488774935405,0.13111479580402374,0.35745835304260254,-0.2626204416155815,0.6437197009722392,1.8175337667555218,141.88539147377014
image_2179,../data/train_data/train_data/image_2179.png,0,left,-265.8919286727905,224.04846572875977,-146.98756456375122,408.4370102882385,118.9043641090393,184.38854455947876,-206.43974661827087,316.24273800849915,-0.36929434537887573,0.4667676369349162,-0.20414939522743225,0.8509104381004969,0.16514495015144348,0.38414280116558075,-0.286721870303154,0.6588390375177066,1.5507298318368554,146.98756456375122
image_218,../data/train_data/train_data/image_218.png,0,right,848.7767601013184,219.19104957580566,930.8064365386963,412.8906717300415,82.02967643737793,193.69962215423584,889.7915983200073,316.0408606529236,1.178856611251831,0.45664801994959514,1.292786717414856,0.8601888994375865,0.1139301061630249,0.40354087948799133,1.2358216643333435,0.6584184596935908,2.3613359282491815,128.77676010131836
image_2181,../data/train_data/train_data/image_2181.png,1,left,-204.78991985321045,226.39636421203613,-100.95429182052612,385.8803119659424,103.83562803268433,159.48394775390625,-152.8721058368683,306.13833808898926,-0.28443044424057007,0.4716590921084086,-0.14021429419517517,0.8039173165957133,0.1442161500453949,0.3322582244873047,-0.21232236921787262,0.637788204352061,1.5359270298216476,100.95429182052612
image_2183,../data/train_data/train_data/image_2183.png,1,left,-163.26424956321716,225.1638069152832,-121.04179501533508,356.72706031799316,42.22245454788208,131.56325340270996,-142.15302228927612,290.9454336166382,-0.22675590217113495,0.46909126440684,-0.1681136041879654,0.7431813756624858,0.058642297983169556,0.27409011125564575,-0.19743475317955017,0.6061363200346629,3.115954645732677,121.04179501533508
image_2184,../data/train_data/train_data/image_2184.png,1,right,834.8935604095459,223.59439277648926,868.5877704620361,365.1669063568115,33.694210052490234,141.57251358032227,851.740665435791,294.3806495666504,1.1595743894577026,0.46582165161768596,1.2063719034194946,0.7607643882433573,0.04679751396179199,0.2949427366256714,1.1829731464385986,0.6132930199305217,4.201686680286457,114.8935604095459
image_2188,../data/train_data/train_data/image_2188.png,0,left,-177.0319640636444,224.39496421813965,-119.41872596740723,371.5303363800049,57.61323809623718,147.13537216186523,-148.22534501552582,297.96265029907227,-0.2458777278661728,0.46748950878779094,-0.16585934162139893,0.7740215341250102,0.08001838624477386,0.30653202533721924,-0.20586853474378586,0.6207555214564006,2.5538465988683057,119.41872596740723
image_2194,../data/train_data/train_data/image_2194.png,0,right,802.4673271179199,229.2071475982666,877.9013442993164,349.2018690109253,75.43401718139648,119.99472141265869,840.1843357086182,289.20450830459595,1.1145379543304443,0.4775148908297221,1.2193074226379395,0.727503893772761,0.10476946830749512,0.24998900294303894,1.166922688484192,0.6025093923012416,1.5907242633533212,82.46732711791992
image_220,../data/train_data/train_data/image_220.png,1,right,813.1472396850586,225.57668113708496,912.9723644256592,389.2705454826355,99.82512474060059,163.69386434555054,863.0598020553589,307.42361330986023,1.129371166229248,0.4699514190355937,1.2680171728134155,0.810980303088824,0.13864600658416748,0.3410288840532303,1.1986941695213318,0.6404658610622088,1.6398062589044122,93.1472396850586
image_2201,../data/train_data/train_data/image_2201.png,1,left,-163.9887034893036,227.34650993347168,-117.90653944015503,346.0780324935913,46.08216404914856,118.73152256011963,-140.9476214647293,286.7122712135315,-0.22776208817958832,0.47363856236139934,-0.16375908255577087,0.7209959010283152,0.06400300562381744,0.2473573386669159,-0.1957605853676796,0.5973172316948573,2.576517943764262,117.90653944015503
image_2202,../data/train_data/train_data/image_2202.png,0,left,-183.66703033447266,225.1920166015625,-135.46318531036377,360.7248821258545,48.20384502410889,135.532865524292,-159.5651078224182,292.9584493637085,-0.2550930976867676,0.46915003458658855,-0.1881433129310608,0.7515101710955302,0.06694978475570679,0.28236013650894165,-0.22161820530891418,0.6103301028410594,2.8116608842407897,135.46318531036377
image_2206,../data/train_data/train_data/image_2206.png,0,left,-146.5471887588501,225.6175079345703,-113.57023358345032,348.30485248565674,32.97695517539978,122.68734455108643,-130.0587111711502,286.9611802101135,-0.20353776216506958,0.47003647486368816,-0.15773643553256989,0.7256351093451182,0.045801326632499695,0.25559863448143005,-0.18063709884881973,0.5978357921044032,3.7203963767585493,113.57023358345032
image_2207,../data/train_data/train_data/image_2207.png,1,left,-261.59374237060547,223.52441215515137,-141.43549919128418,412.8139820098877,120.15824317932129,189.28956985473633,-201.51462078094482,318.16919708251953,-0.3633246421813965,0.46567585865656536,-0.19643819332122803,0.860029129187266,0.16688644886016846,0.3943532705307007,-0.27988141775131226,0.6628524939219157,1.575335697711934,141.43549919128418
image_2208,../data/train_data/train_data/image_2208.png,1,right,853.3689594268799,215.249418258667,926.5878582000732,437.6042881011963,73.21889877319336,222.3548698425293,889.9784088134766,326.42685317993164,1.1852346658706665,0.4484362880388896,1.286927580833435,0.9116756002108256,0.10169291496276855,0.46323931217193604,1.2360811233520508,0.6800559441248576,3.03685077989642,133.36895942687988
image_2212,../data/train_data/train_data/image_2212.png,1,left,-221.66706562042236,224.0655460357666,-117.89156198501587,396.9042339324951,103.7755036354065,172.83868789672852,-169.77931380271912,310.48488998413086,-0.30787092447280884,0.4668032209078471,-0.16373828053474426,0.8268838206926982,0.14413264393806458,0.3600805997848511,-0.23580460250377655,0.6468435208002726,1.6655056525089107,117.89156198501587
image_2214,../data/train_data/train_data/image_2214.png,0,left,-225.33785104751587,226.64907836914062,-139.96193647384644,368.75691080093384,85.37591457366943,142.1078324317932,-182.64989376068115,297.70299458503723,-0.31296923756599426,0.47218557993570964,-0.19439157843589783,0.7682435641686122,0.11857765913009644,0.2960579842329025,-0.25368040800094604,0.6202145720521609,1.6644955798297278,139.96193647384644
image_2216,../data/train_data/train_data/image_2216.png,0,right,907.7908515930176,217.201322555542,984.6523189544678,421.02884435653687,76.8614673614502,203.82752180099487,946.2215852737427,319.11508345603943,1.2608206272125244,0.4525027553240458,1.3675726652145386,0.8771434257427851,0.10675203800201416,0.4246406704187393,1.3141966462135315,0.6648230905334155,2.651881739942222,187.79085159301758
image_2217,../data/train_data/train_data/image_2217.png,0,left,-243.43995094299316,212.8265609741211,-187.89271116256714,449.85926353931427,55.547239780426025,237.03270256519318,-215.66633105278015,331.3429122567177,-0.3381110429763794,0.4433886686960856,-0.2609620988368988,0.9372067990402381,0.07714894413948059,0.49381813034415245,-0.2995365709066391,0.6902977338681618,4.267227381633457,187.89271116256714
image_2220,../data/train_data/train_data/image_2220.png,1,right,870.3507328033447,217.32843780517578,924.1653728485107,422.2752311229706,53.814640045166016,204.9467933177948,897.2580528259277,319.8018344640732,1.2088204622268677,0.4527675787607829,1.2835630178451538,0.879740064839522,0.07474255561828613,0.42697248607873917,1.2461917400360107,0.6662538218001525,3.808383613562876,150.35073280334473
image_2222,../data/train_data/train_data/image_2222.png,1,right,812.287130355835,224.4943561553955,853.2199573516846,355.0614585876465,40.93282699584961,130.56710243225098,832.7535438537598,289.777907371521,1.1281765699386597,0.46769657532374065,1.1850277185440063,0.7397113720575968,0.05685114860534668,0.2720147967338562,1.156602144241333,0.6037039736906687,3.189789516504439,92.28713035583496
image_2223,../data/train_data/train_data/image_2223.png,0,left,-203.30719470977783,226.39665031433105,-103.46638441085815,391.02831506729126,99.84081029891968,164.6316647529602,-153.386789560318,308.71248269081116,-0.2823711037635803,0.47165968815485637,-0.14370331168174744,0.8146423230568568,0.13866779208183289,0.3429826349020004,-0.21303720772266388,0.6431510056058566,1.6489415927220454,103.46638441085815
image_2225,../data/train_data/train_data/image_2225.png,0,right,868.469066619873,217.28609466552734,941.6474533081055,435.55235171318054,73.17838668823242,218.2662570476532,905.0582599639893,326.41922318935394,1.206207036972046,0.4526793638865153,1.3078436851501465,0.9074007327357928,0.10163664817810059,0.4547213688492775,1.2570253610610962,0.680040048311154,2.9826601394965144,148.46906661987305
image_2226,../data/train_data/train_data/image_2226.png,1,left,-221.89552545547485,224.94937324523926,-113.16107869148254,397.2255482673645,108.73444676399231,172.27617502212524,-167.5283020734787,311.0874607563019,-0.30818822979927063,0.46864452759424846,-0.1571681648492813,0.8275532255570094,0.15102006494998932,0.3589086979627609,-0.23267819732427597,0.6480988765756289,1.5843753304419712,113.16107869148254
image_2228,../data/train_data/train_data/image_2228.png,1,left,-233.4993839263916,221.86089897155762,-99.46334838867188,429.6797444820404,134.03603553771973,207.8188455104828,-166.48136615753174,325.770321726799,-0.3243046998977661,0.46221020619074504,-0.13814353942871094,0.8951661343375842,0.18616116046905518,0.43295592814683914,-0.23122411966323853,0.6786881702641646,1.550469951433318,99.46334838867188
image_2229,../data/train_data/train_data/image_2229.png,0,left,-286.45455837249756,216.5461196899414,-167.08151578903198,449.36673843860626,119.37304258346558,232.82061874866486,-226.76803708076477,332.95642906427383,-0.3978535532951355,0.4511377493540446,-0.23205766081809998,0.9361807050804297,0.16579589247703552,0.4850429557263851,-0.31495560705661774,0.6936592272172372,1.95036177104958,167.08151578903198
image_2230,../data/train_data/train_data/image_2230.png,1,left,-258.4818434715271,225.19659423828125,-156.508709192276,398.6980023384094,101.9731342792511,173.50140810012817,-207.49527633190155,311.94729828834534,-0.35900256037712097,0.4691595713297526,-0.21737320721149445,0.8306208382050196,0.14162935316562653,0.36146126687526703,-0.2881878837943077,0.6498902047673861,1.7014423389693851,156.508709192276
image_2233,../data/train_data/train_data/image_2233.png,0,right,859.2357444763184,223.93216514587402,922.0674133300781,378.9756693840027,62.831668853759766,155.04350423812866,890.6515789031982,301.45391726493835,1.193382978439331,0.4665253440539042,1.280649185180664,0.7895326445500056,0.08726620674133301,0.3230073004961014,1.2370160818099976,0.6280289943019549,2.467601244190907,139.23574447631836
image_2234,../data/train_data/train_data/image_2234.png,0,right,835.588788986206,224.2021312713623,920.6990146636963,383.0297245979309,85.11022567749023,158.8275933265686,878.1439018249512,303.6159279346466,1.160539984703064,0.4670877734820048,1.278748631477356,0.7979785929123561,0.11820864677429199,0.33089081943035126,1.21964430809021,0.6325331831971804,1.8661399621758372,115.58878898620605
image_2236,../data/train_data/train_data/image_2236.png,1,left,-155.2563750743866,227.99690628051758,-78.34641873836517,355.32198333740234,76.90995633602142,127.32507705688477,-116.80139690637589,291.65944480895996,-0.21563385426998138,0.4749935547510783,-0.10881447046995163,0.7402541319529216,0.10681938380002975,0.26526057720184326,-0.1622241623699665,0.6076238433519999,1.6555083778828126,78.34641873836517
image_2237,../data/train_data/train_data/image_2237.png,1,right,816.522274017334,222.13899040222168,927.2202587127686,411.9255700111389,110.69798469543457,189.78657960891724,871.8712663650513,317.0322802066803,1.1340587139129639,0.46278956333796184,1.2878059148788452,0.8581782708565394,0.15374720096588135,0.3953887075185776,1.2109323143959045,0.6604839170972506,1.7144537918290075,96.52227401733398
image_2238,../data/train_data/train_data/image_2238.png,0,right,828.8749408721924,224.11727333068848,892.1949863433838,377.6180353164673,63.320045471191406,153.5007619857788,860.5349636077881,300.8676543235779,1.1512151956558228,0.466910986105601,1.2391597032546997,0.7867042402426402,0.08794450759887695,0.3197932541370392,1.1951874494552612,0.6268076131741206,2.424204860301573,108.87494087219238
image_2239,../data/train_data/train_data/image_2239.png,0,left,-261.1358141899109,225.37998580932617,-150.36884307861328,396.4632501602173,110.76697111129761,171.0832643508911,-205.75232863426208,310.92161798477173,-0.3626886308193207,0.46954163710276287,-0.2088456153869629,0.8259651045004527,0.1538430154323578,0.3564234673976898,-0.2857671231031418,0.6477533708016078,1.5445332000546288,150.36884307861328
image_2240,../data/train_data/train_data/image_2240.png,1,left,-245.81604480743408,216.86463737487793,-192.67133474349976,422.11203479766846,53.144710063934326,205.24739742279053,-219.24368977546692,319.4883360862732,-0.34141117334365845,0.451801327864329,-0.26759907603263855,0.8794000724951426,0.0738120973110199,0.4275987446308136,-0.3045051246881485,0.6656007001797358,3.8620475523504245,192.67133474349976
image_2244,../data/train_data/train_data/image_2244.png,1,right,800.0974559783936,219.2088737487793,956.4597702026367,459.0892025232315,156.36231422424316,239.8803287744522,878.2786130905151,339.1490381360054,1.1112464666366577,0.4566851536432902,1.328416347503662,0.9564358385900656,0.2171698808670044,0.49975068494677544,1.21983140707016,0.7065604961166779,1.53413135361014,80.09745597839355
image_2245,../data/train_data/train_data/image_2245.png,1,right,860.3390979766846,224.003662109375,988.8523578643799,430.2715148925781,128.5132598876953,206.26785278320312,924.5957279205322,327.13758850097656,1.1949154138565063,0.4666742960611979,1.3734060525894165,0.8963989893595378,0.17849063873291016,0.42972469329833984,1.2841607332229614,0.6815366427103678,1.6050316750462614,140.33909797668457
image_2248,../data/train_data/train_data/image_2248.png,0,right,878.5857582092285,216.55693435668945,985.440502166748,442.4121584892273,106.85474395751953,225.85522413253784,932.0131301879883,329.4845464229584,1.2202579975128174,0.4511602799097697,1.3686673641204834,0.9216919968525569,0.14840936660766602,0.47053171694278717,1.2944626808166504,0.6864261383811633,2.1136658586007875,158.58575820922852
image_2250,../data/train_data/train_data/image_2250.png,0,left,-225.4474139213562,226.79029846191406,-128.47044110298157,377.17537784576416,96.97697281837463,150.3850793838501,-176.95892751216888,301.9828381538391,-0.31312140822410583,0.47247978846232097,-0.1784311681985855,0.7857820371786753,0.13469024002552032,0.31330224871635437,-0.24577628821134567,0.6291309128204982,1.5507297764955188,128.47044110298157
image_2257,../data/train_data/train_data/image_2257.png,0,right,859.0264892578125,222.1059455871582,896.2219905853271,379.7757043838501,37.19550132751465,157.6697587966919,877.6242399215698,300.94082498550415,1.1930923461914062,0.46272071997324626,1.2447527647018433,0.791199384133021,0.05166041851043701,0.3284786641597748,1.2189225554466248,0.6269600520531337,4.238947000831489,139.0264892578125
image_226,../data/train_data/train_data/image_226.png,0,left,-244.41683292388916,216.11719512939453,-196.6761302947998,426.2804093360901,47.740702629089355,210.16321420669556,-220.54648160934448,321.1988022327423,-0.3394678235054016,0.45024415651957195,-0.27316129207611084,0.8880841861168544,0.06630653142929077,0.4378400295972824,-0.3063145577907562,0.6691641713182132,4.402181003482738,196.6761302947998
image_2260,../data/train_data/train_data/image_2260.png,1,left,-191.68908834457397,221.6463222503662,-127.77757287025452,393.26456212997437,63.91151547431946,171.61823987960815,-159.73333060741425,307.4554421901703,-0.2662348449230194,0.4617631713549296,-0.17746885120868683,0.8193011711041133,0.08876599371433258,0.35753799974918365,-0.22185184806585312,0.6405321712295214,2.685247542730649,127.77757287025452
image_2265,../data/train_data/train_data/image_2265.png,0,left,-207.3881435394287,220.34910583496094,-169.54437375068665,389.66635370254517,37.843769788742065,169.31724786758423,-188.46625864505768,305.00772976875305,-0.28803908824920654,0.4590606371561686,-0.23547829687595367,0.8118049035469691,0.05256079137325287,0.3527442663908005,-0.2617586925625801,0.6354327703515689,4.474111559518932,169.54437375068665
image_2267,../data/train_data/train_data/image_2267.png,0,right,842.2958564758301,224.4995346069336,882.2834300994873,358.42944049835205,39.98757362365723,133.92990589141846,862.2896432876587,291.4644875526428,1.1698553562164307,0.467707363764445,1.2253936529159546,0.7467280010382334,0.055538296699523926,0.27902063727378845,1.1976245045661926,0.6072176824013392,3.3492881351566575,122.29585647583008
image_2268,../data/train_data/train_data/image_2268.png,0,right,833.5072231292725,219.24429321289062,908.3788776397705,414.5068850517273,74.87165451049805,195.26259183883667,870.9430503845215,316.87558913230896,1.1576489210128784,0.45675894419352214,1.2616373300552368,0.8635560105244319,0.1039884090423584,0.40679706633090973,1.2096431255340576,0.660157477358977,2.6079641636803705,113.50722312927246
image_2270,../data/train_data/train_data/image_2270.png,0,left,-165.25935173034668,224.88909149169922,-130.44626355171204,355.12141132354736,34.813088178634644,130.23231983184814,-147.85280764102936,290.0052514076233,-0.22952687740325928,0.4685189406077067,-0.1811753660440445,0.7398362735907237,0.04835151135921478,0.27131733298301697,-0.20535112172365189,0.6041776070992152,3.7409010991381635,130.44626355171204
image_2271,../data/train_data/train_data/image_2271.png,0,left,-272.88442611694336,220.74927711486816,-131.3994026184082,443.6643531322479,141.48502349853516,222.91507601737976,-202.14191436767578,332.20681512355804,-0.37900614738464355,0.459894327322642,-0.18249917030334473,0.9243007356921832,0.19650697708129883,0.46440640836954117,-0.28075265884399414,0.6920975315074126,1.575538318511059,131.3994026184082
image_2278,../data/train_data/train_data/image_2278.png,1,left,-171.07682704925537,225.16171836853027,-126.47384762763977,355.51350021362305,44.6029794216156,130.35178184509277,-148.77533733844757,290.33760929107666,-0.2376067042350769,0.4690869132677714,-0.17565812170505524,0.740653125445048,0.06194858253002167,0.2715662121772766,-0.20663241297006607,0.6048700193564097,2.922490459951682,126.47384762763977
image_2279,../data/train_data/train_data/image_2279.png,0,left,-275.08460998535156,226.2397804260254,-162.1133029460907,403.5921039581299,112.97130703926086,177.3523235321045,-218.59895646572113,314.91594219207764,-0.3820619583129883,0.4713328758875529,-0.22515736520290375,0.8408168832461039,0.15690459311008453,0.369484007358551,-0.303609661757946,0.6560748795668284,1.5698882148054578,162.1133029460907
image_228,../data/train_data/train_data/image_228.png,0,right,847.9428291320801,219.38482666015625,991.8681907653809,455.71842753887177,143.92536163330078,236.33360087871552,919.9055099487305,337.551627099514,1.1776983737945557,0.45705172220865886,1.3775947093963623,0.9494133907059829,0.19989633560180664,0.492361668497324,1.277646541595459,0.7032325564573209,1.6420566757431982,127.94282913208008
image_2281,../data/train_data/train_data/image_2281.png,0,left,-148.30007672309875,228.85692977905273,-91.2619149684906,347.34861278533936,57.038161754608154,118.49168300628662,-119.78099584579468,288.10277128219604,-0.2059723287820816,0.47678527037302654,-0.12675265967845917,0.7236429433027903,0.07921966910362244,0.2468576729297638,-0.16636249423027039,0.6002141068379084,2.077410620560779,91.2619149684906
image_2282,../data/train_data/train_data/image_2282.png,1,right,818.3198261260986,228.84359741210938,905.7636165618896,368.5244240760803,87.44379043579102,139.68082666397095,862.0417213439941,298.68401074409485,1.1365553140640259,0.4767574946085612,1.2580050230026245,0.7677592168251673,0.12144970893859863,0.29100172221660614,1.1972801685333252,0.6222583557168643,1.5973784526934134,98.31982612609863
image_2284,../data/train_data/train_data/image_2284.png,0,right,797.6081943511963,228.3377685546875,879.1946411132812,362.13331365585327,81.58644676208496,133.79554510116577,838.4014177322388,295.2355411052704,1.107789158821106,0.4757036844889323,1.2211036682128906,0.7544444034496943,0.11331450939178467,0.278740718960762,1.1644464135169983,0.6150740439693133,1.6399236688334802,77.60819435119629
image_2288,../data/train_data/train_data/image_2288.png,0,right,841.9394874572754,222.82197380065918,881.4202308654785,368.6879029273987,39.480743408203125,145.8659291267395,861.679859161377,295.75493836402893,1.1693603992462158,0.46421244541803997,1.2241947650909424,0.7680997977654139,0.05483436584472656,0.30388735234737396,1.196777582168579,0.616156121591727,3.694609486416919,121.93948745727539
image_2292,../data/train_data/train_data/image_2292.png,0,left,-189.9311900138855,220.5957260131836,-146.16364359855652,389.2813386917114,43.76754641532898,168.68561267852783,-168.047416806221,304.9385323524475,-0.26379331946372986,0.4595744291941325,-0.20300506055355072,0.8110027889410655,0.06078825891017914,0.351428359746933,-0.2333991900086403,0.635288609067599,3.854125407848954,146.16364359855652
image_2295,../data/train_data/train_data/image_2295.png,0,left,-173.08210015296936,221.90664672851562,-136.97535037994385,374.2327513694763,36.10674977302551,152.3261046409607,-155.0287252664566,298.069699048996,-0.240391805768013,0.4623055140177409,-0.19024354219436646,0.7796515653530757,0.050148263573646545,0.3173460513353348,-0.21531767398118973,0.6209785396854083,4.218770883519399,136.97535037994385
image_2298,../data/train_data/train_data/image_2298.png,0,right,830.4863262176514,222.95647048950195,961.5188026428223,439.5844485759735,131.0324764251709,216.62797808647156,896.0025644302368,331.27045953273773,1.1534532308578491,0.4644926468531291,1.3354427814483643,0.9158009345332782,0.18198955059051514,0.4513082876801491,1.2444480061531067,0.6901467906932036,1.6532388305290249,110.48632621765137
image_23,../data/train_data/train_data/image_23.png,1,left,-219.90354537963867,222.09063911437988,-99.15162205696106,421.4453806877136,120.75192332267761,199.35474157333374,-159.52758371829987,321.76800990104675,-0.3054215908050537,0.46268883148829143,-0.1377105861902237,0.87801120976607,0.16771100461483002,0.4153223782777786,-0.2215660884976387,0.6703500206271807,1.6509446482323173,99.15162205696106
image_230,../data/train_data/train_data/image_230.png,1,right,827.9555225372314,218.6343231201172,919.2019557952881,433.2163407802582,91.24643325805664,214.582017660141,873.5787391662598,325.9253319501877,1.1499382257461548,0.4554881731669108,1.2766693830490112,0.9025340432922045,0.12673115730285645,0.44704587012529373,1.213303804397583,0.6790111082295577,2.3516756764976825,107.95552253723145
image_2317,../data/train_data/train_data/image_2317.png,1,right,850.8796119689941,223.18944358825684,928.58642578125,390.9115138053894,77.70681381225586,167.72207021713257,889.7330188751221,307.0504786968231,1.1817772388458252,0.4649780074755351,1.289703369140625,0.8143989870945613,0.1079261302947998,0.3494209796190262,1.235740303993225,0.6396884972850482,2.158395924228199,130.87961196899414
image_2318,../data/train_data/train_data/image_2318.png,0,right,801.7104721069336,229.02338409423828,874.9074840545654,352.666296005249,73.19701194763184,123.64291191101074,838.3089780807495,290.84484004974365,1.1134867668151855,0.47713205019632976,1.2151492834091187,0.7347214500109355,0.1016625165939331,0.2575893998146057,1.164318025112152,0.6059267501036326,1.6891797714293308,81.7104721069336
image_2323,../data/train_data/train_data/image_2323.png,0,right,817.0968246459961,222.81476402282715,937.0992851257324,419.52799820899963,120.00246047973633,196.71323418617249,877.0980548858643,321.1713811159134,1.1348567008972168,0.46419742504755657,1.3015267848968506,0.8740166629354159,0.1666700839996338,0.40981923788785934,1.2181917428970337,0.6691070439914862,1.6392433405095854,97.0968246459961
image_2325,../data/train_data/train_data/image_2325.png,1,right,818.5065937042236,223.8502540588379,929.8029899597168,410.4772343635559,111.29639625549316,186.62698030471802,874.1547918319702,317.1637442111969,1.1368147134780884,0.4663546959559123,1.2913930416107178,0.8551609049240748,0.1545783281326294,0.38880620896816254,1.214103877544403,0.6607578004399935,1.676846569913146,98.50659370422363
image_2329,../data/train_data/train_data/image_2329.png,0,left,-195.418860912323,218.2251968383789,-138.57269167900085,404.50352573394775,56.846169233322144,186.27832889556885,-166.99577629566193,311.36436128616333,-0.2714150846004486,0.45463582674662273,-0.19246207177639008,0.8427156786123912,0.07895301282405853,0.38807985186576843,-0.23193857818841934,0.648675752679507,3.2768844657060203,138.57269167900085
image_2330,../data/train_data/train_data/image_2330.png,0,right,864.3655014038086,223.56229209899902,992.4120140075684,420.09315037727356,128.04651260375977,196.53085827827454,928.3887577056885,321.8277212381363,1.200507640838623,0.465754775206248,1.378350019454956,0.8751940632859866,0.177842378616333,0.4094392880797386,1.2894288301467896,0.6704744192461173,1.5348396007194647,144.3655014038086
image_2332,../data/train_data/train_data/image_2332.png,1,right,807.9388618469238,223.77523803710938,928.2938289642334,417.7657117843628,120.35496711730957,193.99047374725342,868.1163454055786,320.7704749107361,1.1221373081207275,0.4661984125773112,1.2892969846725464,0.8703452328840892,0.16715967655181885,0.40414682030677795,1.205717146396637,0.6682718227307002,1.6118194237731092,87.93886184692383
image_2338,../data/train_data/train_data/image_2338.png,1,left,-235.66238164901733,224.15352249145508,-131.46674752235413,395.1221385002136,104.19563412666321,170.96861600875854,-183.56456458568573,309.63783049583435,-0.32730886340141296,0.4669865051905314,-0.1825927048921585,0.823171121875445,0.14471615850925446,0.35618461668491364,-0.25495078414678574,0.6450788135329882,1.6408424157285149,131.46674752235413
image_2341,../data/train_data/train_data/image_2341.png,0,left,-282.9106307029724,218.96334075927734,-209.3108582496643,419.2244508266449,73.5997724533081,200.26111006736755,-246.11074447631836,319.0938957929611,-0.39293143153190613,0.4561736265818278,-0.290709525346756,0.8733842725555102,0.10222190618515015,0.4172106459736824,-0.34182047843933105,0.664778949568669,2.7209474077438722,209.3108582496643
image_2344,../data/train_data/train_data/image_2344.png,1,left,-245.80381393432617,221.5584602355957,-132.1092975139618,434.30637979507446,113.69451642036438,212.74791955947876,-188.95655572414398,327.9324200153351,-0.34139418601989746,0.4615801254908244,-0.18348513543605804,0.9048049579064051,0.15790905058383942,0.44322483241558075,-0.26243966072797775,0.6831925416986148,1.8712241034816737,132.1092975139618
image_2349,../data/train_data/train_data/image_2349.png,0,right,855.6704235076904,222.98825645446777,891.8582725524902,368.87157344818115,36.187849044799805,145.88331699371338,873.7643480300903,295.92991495132446,1.1884311437606812,0.46455886761347454,1.238692045211792,0.7684824446837107,0.05026090145111084,0.3039235770702362,1.2135615944862366,0.6165206561485926,4.03127902996149,135.67042350769043
image_235,../data/train_data/train_data/image_235.png,1,right,821.5904903411865,224.5683994293213,852.6821422576904,357.0836868286133,31.091651916503906,132.515287399292,837.1363162994385,290.8260431289673,1.141097903251648,0.46785083214441936,1.1842807531356812,0.743924347559611,0.0431828498840332,0.27607351541519165,1.1626893281936646,0.6058875898520152,4.262085776437981,101.59049034118652
image_2351,../data/train_data/train_data/image_2351.png,0,left,-261.2155508995056,214.41791915893555,-189.7063136100769,445.27819180488586,71.50923728942871,230.86027264595032,-225.46093225479126,329.8480554819107,-0.36279937624931335,0.4467039982477824,-0.2634809911251068,0.9276628995935122,0.09931838512420654,0.48095890134572983,-0.3131401836872101,0.6871834489206473,3.2283979160840337,189.7063136100769
image_2357,../data/train_data/train_data/image_2357.png,1,right,803.7015724182129,227.81786346435547,868.6532592773438,355.75877571105957,64.95168685913086,127.9409122467041,836.1774158477783,291.7883195877075,1.1162521839141846,0.4746205488840739,1.2064628601074219,0.7411641160647074,0.0902106761932373,0.26654356718063354,1.1613575220108032,0.6078923324743907,1.9697858274903026,83.70157241821289
image_2359,../data/train_data/train_data/image_2359.png,1,left,-158.8249146938324,224.27145385742188,-105.89798927307129,363.0268397331238,52.92692542076111,138.7553858757019,-132.36145198345184,293.6491467952728,-0.22059015929698944,0.4672321955362956,-0.14708054065704346,0.7563059161106745,0.07350961863994598,0.28907372057437897,-0.18383534997701645,0.6117690558234851,2.6216407768374497,105.89798927307129
image_236,../data/train_data/train_data/image_236.png,1,right,824.8340320587158,227.50561141967773,914.1411209106445,371.54308223724365,89.30708885192871,144.03747081756592,869.4875764846802,299.5243468284607,1.145602822303772,0.4739700237909953,1.2696404457092285,0.7740480879942576,0.12403762340545654,0.30007806420326233,1.2076216340065002,0.6240090558926265,1.6128335686361948,104.83403205871582
image_2366,../data/train_data/train_data/image_2366.png,1,right,837.5566291809082,221.63221740722656,872.5605297088623,379.89675426483154,35.0039005279541,158.26453685760498,855.0585794448853,300.76448583602905,1.1632730960845947,0.46173378626505535,1.211889624595642,0.7914515713850657,0.04861652851104736,0.3297177851200104,1.1875813603401184,0.6265926788250605,4.5213400355544655,117.5566291809082
image_2367,../data/train_data/train_data/image_2367.png,1,right,836.0206031799316,220.17727279663086,981.8452262878418,452.48021626472473,145.82462310791016,232.30294346809387,908.9329147338867,336.3287445306778,1.161139726638794,0.45870265165964763,1.3636739253997803,0.9426671172181765,0.20253419876098633,0.4839644655585289,1.262406826019287,0.7006848844389121,1.5930296167896816,116.02060317993164
image_2368,../data/train_data/train_data/image_2368.png,0,left,-284.099063873291,221.64251708984375,-153.22118997573853,446.69503116607666,130.8778738975525,225.0525140762329,-218.66012692451477,334.1687741279602,-0.39458203315734863,0.4617552439371745,-0.21280720829963684,0.9306146482626597,0.1817748248577118,0.46885940432548523,-0.30369462072849274,0.6961849460999171,1.7195612014021382,153.22118997573853
image_237,../data/train_data/train_data/image_237.png,1,right,811.7385005950928,221.24480628967285,908.855152130127,406.89310216903687,97.11665153503418,185.648295879364,860.2968263626099,314.06895422935486,1.127414584159851,0.4609266797701518,1.262298822402954,0.8476939628521601,0.13488423824310303,0.38676728308200836,1.1948567032814026,0.654310321311156,1.9116010791660443,91.73850059509277
image_2370,../data/train_data/train_data/image_2370.png,0,left,-250.43452978134155,221.27350234985352,-157.41528511047363,405.2166714668274,93.01924467086792,183.94316911697388,-203.9249074459076,313.24508690834045,-0.3478257358074188,0.4609864632288615,-0.21863234043121338,0.8442013988892237,0.12919339537620544,0.38321493566036224,-0.2832290381193161,0.6525939310590426,1.977474336281961,157.41528511047363
image_2379,../data/train_data/train_data/image_2379.png,1,right,828.9760494232178,227.30322265625,893.532657623291,357.9792728424072,64.55660820007324,130.67605018615723,861.2543535232544,292.6412477493286,1.1513556241989136,0.4735483805338542,1.2410175800323486,0.7457901517550151,0.08966195583343506,0.2722417712211609,1.196186602115631,0.6096692661444346,2.0242087344670776,108.97604942321777
image_238,../data/train_data/train_data/image_238.png,1,right,830.7808971405029,218.94165420532227,874.8772716522217,401.99129009246826,44.09637451171875,183.049635887146,852.8290843963623,310.46647214889526,1.1538623571395874,0.45612844626108806,1.2151073217391968,0.8374818543593089,0.061244964599609375,0.3813534080982208,1.184484839439392,0.6468051503101985,4.151126660957127,110.78089714050293
image_2383,../data/train_data/train_data/image_2383.png,1,right,832.0955657958984,225.65404319763184,935.5015468597412,391.18475580215454,103.40598106384277,165.5307126045227,883.7985563278198,308.4193994998932,1.1556882858276367,0.47011258999506633,1.2993077039718628,0.8149682412544886,0.14361941814422607,0.3448556512594223,1.2274979948997498,0.6425404156247775,1.6007847022148958,112.09556579589844
image_2389,../data/train_data/train_data/image_2389.png,0,left,-221.18139266967773,218.75834846496582,-178.2838261127472,407.7070560455322,42.89756655693054,188.9487075805664,-199.73260939121246,313.232702255249,-0.30719637870788574,0.45574655930201213,-0.24761642515659332,0.8493897000948588,0.05957995355129242,0.3936431407928467,-0.27740640193223953,0.6525681296984355,4.404648625693193,178.2838261127472
image_239,../data/train_data/train_data/image_239.png,0,right,820.6478977203369,228.7292423248291,891.1209869384766,353.4361400604248,70.47308921813965,124.7068977355957,855.8844423294067,291.08269119262695,1.1397887468338013,0.47651925484339397,1.2376680374145508,0.7363252917925517,0.09787929058074951,0.2598060369491577,1.188728392124176,0.6064222733179728,1.7695676338181068,100.64789772033691
image_2390,../data/train_data/train_data/image_2390.png,1,right,842.1859073638916,223.66923713684082,921.0988140106201,392.8060688972473,78.91290664672852,169.1368317604065,881.6423606872559,308.23765301704407,1.1697026491165161,0.4659775773684184,1.2793039083480835,0.8183459768692652,0.10960125923156738,0.35236839950084686,1.2245032787322998,0.6421617771188418,2.143335468779344,122.1859073638916
image_2391,../data/train_data/train_data/image_2391.png,1,right,856.9632053375244,215.45895957946777,921.8028831481934,434.45936584472656,64.83967781066895,219.0004062652588,889.3830442428589,324.95916271209717,1.190226674079895,0.44887283245722454,1.2802817821502686,0.9051236788431803,0.09005510807037354,0.4562508463859558,1.2352542281150818,0.6769982556502024,3.3775677742375163,136.9632053375244
image_2395,../data/train_data/train_data/image_2395.png,0,right,840.3164291381836,219.8951187133789,927.9388332366943,420.2816596031189,87.62240409851074,200.38654088974,884.127631187439,320.0883891582489,1.1671061515808105,0.45811483065287273,1.2888039350509644,0.875586790839831,0.12169778347015381,0.4174719601869583,1.2279550433158875,0.6668508107463519,2.2869326966246275,120.3164291381836
image_2401,../data/train_data/train_data/image_2401.png,0,right,824.8228740692139,227.20637702941895,881.3808345794678,348.19899463653564,56.557960510253906,120.9926176071167,853.1018543243408,287.7026858329773,1.1455873250961304,0.4733466188112895,1.2241400480270386,0.7254145721594493,0.0785527229309082,0.2520679533481598,1.1848636865615845,0.5993805954853694,2.1392676913302213,104.82287406921387
image_2403,../data/train_data/train_data/image_2403.png,1,right,825.3030109405518,218.6247673034668,911.8355369567871,433.95322942733765,86.53252601623535,215.32846212387085,868.5692739486694,326.2889983654022,1.1462541818618774,0.45546826521555583,1.2664382457733154,0.9040692279736201,0.12018406391143799,0.44860096275806427,1.2063462138175964,0.679768746594588,2.4884106825157355,105.30301094055176
image_2404,../data/train_data/train_data/image_2404.png,0,right,806.4382839202881,224.90093612670898,873.8727951049805,377.95684480667114,67.43451118469238,153.05590867996216,840.1555395126343,301.42889046669006,1.1200531721115112,0.4685436169306437,1.213712215423584,0.7874100933472316,0.09365904331207275,0.31886647641658783,1.1668826937675476,0.6279768551389376,2.2696970140521433,86.43828392028809
image_2405,../data/train_data/train_data/image_2405.png,1,left,-131.21004939079285,224.948486328125,-102.8884220123291,353.0000915527344,28.321627378463745,128.05160522460938,-117.04923570156097,288.9742889404297,-0.1822361797094345,0.4686426798502604,-0.14290058612823486,0.73541685740153,0.039335593581199646,0.26677417755126953,-0.1625683829188347,0.6020297686258952,4.521336415928628,102.8884220123291
image_2406,../data/train_data/train_data/image_2406.png,1,right,791.7540264129639,229.25175094604492,868.0384540557861,349.54842472076416,76.28442764282227,120.29667377471924,829.896240234375,289.40008783340454,1.0996583700180054,0.47760781447092693,1.2056089639663696,0.7282258848349253,0.10595059394836426,0.2506180703639984,1.1526336669921875,0.6029168496529261,1.5769492869235437,71.75402641296387
image_2411,../data/train_data/train_data/image_2411.png,0,right,806.782808303833,224.85164070129395,912.0846176147461,392.29219341278076,105.30180931091309,167.44055271148682,859.4337129592896,308.57191705703735,1.120531678199768,0.4684409181276957,1.2667841911315918,0.8172754029432933,0.14625251293182373,0.34883448481559753,1.19365793466568,0.6428581605354945,1.5901013838907885,86.78280830383301
image_2419,../data/train_data/train_data/image_2419.png,0,left,-174.3743133544922,225.22305870056152,-125.73316097259521,357.1133270263672,48.64115238189697,131.89026832580566,-150.0537371635437,291.16819286346436,-0.2421865463256836,0.46921470562616985,-0.17462939023971558,0.7439860979715983,0.06755715608596802,0.27477139234542847,-0.20840796828269958,0.6066004017988841,2.711495551961716,125.73316097259521
image_242,../data/train_data/train_data/image_242.png,0,right,858.4627532958984,223.93070602416992,941.081485748291,391.8824305534363,82.61873245239258,167.95172452926636,899.7721195220947,307.9065682888031,1.1923093795776367,0.4665223042170207,1.3070576190948486,0.8164217303196589,0.11474823951721191,0.34989942610263824,1.2496834993362427,0.6414720172683398,2.0328528354758437,138.46275329589844
image_2423,../data/train_data/train_data/image_2423.png,0,right,871.0120582580566,219.6966781616211,963.5788249969482,414.33478021621704,92.5667667388916,194.63810205459595,917.2954416275024,317.01572918891907,1.2097389698028564,0.4577014128367106,1.3383039236068726,0.8631974587837855,0.1285649538040161,0.4054960459470749,1.2740214467048645,0.6604494358102481,2.1026779794915256,151.01205825805664
image_243,../data/train_data/train_data/image_243.png,0,left,-271.4038681983948,219.4418182373047,-165.3176200389862,424.3013503551483,106.08624815940857,204.85953211784363,-218.3607441186905,321.8715842962265,-0.37694981694221497,0.45717045466105144,-0.22960780560970306,0.8839611465732257,0.1473420113325119,0.4267906919121742,-0.303278811275959,0.6705658006171386,1.9310658607703346,165.3176200389862
image_2430,../data/train_data/train_data/image_2430.png,1,left,-270.8530068397522,221.29865074157715,-138.80673050880432,431.95162558555603,132.04627633094788,210.65297484397888,-204.82986867427826,326.6251381635666,-0.37618473172187805,0.46103885571161907,-0.19278712570667267,0.8998992199699084,0.18339760601520538,0.43886036425828934,-0.28448592871427536,0.6804690378407637,1.595296593718545,138.80673050880432
image_2433,../data/train_data/train_data/image_2433.png,0,left,-259.11340713500977,226.04182624816895,-149.448823928833,403.89997148513794,109.66458320617676,177.858145236969,-204.2811155319214,314.97089886665344,-0.359879732131958,0.470920471350352,-0.20756781101226807,0.8414582739273707,0.15231192111968994,0.37053780257701874,-0.28372377157211304,0.6561893726388613,1.6218376073393155,149.448823928833
image_2434,../data/train_data/train_data/image_2434.png,0,left,-183.35651636123657,219.94487190246582,-135.17722964286804,396.33872413635254,48.17928671836853,176.39385223388672,-159.2668730020523,308.1417980194092,-0.25466182827949524,0.45821848313013713,-0.18774615228176117,0.8257056752840678,0.06691567599773407,0.36748719215393066,-0.2212039902806282,0.6419620792071025,3.661196838902887,135.17722964286804
image_2438,../data/train_data/train_data/image_2438.png,0,left,-293.9115500450134,218.78827476501465,-201.43424034118652,421.40893483161926,92.4773097038269,202.62066006660461,-247.67289519309998,320.09860479831696,-0.40821048617362976,0.4558089057604472,-0.27976977825164795,0.8779352808992068,0.1284407079219818,0.4221263751387596,-0.34399013221263885,0.666872093329827,2.1910310833601137,201.43424034118652
image_244,../data/train_data/train_data/image_244.png,1,left,-215.42108058929443,226.25048065185547,-111.10896348953247,398.7033882141113,104.31211709976196,172.45290756225586,-163.26502203941345,312.4769344329834,-0.29919594526290894,0.4713551680246989,-0.15431800484657288,0.8306320587793986,0.14487794041633606,0.3592768907546997,-0.2267569750547409,0.6509936134020488,1.6532394544089777,111.10896348953247
image_2443,../data/train_data/train_data/image_2443.png,1,left,-240.964937210083,218.04160499572754,-169.2170262336731,421.46384143829346,71.74791097640991,203.42223644256592,-205.09098172187805,319.7527232170105,-0.33467352390289307,0.45425334374109905,-0.2350236475467682,0.8780496696631114,0.09964987635612488,0.42379632592201233,-0.2848485857248306,0.6661515067021052,2.8352356699200536,169.2170262336731
image_2444,../data/train_data/train_data/image_2444.png,1,left,-144.4819414615631,225.4853000640869,-89.61458802223206,358.28404331207275,54.867353439331055,132.79874324798584,-117.04826474189758,291.88467168807983,-0.20066936314105988,0.4697610418001811,-0.12446470558643341,0.7464250902334849,0.07620465755462646,0.27666404843330383,-0.16256703436374664,0.608093066016833,2.420359921220303,89.61458802223206
image_2446,../data/train_data/train_data/image_2446.png,0,right,802.6315212249756,226.29568481445312,860.6915187835693,359.95815658569336,58.05999755859375,133.66247177124023,831.6615200042725,293.12692070007324,1.114766001701355,0.471449343363444,1.1954048871994019,0.7499128262201945,0.08063888549804688,0.2784634828567505,1.1550854444503784,0.6106810847918193,2.3021439440528564,82.63152122497559
image_245,../data/train_data/train_data/image_245.png,0,left,-251.95117950439453,215.220121383667,-199.67659950256348,432.3420264720917,52.274580001831055,217.12190508842468,-225.813889503479,323.78107392787933,-0.3499321937561035,0.4483752528826396,-0.27732861042022705,0.900712555150191,0.07260358333587646,0.4523373022675514,-0.3136304020881653,0.6745439040164153,4.153489230919108,199.67659950256348
image_2454,../data/train_data/train_data/image_2454.png,0,right,819.040117263794,224.5580997467041,906.3912105560303,381.51500606536865,87.35109329223633,156.95690631866455,862.7156639099121,303.0365529060364,1.137555718421936,0.4678293744723002,1.2588766813278198,0.7948229293028514,0.12132096290588379,0.32699355483055115,1.198216199874878,0.6313261518875758,1.7968510799694217,99.04011726379395
image_2456,../data/train_data/train_data/image_2456.png,1,left,-287.46999979019165,223.06258583068848,-147.07643151283264,437.4966492652893,140.393568277359,214.43406343460083,-217.27321565151215,330.2796175479889,-0.3992638885974884,0.464713720480601,-0.2042728215456009,0.9114513526360194,0.1949910670518875,0.4467376321554184,-0.30176835507154465,0.6880825365583102,1.5273781132976745,147.07643151283264
image_2457,../data/train_data/train_data/image_2457.png,1,right,805.3986167907715,224.42491912841797,878.6873817443848,371.95539140701294,73.28876495361328,147.53047227859497,842.0429992675781,298.19015526771545,1.1186091899871826,0.4675519148508708,1.2203991413116455,0.774907065431277,0.10178995132446289,0.3073551505804062,1.169504165649414,0.6212294901410739,2.013002571021241,85.39861679077148
image_246,../data/train_data/train_data/image_246.png,0,left,-213.86269569396973,226.35193252563477,-126.76510334014893,371.7866554260254,87.0975923538208,145.43472290039062,-170.31389951705933,299.0692939758301,-0.2970315217971802,0.47156652609507244,-0.17606264352798462,0.7745555321375529,0.12096887826919556,0.30298900604248047,-0.2365470826625824,0.6230610291163127,1.6697903922485486,126.76510334014893
image_2462,../data/train_data/train_data/image_2462.png,1,left,-238.5058879852295,214.1052951812744,-183.23555946350098,442.15696597099304,55.270328521728516,228.05167078971863,-210.87072372436523,328.1311305761337,-0.3312581777572632,0.4460526982943217,-0.2544938325881958,0.9211603457729022,0.07676434516906738,0.4751076474785805,-0.2928760051727295,0.6836065220336119,4.1261139003373986,183.23555946350098
image_2467,../data/train_data/train_data/image_2467.png,1,left,-193.26277256011963,222.2835292816162,-150.69637298583984,375.69196605682373,42.566399574279785,153.40843677520752,-171.97957277297974,298.98774766921997,-0.2684205174446106,0.4630906860033671,-0.20930051803588867,0.7826915959517161,0.059119999408721924,0.319600909948349,-0.23886051774024963,0.6228911409775416,3.6039796249975216,150.69637298583984
image_2469,../data/train_data/train_data/image_2469.png,0,right,843.8707637786865,222.1201934814453,907.1789646148682,385.1077070236206,63.30820083618164,162.9875135421753,875.5248641967773,303.61395025253296,1.172042727470398,0.4627504030863444,1.259970784187317,0.8023077229658763,0.08792805671691895,0.33955731987953186,1.2160067558288574,0.6325290630261103,2.5745086953888814,123.87076377868652
image_247,../data/train_data/train_data/image_247.png,0,right,841.9961357116699,222.5403347015381,930.9736347198486,394.36170721054077,88.97749900817871,171.82137250900269,886.4848852157593,308.45102095603943,1.1694390773773193,0.463625697294871,1.2930189371109009,0.82158689002196,0.12357985973358154,0.35796119272708893,1.23122900724411,0.6426062936584155,1.9310654314211402,121.99613571166992
image_2479,../data/train_data/train_data/image_2479.png,1,right,842.9808712005615,224.03862380981445,955.6376838684082,415.6306805610657,112.65681266784668,191.59205675125122,899.3092775344849,319.83465218544006,1.1708067655563354,0.46674713293711345,1.3272745609283447,0.8658972511688868,0.15646779537200928,0.3991501182317734,1.24904066324234,0.6663221920530001,1.700669956961541,122.98087120056152
image_2489,../data/train_data/train_data/image_2489.png,0,left,-188.5968017578125,218.07413482666016,-147.01110363006592,408.52965021133423,41.58569812774658,190.45551538467407,-167.8039526939392,313.3018925189972,-0.26194000244140625,0.45432111422220867,-0.20418208837509155,0.8511034379402797,0.0577579140663147,0.396782323718071,-0.2330610454082489,0.6527122760812442,4.579832104768716,147.01110363006592
image_249,../data/train_data/train_data/image_249.png,0,left,-174.50053811073303,224.54645538330078,-122.14768052101135,366.1953225135803,52.35285758972168,141.64886713027954,-148.3241093158722,295.37088894844055,-0.2423618584871292,0.46780511538187664,-0.16964955627918243,0.7629069219032923,0.07271230220794678,0.2951018065214157,-0.20600570738315582,0.6153560186425845,2.705656838072754,122.14768052101135
image_2496,../data/train_data/train_data/image_2496.png,0,right,858.8225555419922,220.7824935913086,981.9323444366455,443.2473554611206,123.10978889465332,222.464861869812,920.3774499893188,332.0149245262146,1.1928091049194336,0.45996352831522624,1.3637949228286743,0.9234319905440013,0.17098581790924072,0.463468462228775,1.278302013874054,0.6916977594296138,1.8070444589924377,138.8225555419922
image_2498,../data/train_data/train_data/image_2498.png,1,left,-173.21994423866272,224.38186073303223,-134.2776596546173,359.5073380470276,38.94228458404541,135.12547731399536,-153.74880194664001,291.9445993900299,-0.24058325588703156,0.4674622098604838,-0.18649674952030182,0.7489736209313075,0.054086506366729736,0.28151141107082367,-0.2135400027036667,0.6082179153958956,3.4698908591859055,134.2776596546173
image_25,../data/train_data/train_data/image_25.png,0,right,846.7417144775391,223.42258834838867,924.68825340271,382.12145709991455,77.9465389251709,158.69886875152588,885.7149839401245,302.7720227241516,1.176030158996582,0.46546372572580974,1.2842892408370972,0.7960863689581553,0.10825908184051514,0.3306226432323456,1.2301596999168396,0.6307750473419825,2.0359963500608753,126.74171447753906
image_2502,../data/train_data/train_data/image_2502.png,0,right,848.8354682922363,222.86995315551758,881.0491847991943,368.3521046638489,32.21371650695801,145.4821515083313,864.9423265457153,295.6110289096832,1.1789381504058838,0.4643124024073283,1.2236794233322144,0.7674002180496852,0.044741272926330566,0.3030878156423569,1.201308786869049,0.6158563102285067,4.51615545436702,128.83546829223633
image_2509,../data/train_data/train_data/image_2509.png,0,right,828.7613868713379,221.01483726501465,952.9183101654053,442.451007604599,124.15692329406738,221.43617033958435,890.8398485183716,331.7329224348068,1.151057481765747,0.4604475776354472,1.3234976530075073,0.9217729325095813,0.17244017124176025,0.46132535487413406,1.2372775673866272,0.6911102550725142,1.7835185059725565,108.76138687133789
image_251,../data/train_data/train_data/image_251.png,1,left,-237.95953273773193,220.69952392578125,-164.3121886253357,406.51243591308594,73.64734411239624,185.8129119873047,-201.1358606815338,313.6059799194336,-0.3304993510246277,0.4597906748453776,-0.22821137309074402,0.8469009081522624,0.10228797793388367,0.38711023330688477,-0.27935536205768585,0.65334579149882,2.523008999533343,164.3121886253357
image_2517,../data/train_data/train_data/image_2517.png,1,left,-180.92029809951782,220.49653434753418,-130.18089652061462,391.4942970275879,50.7394015789032,170.9977626800537,-155.55059731006622,305.99541568756104,-0.25127819180488586,0.4593677798906962,-0.18080680072307587,0.8156131188074748,0.07047139108181,0.35624533891677856,-0.21604249626398087,0.6374904493490855,3.370117844494887,130.18089652061462
image_252,../data/train_data/train_data/image_252.png,0,left,-203.43010425567627,225.09525680541992,-118.46914887428284,374.9356760978699,84.96095538139343,149.84041929244995,-160.94962656497955,300.0154664516449,-0.28254181146621704,0.4689484516779582,-0.16454048454761505,0.7811159918705622,0.11800132691860199,0.31216754019260406,-0.22354114800691605,0.6250322217742602,1.7636385869227786,118.46914887428284
image_2521,../data/train_data/train_data/image_2521.png,0,right,900.8338451385498,220.18036270141602,1032.35933303833,439.3925025463104,131.52548789978027,219.2121398448944,966.5965890884399,329.7864326238632,1.2511581182479858,0.4587090889612834,1.4338324069976807,0.9154010469714801,0.18267428874969482,0.4566919580101967,1.3424952626228333,0.6870550679663817,1.6666894253373123,180.8338451385498
image_2529,../data/train_data/train_data/image_2529.png,1,left,-204.49185132980347,226.2800350189209,-110.80839514732361,383.3728756904602,93.68345618247986,157.0928406715393,-157.65012323856354,304.82645535469055,-0.2840164601802826,0.4714167396227519,-0.15390054881572723,0.7986934910217921,0.13011591136455536,0.3272767513990402,-0.2189585044980049,0.635055115322272,1.676847194509439,110.80839514732361
image_2533,../data/train_data/train_data/image_2533.png,1,right,831.8653678894043,225.17765426635742,942.5057601928711,401.5703477859497,110.6403923034668,176.39269351959229,887.1855640411377,313.37400102615356,1.1553685665130615,0.4691201130549113,1.3090357780456543,0.8366048912207286,0.15366721153259277,0.36748477816581726,1.232202172279358,0.6528625021378199,1.594288395469339,111.8653678894043
image_2537,../data/train_data/train_data/image_2537.png,1,left,-176.544349193573,225.34233474731445,-113.83708119392395,363.7467803955078,62.70726799964905,138.40444564819336,-145.19071519374847,294.54455757141113,-0.2452004849910736,0.46946319739023845,-0.15810705721378326,0.7578057924906413,0.08709342777729034,0.28834259510040283,-0.20165377110242844,0.6136344949404399,2.2071515800842727,113.83708119392395
image_2539,../data/train_data/train_data/image_2539.png,1,left,-184.05659437179565,229.30960083007812,-96.96027874946594,363.93491411209106,87.09631562232971,134.62531328201294,-140.5084365606308,296.6222574710846,-0.2556341588497162,0.47772833506266277,-0.1346670538187027,0.7581977377335231,0.12096710503101349,0.2804694026708603,-0.19515060633420944,0.6179630363980929,1.5457061796480605,96.96027874946594
image_254,../data/train_data/train_data/image_254.png,0,right,873.0057334899902,221.3483180999756,941.9662284851074,400.5230417251587,68.96049499511719,179.1747236251831,907.4859809875488,310.93567991256714,1.212507963180542,0.46114232937494914,1.308286428451538,0.8344230035940806,0.0957784652709961,0.37328067421913147,1.26039719581604,0.6477826664845149,2.5982227018218147,153.00573348999023
image_2547,../data/train_data/train_data/image_2547.png,1,left,-218.3500099182129,221.01266288757324,-144.84480142593384,403.26992416381836,73.50520849227905,182.25726127624512,-181.59740567207336,312.1412935256958,-0.30326390266418457,0.46044304768244426,-0.201173335313797,0.8401456753412883,0.10209056735038757,0.379702627658844,-0.2522186189889908,0.6502943615118663,2.4795149216587737,144.84480142593384
image_255,../data/train_data/train_data/image_255.png,1,left,-264.1836190223694,216.7212142944336,-162.58766770362854,450.3540667295456,101.59595131874084,233.632852435112,-213.38564336299896,333.5376405119896,-0.36692169308662415,0.45150252978007,-0.22581620514392853,0.9382376390198867,0.14110548794269562,0.48673510923981667,-0.29636894911527634,0.6948700843999783,2.299627587541621,162.58766770362854
image_2551,../data/train_data/train_data/image_2551.png,0,left,-191.64563655853271,223.90684509277344,-117.23798274993896,389.7587432861328,74.40765380859375,165.85189819335938,-154.44180965423584,306.8327941894531,-0.2661744952201843,0.466472593943278,-0.16283053159713745,0.81199738184611,0.10334396362304688,0.34552478790283203,-0.2145025134086609,0.639234987894694,2.2289628782006323,117.23798274993896
image_2555,../data/train_data/train_data/image_2555.png,1,left,-193.58697652816772,221.8491973876953,-143.0385160446167,377.5492134094238,50.548460483551025,155.70001602172852,-168.3127462863922,299.69920539855957,-0.2688708007335663,0.4621858278910319,-0.1986646056175232,0.786560861269633,0.07020619511604309,0.3243750333786011,-0.23376770317554474,0.6243733445803324,3.080212820178665,143.0385160446167
image_2563,../data/train_data/train_data/image_2563.png,0,right,871.7172431945801,220.64605140686035,967.9177379608154,424.53123712539673,96.20049476623535,203.88518571853638,919.8174905776978,322.58864426612854,1.2107183933258057,0.4596792737642924,1.3443301916122437,0.8844400773445765,0.133611798286438,0.4247608035802841,1.2775242924690247,0.6720596755544345,2.1193777247608963,151.71724319458008
image_2570,../data/train_data/train_data/image_2570.png,1,left,-186.37389421463013,222.86823654174805,-117.65635371208191,389.0851011276245,68.71754050254822,166.21686458587646,-152.01512396335602,305.9766688346863,-0.25885263085365295,0.46430882612864177,-0.16341160237789154,0.8105939606825511,0.09544102847576141,0.3462851345539093,-0.21113211661577225,0.6374513934055964,2.4188418760376433,117.65635371208191
image_2571,../data/train_data/train_data/image_2571.png,1,right,819.3122863769531,222.9921760559082,851.1664581298828,367.65322828292847,31.854171752929688,144.66105222702026,835.239372253418,295.32270216941833,1.1379337310791016,0.46456703344980876,1.182175636291504,0.7659442255894343,0.044241905212402344,0.30137719213962555,1.1600546836853027,0.6152556295196215,4.541353432418645,99.31228637695312
image_258,../data/train_data/train_data/image_258.png,0,left,-182.47934818267822,228.86268043518066,-118.38033556938171,349.9925842285156,64.09901261329651,121.12990379333496,-150.42984187602997,289.42763233184814,-0.25344353914260864,0.4767972509066264,-0.16441713273525238,0.7291512171427409,0.08902640640735626,0.2523539662361145,-0.2089303359389305,0.6029742340246836,1.8897311963930024,118.38033556938171
image_2580,../data/train_data/train_data/image_2580.png,1,left,-206.61388635635376,221.99216270446777,-142.0647668838501,387.70035886764526,64.54911947250366,165.7081961631775,-174.33932662010193,304.8462607860565,-0.28696373105049133,0.46248367230097454,-0.19731217622756958,0.807709080974261,0.08965155482292175,0.34522540867328644,-0.24213795363903046,0.6350963766376178,2.5671643163740616,142.0647668838501
image_2584,../data/train_data/train_data/image_2584.png,1,left,-133.5522186756134,225.6604518890381,-98.20210933685303,349.62140941619873,35.350109338760376,123.96095752716064,-115.87716400623322,287.6409306526184,-0.18548919260501862,0.470125941435496,-0.13639181852340698,0.7283779362837474,0.04909737408161163,0.25825199484825134,-0.1609405055642128,0.5992519388596217,3.506664048454329,98.20210933685303
image_259,../data/train_data/train_data/image_259.png,0,left,-269.621057510376,226.30589866638184,-158.59994173049927,395.9526791572571,111.02111577987671,169.64678049087524,-214.11049962043762,311.12928891181946,-0.3744736909866333,0.47147062222162883,-0.22027769684791565,0.8249014149109523,0.15419599413871765,0.3534307926893234,-0.2973756939172745,0.6481860185662905,1.5280586877476223,158.59994173049927
image_2592,../data/train_data/train_data/image_2592.png,0,right,834.66628074646,218.142484664917,914.5010948181152,420.80366039276123,79.83481407165527,202.66117572784424,874.5836877822876,319.4730725288391,1.1592587232589722,0.4544635097185771,1.2701404094696045,0.8766742924849192,0.11088168621063232,0.42221078276634216,1.2146995663642883,0.6655689011017482,2.5385062655240467,114.66628074645996
image_2599,../data/train_data/train_data/image_2599.png,0,left,-300.8246111869812,222.74775886535645,-178.54322791099548,418.5420432090759,122.28138327598572,195.79428434371948,-239.68391954898834,320.6449010372162,-0.41781195998191833,0.4640578309694926,-0.24797670543193817,0.8719625900189082,0.16983525454998016,0.4079047590494156,-0.33289433270692825,0.6680102104942004,1.6011781932644413,178.54322791099548
image_26,../data/train_data/train_data/image_26.png,1,right,812.1646499633789,227.68757247924805,910.4415607452393,378.37031984329224,98.27691078186035,150.6827473640442,861.3031053543091,303.02894616127014,1.1280064582824707,0.47434910933176677,1.2645021677017212,0.7882714996735255,0.1364957094192505,0.31392239034175873,1.196254312992096,0.6313103045026461,1.5332466819038104,92.1646499633789
image_2600,../data/train_data/train_data/image_2600.png,0,right,826.2744426727295,224.62687873840332,927.425479888916,392.63495111465454,101.15103721618652,168.00807237625122,876.8499612808228,308.63091492652893,1.1476033926010132,0.46797266403834026,1.2880909442901611,0.8179894814888636,0.14048755168914795,0.3500168174505234,1.2178471684455872,0.642981072763602,1.6609624280685678,106.27444267272949
image_2602,../data/train_data/train_data/image_2602.png,0,left,-271.4544868469238,225.79237365722656,-152.70060539245605,410.28788471221924,118.75388145446777,184.49551105499268,-212.07754611968994,318.0401291847229,-0.37702012062072754,0.47040077845255535,-0.21208417415618896,0.8547664264837901,0.16493594646453857,0.38436564803123474,-0.29455214738845825,0.6625836024681727,1.5535956281625316,152.70060539245605
image_2603,../data/train_data/train_data/image_2603.png,1,right,858.8180065155029,221.12716102600098,980.1987361907959,425.3668739795685,121.38072967529297,204.2397129535675,919.5083713531494,323.24701750278473,1.1928027868270874,0.4606815854708354,1.3613871335983276,0.8861809874574343,0.16858434677124023,0.42549940198659897,1.2770949602127075,0.6734312864641349,1.6826370503780261,138.81800651550293
image_2605,../data/train_data/train_data/image_2605.png,0,right,835.3588485717773,220.82157516479492,908.6149978637695,394.17146348953247,73.25614929199219,173.34988832473755,871.9869232177734,307.4965193271637,1.1602206230163574,0.46004494825998943,1.261965274810791,0.821190548936526,0.1017446517944336,0.36114560067653656,1.2110929489135742,0.6406177485982577,2.366352722606003,115.35884857177734
image_2606,../data/train_data/train_data/image_2606.png,1,left,-211.88957691192627,225.05194091796875,-101.83117032051086,403.8523783683777,110.0584065914154,178.80043745040894,-156.86037361621857,314.4521596431732,-0.29429107904434204,0.46885821024576824,-0.14143218100070953,0.8413591216007869,0.1528588980436325,0.3725009113550186,-0.2178616300225258,0.6551086659232775,1.6245959121886417,101.83117032051086
image_261,../data/train_data/train_data/image_261.png,0,right,850.207986831665,222.10168266296387,898.1183338165283,378.73586559295654,47.91034698486328,156.63418292999268,874.1631603240967,300.4187741279602,1.1808444261550903,0.46271183888117473,1.2473865747451782,0.7890330533186595,0.06654214859008789,0.32632121443748474,1.2141155004501343,0.6258724460999171,3.2693184831134583,130.20798683166504
image_2612,../data/train_data/train_data/image_2612.png,0,right,841.488447189331,221.5764274597168,878.4023380279541,379.4695677757263,36.91389083862305,157.89314031600952,859.9453926086426,300.52299761772156,1.1687339544296265,0.46161755720774333,1.2200032472610474,0.7905615995327632,0.0512692928314209,0.32894404232501984,1.194368600845337,0.6260895783702533,4.277336707914999,121.48844718933105
image_2613,../data/train_data/train_data/image_2613.png,1,right,814.0736103057861,225.7311191558838,908.6555099487305,392.4956622123718,94.58189964294434,166.76454305648804,861.3645601272583,309.1133906841278,1.1306577920913696,0.47027316490809123,1.262021541595459,0.8176992962757746,0.13136374950408936,0.3474261313676834,1.1963396668434143,0.6439862305919329,1.763176080053795,94.07361030578613
image_2619,../data/train_data/train_data/image_2619.png,0,right,817.833423614502,226.3002052307129,867.7138423919678,350.29096031188965,49.88041877746582,123.99075508117676,842.7736330032349,288.29558277130127,1.1358797550201416,0.47145876089731853,1.2051581144332886,0.7297728339831034,0.06927835941314697,0.2583140730857849,1.170518934726715,0.600615797440211,2.4857601062722297,97.83342361450195
image_262,../data/train_data/train_data/image_262.png,0,right,827.7677249908447,227.6298656463623,910.9862422943115,367.78286838531494,83.2185173034668,140.15300273895264,869.3769836425781,297.7063670158386,1.1496773958206177,0.4742288867632548,1.2652586698532104,0.7662143091360728,0.11558127403259277,0.291985422372818,1.207468032836914,0.6202215979496638,1.6841564507556301,107.76772499084473
image_2623,../data/train_data/train_data/image_2623.png,1,left,-174.51334834098816,227.37858200073242,-85.24562358856201,370.12545251846313,89.26772475242615,142.7468705177307,-129.87948596477509,298.7520172595978,-0.24237965047359467,0.47370537916819255,-0.11839669942855835,0.7710946927467982,0.12398295104503632,0.29738931357860565,-0.1803881749510765,0.6224000359574954,1.5990871383092027,85.24562358856201
image_2625,../data/train_data/train_data/image_2625.png,0,right,841.5222644805908,218.80549812316895,978.5339641571045,460.5796399116516,137.01169967651367,241.77414178848267,910.0281143188477,339.6925690174103,1.1687809228897095,0.455844787756602,1.3590749502182007,0.9595409164826075,0.1902940273284912,0.5036961287260056,1.263927936553955,0.7076928521196048,1.7646240602759795,121.52226448059082
image_2628,../data/train_data/train_data/image_2628.png,1,right,799.3666934967041,219.96023559570312,928.1971836090088,436.3532807826996,128.8304901123047,216.39304518699646,863.7819385528564,328.15675818920135,1.1102315187454224,0.4582504908243815,1.2891627550125122,0.9090693349639575,0.17893123626708984,0.45081884413957596,1.1996971368789673,0.6836599128941695,1.6796726069920354,79.3666934967041
image_263,../data/train_data/train_data/image_263.png,0,right,831.4257431030273,224.69479942321777,954.0942764282227,421.1658408641815,122.66853332519531,196.47104144096375,892.760009765625,322.93032014369965,1.1547579765319824,0.46811416546503704,1.3251309394836426,0.8774288351337115,0.17037296295166016,0.40931466966867447,1.2399444580078125,0.6727715002993743,1.601641726000892,111.42574310302734
image_2632,../data/train_data/train_data/image_2632.png,0,left,-203.24207067489624,223.60437774658203,-152.17833638191223,369.2202033996582,51.06373429298401,145.61582565307617,-177.71020352840424,296.4122905731201,-0.28228065371513367,0.4658424536387126,-0.21135880053043365,0.7692087570826213,0.07092185318470001,0.3033663034439087,-0.24681972712278366,0.6175256053606669,2.8516485852285838,152.17833638191223
image_2634,../data/train_data/train_data/image_2634.png,0,left,-269.3118095397949,222.3491611480713,-145.5989420413971,425.1765122413635,123.71286749839783,202.82735109329224,-207.455375790596,323.7628366947174,-0.37404417991638184,0.46322741905848186,-0.20222075283527374,0.8857844005028407,0.1718234270811081,0.4225569814443588,-0.2881324663758278,0.6745059097806613,1.6395008473626966,145.5989420413971
image_2635,../data/train_data/train_data/image_2635.png,0,left,-167.96249270439148,227.83079528808594,-104.28624987602234,347.40025424957275,63.67624282836914,119.56945896148682,-136.1243712902069,287.61552476882935,-0.2332812398672104,0.4746474901835124,-0.1448420137166977,0.7237505296866099,0.0884392261505127,0.24910303950309753,-0.18906162679195404,0.5991990099350611,1.8777718918462325,104.28624987602234
image_2638,../data/train_data/train_data/image_2638.png,1,left,-155.44199466705322,225.55147552490234,-116.36772394180298,350.7452907562256,39.074270725250244,125.19381523132324,-135.9048593044281,288.14838314056396,-0.21589165925979614,0.46989890734354656,-0.1616218388080597,0.7307193557421366,0.05426982045173645,0.2608204483985901,-0.18875674903392792,0.6003091315428416,3.203996207929776,116.36772394180298
image_264,../data/train_data/train_data/image_264.png,0,right,834.6040534973145,217.87706756591797,970.8501434326172,452.4612226486206,136.24608993530273,234.58415508270264,902.7270984649658,335.1691451072693,1.1591722965240479,0.4539105574289958,1.348402976989746,0.9426275471846263,0.18923068046569824,0.4887169897556305,1.253787636756897,0.698269052306811,1.7217679802341213,114.60405349731445
image_2642,../data/train_data/train_data/image_2642.png,0,right,860.0734519958496,215.3082981109619,977.4382495880127,458.2307597398758,117.36479759216309,242.92246162891388,918.7558507919312,336.76952892541885,1.1945464611053467,0.44855895439783733,1.3575531244277954,0.9546474161247412,0.16300666332244873,0.5060884617269039,1.276049792766571,0.7016031852612893,2.0698068467945347,140.0734519958496
image_2645,../data/train_data/train_data/image_2645.png,0,right,818.9816665649414,224.84002494812012,860.1004886627197,356.584753036499,41.11882209777832,131.7447280883789,839.5410776138306,290.71238899230957,1.137474536895752,0.4684167186419169,1.1945840120315552,0.742884902159373,0.05710947513580322,0.27446818351745605,1.1660292744636536,0.605650810400645,3.204000537152964,98.9816665649414
image_2648,../data/train_data/train_data/image_2648.png,0,right,877.9987621307373,213.5292854309082,931.7975234985352,447.0308508872986,53.79876136779785,233.50156545639038,904.8981428146362,330.2800681591034,1.2194427251815796,0.44485267798105876,1.2941632270812988,0.9313142726818721,0.07472050189971924,0.4864615947008133,1.2568029761314392,0.6880834753314654,4.340277722381851,157.9987621307373
image_265,../data/train_data/train_data/image_265.png,0,right,833.4951210021973,223.07614707946777,919.6014976501465,388.68360662460327,86.10637664794922,165.6074595451355,876.5483093261719,305.8798768520355,1.1576321125030518,0.46474197308222454,1.2772243022918701,0.8097575138012568,0.11959218978881836,0.3450155407190323,1.217428207397461,0.6372497434417407,1.9232891452654075,113.49512100219727
image_266,../data/train_data/train_data/image_266.png,1,left,-149.8271656036377,225.79715156555176,-108.05023670196533,349.5448055267334,41.77692890167236,123.74765396118164,-128.9387011528015,287.6709785461426,-0.2080932855606079,0.47041073242823284,-0.15006977319717407,0.7282183448473613,0.05802351236343384,0.2578076124191284,-0.179081529378891,0.599314538637797,2.9621050951935324,108.05023670196533
image_2669,../data/train_data/train_data/image_2669.png,1,right,809.8964881896973,217.39487075805664,918.7186431884766,431.62417793273926,108.8221549987793,214.22930717468262,864.3075656890869,324.50952434539795,1.1248562335968018,0.45290598074595134,1.2759981155395508,0.8992170373598735,0.15114188194274902,0.4463110566139221,1.2004271745681763,0.6760615090529124,1.9686184966387195,89.89648818969727
image_267,../data/train_data/train_data/image_267.png,0,right,809.0710544586182,227.92083168029785,862.470874786377,346.03295707702637,53.39982032775879,118.11212539672852,835.7709646224976,286.9768943786621,1.123709797859192,0.47483506600062053,1.197876214981079,0.7209019939104716,0.07416641712188721,0.24606692790985107,1.1607930064201355,0.5978685299555461,2.21184499632727,89.07105445861816
image_2672,../data/train_data/train_data/image_2672.png,0,right,818.5107135772705,223.3166160583496,942.5197505950928,419.01381516456604,124.00903701782227,195.69719910621643,880.5152320861816,321.1652156114578,1.1368204355239868,0.4652429501215617,1.309055209159851,0.8729454482595126,0.17223477363586426,0.4077024981379509,1.222937822341919,0.6690941991905371,1.5780882088302268,98.51071357727051
image_268,../data/train_data/train_data/image_268.png,1,left,-133.24448347091675,225.7845630645752,-98.82294416427612,347.5226345062256,34.421539306640625,121.73807144165039,-116.03371381759644,286.6535987854004,-0.18506178259849548,0.47038450638453166,-0.13725408911705017,0.7240054885546366,0.04780769348144531,0.253620982170105,-0.16115793585777283,0.5971949974695842,3.5366829576434604,98.82294416427612
image_2684,../data/train_data/train_data/image_2684.png,1,right,865.2274131774902,213.2839527130127,920.7653617858887,446.55948662757874,55.53794860839844,233.27553391456604,892.9963874816895,329.9217196702957,1.201704740524292,0.4443415681521098,1.2788407802581787,0.9303322638074557,0.07713603973388672,0.4859906956553459,1.2402727603912354,0.6873369159797827,4.200290787825213,145.22741317749023
image_2689,../data/train_data/train_data/image_2689.png,0,right,875.8548831939697,215.61219596862793,961.0138607025146,447.37899804115295,85.15897750854492,231.76680207252502,918.4343719482422,331.49559700489044,1.2164651155471802,0.4491920749346415,1.334741473197937,0.932039579252402,0.11827635765075684,0.48284750431776047,1.2756032943725586,0.6906158270935218,2.721578027980307,155.85488319396973
image_269,../data/train_data/train_data/image_269.png,1,right,860.2064895629883,214.3584098815918,939.814624786377,451.6898765563965,79.60813522338867,237.3314666748047,900.0105571746826,333.02414321899414,1.1947312355041504,0.4465800205866496,1.305298089981079,0.9410205761591593,0.11056685447692871,0.49444055557250977,1.2500146627426147,0.6938002983729045,2.9812464016250098,140.20648956298828
image_27,../data/train_data/train_data/image_27.png,1,left,-224.66935873031616,222.0821704864502,-94.17949318885803,429.62090396881104,130.48986554145813,207.53873348236084,-159.4244259595871,325.8515372276306,-0.312040776014328,0.4626711885134379,-0.1308048516511917,0.895043549935023,0.1812359243631363,0.4323723614215851,-0.22142281383275986,0.6788573692242305,1.5904586353981904,94.17949318885803
image_270,../data/train_data/train_data/image_270.png,0,right,821.8826580047607,221.13007926940918,971.8864631652832,450.34027123451233,150.00380516052246,229.21019196510315,896.884560585022,335.73517525196075,1.1415036916732788,0.46068766514460247,1.3498423099517822,0.938208898405234,0.20833861827850342,0.47752123326063156,1.2456730008125305,0.6994482817749182,1.5280291837918387,101.88265800476074
image_2711,../data/train_data/train_data/image_2711.png,0,left,-252.3954176902771,221.6969337463379,-171.0128939151764,406.15046644210815,81.38252377510071,184.45353269577026,-211.70415580272675,313.923700094223,-0.35054919123649597,0.4618686119715373,-0.23751790821552277,0.8461468050877253,0.1130312830209732,0.38427819311618805,-0.29403354972600937,0.6540077085296313,2.266500522956312,171.0128939151764
image_272,../data/train_data/train_data/image_272.png,0,left,-184.89625453948975,225.9694709777832,-105.91730117797852,366.6707673072815,78.97895336151123,140.7012963294983,-145.40677785873413,296.32011914253235,-0.2568003535270691,0.470769731203715,-0.14710736274719238,0.7638974318901698,0.10969299077987671,0.2931277006864548,-0.20195385813713074,0.6173335815469424,1.7815036834619054,105.91730117797852
image_273,../data/train_data/train_data/image_273.png,1,right,854.7374439239502,221.36785888671875,903.7044525146484,386.8921055793762,48.96700859069824,165.52424669265747,879.2209482192993,304.1299822330475,1.1871353387832642,0.46118303934733074,1.2551450729370117,0.8060252199570338,0.06800973415374756,0.34484218060970306,1.221140205860138,0.6336041296521823,3.3803218014853456,134.7374439239502
image_2740,../data/train_data/train_data/image_2740.png,0,right,862.8914451599121,216.45182037353516,952.2676277160645,434.4004108905792,89.37618255615234,217.94859051704407,907.5795364379883,325.4261156320572,1.198460340499878,0.4509412924448649,1.3225939273834229,0.9050008560220401,0.12413358688354492,0.45405956357717514,1.2605271339416504,0.6779710742334525,2.4385533626938427,142.8914451599121
image_2749,../data/train_data/train_data/image_2749.png,1,right,803.14453125,224.32426834106445,837.3017978668213,357.4365653991699,34.15726661682129,133.11229705810547,820.2231645584106,290.8804168701172,1.115478515625,0.46734222571055095,1.1629191637039185,0.7446595112482707,0.04744064807891846,0.2773172855377197,1.1391988396644592,0.6060008684794108,3.8970418374329814,83.14453125
image_275,../data/train_data/train_data/image_275.png,0,left,-208.18767786026,227.68634223937988,-134.80148434638977,365.2742233276367,73.38619351387024,137.58788108825684,-171.4945811033249,296.4802827835083,-0.28914955258369446,0.47434654633204143,-0.18722428381443024,0.7609879652659098,0.10192526876926422,0.2866414189338684,-0.23818691819906235,0.6176672557989756,1.874846950090854,134.80148434638977
image_276,../data/train_data/train_data/image_276.png,1,left,-206.65678024291992,226.52159118652344,-115.70212841033936,372.9917540550232,90.95465183258057,146.47016286849976,-161.17945432662964,299.7566726207733,-0.28702330589294434,0.4719199816385905,-0.16069740056991577,0.7770661542812983,0.12632590532302856,0.3051461726427078,-0.22386035323143005,0.6244930679599444,1.610364724809305,115.70212841033936
image_2766,../data/train_data/train_data/image_2766.png,0,left,-328.329656124115,220.1350440979004,-183.67252349853516,448.24054861068726,144.65713262557983,228.10550451278687,-256.0010898113251,334.1877963542938,-0.45601341128349304,0.45861467520395915,-0.25510072708129883,0.9338344762722651,0.2009126842021942,0.47521980106830597,-0.35555706918239594,0.6962245757381121,1.5768700814995333,183.67252349853516
image_277,../data/train_data/train_data/image_277.png,1,left,-213.30531120300293,222.22836875915527,-137.01902747154236,392.12548875808716,76.28628373146057,169.89711999893188,-175.16216933727264,307.1769287586212,-0.2962573766708374,0.46297576824824016,-0.1903042048215866,0.8169281015793483,0.1059531718492508,0.3539523333311081,-0.243280790746212,0.6399519349137942,2.2270991807255394,137.01902747154236
image_2792,../data/train_data/train_data/image_2792.png,0,right,814.5005321502686,229.1661777496338,890.3983783721924,348.61002349853516,75.89784622192383,119.44384574890137,852.4494552612305,288.8881006240845,1.1312507390975952,0.47742953697840373,1.2366644144058228,0.7262708822886149,0.10541367530822754,0.24884134531021118,1.183957576751709,0.6018502096335093,1.5737448649023569,94.50053215026855
image_28,../data/train_data/train_data/image_28.png,1,left,-310.0749707221985,222.28149795532227,-163.13591122627258,454.14549255371094,146.9390594959259,231.86399459838867,-236.60544097423553,338.2134952545166,-0.430659681558609,0.46308645407358806,-0.22657765448093414,0.9461364428202311,0.20408202707767487,0.48304998874664307,-0.3286186680197716,0.7046114484469096,1.5779602468791998,163.13591122627258
image_280,../data/train_data/train_data/image_280.png,1,left,-201.91276788711548,223.91402626037598,-134.76288199424744,382.4722113609314,67.14988589286804,158.55818510055542,-168.33782494068146,303.1931188106537,-0.28043439984321594,0.4664875547091166,-0.18717066943645477,0.7968171070019404,0.09326373040676117,0.3303295522928238,-0.23380253463983536,0.6316523308555285,2.3612576997304444,134.76288199424744
image_281,../data/train_data/train_data/image_281.png,0,left,-201.81657314300537,225.70096397399902,-135.27569890022278,362.52938652038574,66.54087424278259,136.82842254638672,-168.54613602161407,294.1151752471924,-0.2803007960319519,0.470210341612498,-0.1878829151391983,0.7552695552508036,0.0924178808927536,0.28505921363830566,-0.2340918555855751,0.6127399484316508,2.0563063546047102,135.27569890022278
image_282,../data/train_data/train_data/image_282.png,0,left,-303.7272334098816,215.7928409576416,-233.75415086746216,437.4174883365631,69.97308254241943,221.6246473789215,-268.7406921386719,326.60516464710236,-0.42184337973594666,0.44956841866175334,-0.3246585428714752,0.9112864340345065,0.09718483686447144,0.46171801537275314,-0.37325096130371094,0.6804274263481299,3.167284323147649,233.75415086746216
image_2872,../data/train_data/train_data/image_2872.png,0,left,-329.4868469238281,221.91903495788574,-194.92685794830322,437.32244873046875,134.5599889755249,215.403413772583,-262.2068524360657,329.62074184417725,-0.45762062072753906,0.46233132282892864,-0.27073174715042114,0.9110884348551432,0.18688887357711792,0.4487571120262146,-0.3641761839389801,0.6867098788420359,1.6007983904618386,194.92685794830322
image_288,../data/train_data/train_data/image_288.png,1,right,793.2733154296875,227.17158699035645,883.1503200531006,367.27704668045044,89.87700462341309,140.105459690094,838.211817741394,297.22431683540344,1.1017684936523438,0.4732741395632426,1.2265976667404175,0.7651605139176051,0.12482917308807373,0.2918863743543625,1.1641830801963806,0.6192173267404238,1.558857688650611,73.2733154296875
image_289,../data/train_data/train_data/image_289.png,1,left,-189.29919719696045,218.18099403381348,-122.73611426353455,413.98464822769165,66.5630829334259,195.80365419387817,-156.0176557302475,316.08282113075256,-0.26291555166244507,0.45454373757044475,-0.1704668253660202,0.8624680171410243,0.09244872629642487,0.40792427957057953,-0.21669118851423264,0.6585058773557345,2.941625380989553,122.73611426353455
image_29,../data/train_data/train_data/image_29.png,0,right,822.5320529937744,226.30835914611816,905.1767063140869,367.3930826187134,82.6446533203125,141.08472347259521,863.8543796539307,296.85072088241577,1.14240562915802,0.4714757482210795,1.2571898698806763,0.7654022554556529,0.11478424072265625,0.29392650723457336,1.1997977495193481,0.6184390018383662,1.7071246330453085,102.53205299377441
image_290,../data/train_data/train_data/image_290.png,0,left,-201.15222215652466,226.55775451660156,-117.1760880947113,375.4005494117737,83.97613406181335,148.84279489517212,-159.16415512561798,300.9791519641876,-0.27937808632850647,0.4719953219095866,-0.16274456679821014,0.7820844779411952,0.11663351953029633,0.3100891560316086,-0.2210613265633583,0.6270398999253909,1.7724416175863913,117.1760880947113
image_291,../data/train_data/train_data/image_291.png,0,left,-163.95237565040588,222.97217750549316,-126.47862195968628,365.6725420951843,37.473753690719604,142.70036458969116,-145.21549880504608,294.32235980033875,-0.22771163284778595,0.46452536980311077,-0.1756647527217865,0.761817796031634,0.05204688012599945,0.29729242622852325,-0.20168819278478622,0.6131715829173724,3.80800828674473,126.47862195968628
image_292,../data/train_data/train_data/image_292.png,1,left,-173.85193705558777,224.9935188293457,-83.8856953382492,381.51699447631836,89.96624171733856,156.52347564697266,-128.8688161969185,303.25525665283203,-0.24146102368831635,0.4687364975611369,-0.11650791019201279,0.7948270718256633,0.12495311349630356,0.32609057426452637,-0.17898446694016457,0.6317817846934001,1.739802315392341,83.8856953382492
image_2922,../data/train_data/train_data/image_2922.png,1,right,826.0806369781494,221.2999095916748,909.3033599853516,406.716748714447,83.22272300720215,185.41683912277222,867.6919984817505,314.0083291530609,1.1473342180252075,0.4610414783159892,1.2629213333129883,0.8473265598217646,0.11558711528778076,0.38628508150577545,1.205127775669098,0.6541840190688769,2.2279592931214967,106.08063697814941
image_294,../data/train_data/train_data/image_294.png,1,right,813.6583614349365,226.5788974761963,852.7740669250488,346.01408863067627,39.115705490112305,119.43519115447998,833.2162141799927,286.2964930534363,1.130081057548523,0.4720393697420756,1.18440842628479,0.7208626846472422,0.05432736873626709,0.24882331490516663,1.1572447419166565,0.5964510271946589,3.0533820023946876,93.65836143493652
image_2943,../data/train_data/train_data/image_2943.png,0,right,905.7900524139404,219.48882484436035,1034.3625354766846,439.5433392524719,128.57248306274414,220.05451440811157,970.0762939453125,329.51608204841614,1.2580417394638062,0.4572683850924174,1.4366146326065063,0.9157152901093165,0.1785728931427002,0.4584469050168991,1.3473281860351562,0.686491837600867,1.7115210748533467,185.79005241394043
image_295,../data/train_data/train_data/image_295.png,1,right,807.1166896820068,224.97835540771484,888.5877799987793,370.71422243118286,81.47109031677246,145.73586702346802,847.8522348403931,297.84628891944885,1.1209954023361206,0.46870490709940593,1.234149694442749,0.772321296731631,0.11315429210662842,0.30361638963222504,1.1775725483894348,0.6205131019155185,1.7888046723914452,87.11668968200684
image_296,../data/train_data/train_data/image_296.png,0,right,818.2934761047363,229.0924777984619,901.9478416442871,356.97136306762695,83.65436553955078,127.87888526916504,860.1206588745117,293.03192043304443,1.1365187168121338,0.47727599541346233,1.2527053356170654,0.7436903397242228,0.11618661880493164,0.2664143443107605,1.1946120262145996,0.6104831675688426,1.5286576432010046,98.29347610473633
image_2976,../data/train_data/train_data/image_2976.png,0,left,-253.08875799179077,217.84273529052734,-159.6544361114502,426.63678908348083,93.43432188034058,208.7940537929535,-206.37159705162048,322.2397621870041,-0.3515121638774872,0.4538390318552653,-0.22174227237701416,0.8888266439239184,0.12976989150047302,0.4349876120686531,-0.28662721812725067,0.6713328378895919,2.2346611993433396,159.6544361114502
image_2977,../data/train_data/train_data/image_2977.png,1,right,804.0924453735352,227.71787071228027,888.4376621246338,359.8063864707947,84.34521675109863,132.0885157585144,846.2650537490845,293.7621285915375,1.1167950630187988,0.4744122306505839,1.2339411973953247,0.7495966384808223,0.11714613437652588,0.27518440783023834,1.1753681302070618,0.6120044345657031,1.5660463135485854,84.09244537353516
image_2978,../data/train_data/train_data/image_2978.png,0,left,-319.4303226470947,221.39964485168457,-191.996169090271,431.3212707042694,127.43415355682373,209.92162585258484,-255.71324586868286,326.360457777977,-0.4436532258987427,0.4612492601076762,-0.2666613459587097,0.8985859806338946,0.17699187994003296,0.4373367205262184,-0.3551572859287262,0.6799176203707854,1.6472948577241453,191.996169090271
image_298,../data/train_data/train_data/image_298.png,0,left,-230.88948726654053,224.9821891784668,-131.42500162124634,387.1545901298523,99.46448564529419,162.1724009513855,-181.15724444389343,306.06838965415955,-0.32067984342575073,0.46871289412180583,-0.18253472447395325,0.8065720627705256,0.13814511895179749,0.3378591686487198,-0.251607283949852,0.6376424784461657,1.630455331863048,131.42500162124634
image_2980,../data/train_data/train_data/image_2980.png,0,left,-273.1336569786072,221.7906894683838,-178.63685846328735,415.84337615966797,94.49679851531982,194.05268669128418,-225.88525772094727,318.8170328140259,-0.37935230135917664,0.46206393639246623,-0.24810674786567688,0.8663403669993083,0.13124555349349976,0.40427643060684204,-0.31372952461242676,0.6642021516958873,2.0535371540637364,178.63685846328735
image_2981,../data/train_data/train_data/image_2981.png,0,left,-331.33147716522217,221.37003326416016,-186.48476600646973,448.9964702129364,144.84671115875244,227.62643694877625,-258.90812158584595,335.1832517385483,-0.4601826071739197,0.46118756930033367,-0.2590066194534302,0.9354093129436175,0.2011759877204895,0.47422174364328384,-0.3595946133136749,0.6982984411219756,1.5714988288501557,186.48476600646973
image_2983,../data/train_data/train_data/image_2983.png,0,left,-218.75025987625122,226.25794792175293,-125.57937383651733,384.31526803970337,93.17088603973389,158.05732011795044,-172.16481685638428,305.28660798072815,-0.30381980538368225,0.4713707248369853,-0.17441579699516296,0.8006568084160487,0.1294040083885193,0.3292860835790634,-0.2391178011894226,0.636013766626517,1.6964239242132453,125.57937383651733
image_2984,../data/train_data/train_data/image_2984.png,0,right,829.3612575531006,224.6987762451172,857.4792194366455,354.8443784713745,28.117961883544922,130.14560222625732,843.420238494873,289.77157735824585,1.1518906354904175,0.4681224505106608,1.1909433603286743,0.7392591218153636,0.039052724838256836,0.27113667130470276,1.171416997909546,0.6036907861630122,4.628557459650751,109.36125755310059
image_2986,../data/train_data/train_data/image_2986.png,0,right,850.8204746246338,224.79808235168457,960.5867671966553,399.57318925857544,109.76629257202148,174.77510690689087,905.7036209106445,312.18563580513,1.1816951036453247,0.4683293382326762,1.3341482877731323,0.8324441442886988,0.15245318412780762,0.36411480605602264,1.2579216957092285,0.6503867412606875,1.5922475179911433,130.8204746246338
image_2987,../data/train_data/train_data/image_2987.png,1,left,-184.29917335510254,223.08867835998535,-131.10626935958862,377.6046600341797,53.192903995513916,154.51598167419434,-157.70272135734558,300.3466691970825,-0.2559710741043091,0.46476807991663616,-0.18209204077720642,0.7866763750712077,0.07387903332710266,0.32190829515457153,-0.21903155744075775,0.6257222274939219,2.904823201365837,131.10626935958862
image_2988,../data/train_data/train_data/image_2988.png,1,left,-253.7641167640686,222.18768501281738,-144.6219527721405,420.1868345737457,109.1421639919281,197.99914956092834,-199.19303476810455,321.18725979328156,-0.3524501621723175,0.46289101044336955,-0.2008638232946396,0.8753892386953036,0.15158633887767792,0.41249822825193405,-0.27665699273347855,0.6691401245693366,1.8141398550203924,144.6219527721405
image_2989,../data/train_data/train_data/image_2989.png,0,left,-209.54676389694214,226.99134254455566,-113.0556571483612,376.02730655670166,96.49110674858093,149.035964012146,-161.30121052265167,301.50932455062866,-0.2910371720790863,0.47289863030115764,-0.15702174603939056,0.7833902219931285,0.13401542603969574,0.3104915916919708,-0.22402945905923843,0.628144426147143,1.544556478147535,113.0556571483612
image_299,../data/train_data/train_data/image_299.png,1,right,821.5746974945068,221.39795684814453,930.3221797943115,408.7688817977905,108.74748229980469,187.370924949646,875.9484386444092,315.08341932296753,1.1410759687423706,0.46124574343363445,1.2921141386032104,0.8516018370787303,0.15103816986083984,0.3903560936450958,1.2165950536727905,0.6564237902561824,1.7229909234411998,101.57469749450684
image_2994,../data/train_data/train_data/image_2994.png,0,right,817.2484016418457,225.24242782592773,871.8158626556396,363.6104383468628,54.567461013793945,138.36801052093506,844.5321321487427,294.42643308639526,1.1350672245025635,0.4692550579706828,1.2108553647994995,0.7575217465559642,0.07578814029693604,0.28826668858528137,1.1729612946510315,0.6133884022633235,2.535723816909081,97.2484016418457
image_2996,../data/train_data/train_data/image_2996.png,1,left,-192.75113582611084,227.02536010742188,-127.39043354988098,362.44181776046753,65.36070227622986,135.41645765304565,-160.0707846879959,294.7335889339447,-0.2677099108695984,0.4729695002237956,-0.17693115770816803,0.7550871203343074,0.09077875316143036,0.2821176201105118,-0.2223205342888832,0.6140283102790515,2.0718329659424946,127.39043354988098
image_2999,../data/train_data/train_data/image_2999.png,0,right,855.9952926635742,220.27220153808594,893.7259483337402,390.66970014572144,37.730655670166016,170.3974986076355,874.8606204986572,305.4709508419037,1.1888823509216309,0.4589004198710124,1.241286039352417,0.8138952086369197,0.05240368843078613,0.3549947887659073,1.215084195137024,0.636397814253966,4.5161552477968305,135.99529266357422
image_3,../data/train_data/train_data/image_3.png,0,left,-224.58996534347534,220.84014320373535,-146.4019739627838,409.74729442596436,78.18799138069153,188.907151222229,-185.49596965312958,315.29371881484985,-0.31193050742149353,0.46008363167444866,-0.20333607494831085,0.8536401967207591,0.10859443247318268,0.3935565650463104,-0.2576332911849022,0.6568619141976039,2.4160634886047156,146.4019739627838
image_30,../data/train_data/train_data/image_30.png,0,right,873.2790184020996,220.42807006835938,997.3162078857422,452.06619942188263,124.03718948364258,231.63812935352325,935.2976131439209,336.247134745121,1.2128875255584717,0.4592251459757487,1.3851613998413086,0.9418045821289222,0.17227387428283691,0.48257943615317345,1.2990244626998901,0.7005148640523354,1.8674893418483218,153.2790184020996
image_301,../data/train_data/train_data/image_301.png,1,left,-150.66667556762695,225.97336196899414,-101.73050165176392,354.4728174209595,48.93617391586304,128.49945545196533,-126.19858860969543,290.2230896949768,-0.2092592716217041,0.47077783743540447,-0.14129236340522766,0.7384850362936656,0.06796690821647644,0.2677071988582611,-0.17527581751346588,0.604631436864535,2.6258582387927807,101.73050165176392
image_302,../data/train_data/train_data/image_302.png,0,right,822.5984001159668,227.70983123779297,908.2628345489502,364.2914834022522,85.6644344329834,136.58165216445923,865.4306173324585,296.0006573200226,1.1424977779388428,0.474395481745402,1.2614761590957642,0.7589405904213588,0.11897838115692139,0.2845451086759567,1.2019869685173035,0.6166680360833804,1.5943798971941985,102.5984001159668
image_304,../data/train_data/train_data/image_304.png,1,left,-264.6753430366516,214.40910720825195,-196.4875602722168,442.7898528575897,68.18778276443481,228.38074564933777,-230.5814516544342,328.59948003292084,-0.36760464310646057,0.4466856400171916,-0.2728993892669678,0.9224788601199786,0.0947052538394928,0.475793220102787,-0.3202520161867142,0.6845822500685851,3.3492912716976617,196.4875602722168
image_306,../data/train_data/train_data/image_306.png,0,right,826.5773391723633,228.33018684387207,904.7650623321533,353.60529804229736,78.18772315979004,125.2751111984253,865.6712007522583,290.9677424430847,1.148024082183838,0.4756878892580668,1.2566181421279907,0.7366777042547862,0.10859405994415283,0.26098981499671936,1.2023211121559143,0.6061827967564265,1.6022350585961442,106.57733917236328
image_307,../data/train_data/train_data/image_307.png,1,left,-181.88477754592896,223.5558261871338,-90.85513114929199,384.2973222732544,91.02964639663696,160.7414960861206,-136.36995434761047,303.9265742301941,-0.252617746591568,0.46574130455652873,-0.12618768215179443,0.8006194214026133,0.12643006443977356,0.3348781168460846,-0.1894027143716812,0.633180362979571,1.7658147916529654,90.85513114929199
image_308,../data/train_data/train_data/image_308.png,0,left,-242.20847368240356,215.4889430999756,-157.36588954925537,448.186235666275,84.8425841331482,232.69729256629944,-199.78718161582947,331.8375893831253,-0.3364006578922272,0.44893529812494914,-0.2185637354850769,0.9337213243047396,0.11783692240715027,0.4847860261797905,-0.27748219668865204,0.6913283112148444,2.7426945435928096,157.36588954925537
image_31,../data/train_data/train_data/image_31.png,1,left,-171.27361536026,227.50378036499023,-83.33891093730927,367.8344955444336,87.93470442295074,140.33071517944336,-127.30626314878464,297.6691379547119,-0.23788002133369446,0.47396620909372966,-0.11574848741292953,0.76632186571757,0.12213153392076492,0.29235565662384033,-0.176814254373312,0.6201440374056498,1.5958513319664651,83.33891093730927
image_310,../data/train_data/train_data/image_310.png,0,right,815.7709980010986,223.33547019958496,933.8308525085449,419.3322899341583,118.05985450744629,195.99681973457336,874.8009252548218,321.33388006687164,1.1330152750015259,0.4652822295824687,1.2969872951507568,0.8736089373628299,0.16397202014923096,0.4083267077803612,1.2150012850761414,0.6694455834726493,1.6601479016917764,95.77099800109863
image_311,../data/train_data/train_data/image_311.png,0,right,811.6021156311035,228.13798332214355,867.1271896362305,347.54459285736084,55.52507400512695,119.40660953521729,839.364652633667,287.8412880897522,1.1272251605987549,0.47528746525446575,1.204343318939209,0.7240512351195018,0.0771181583404541,0.248763769865036,1.165784239768982,0.5996693501869838,2.150498881355688,91.60211563110352
image_312,../data/train_data/train_data/image_312.png,0,right,827.4281787872314,219.1085662841797,893.1362915039062,411.74845838546753,65.7081127166748,192.63989210128784,860.2822351455688,315.4285123348236,1.1492058038711548,0.4564761797587077,1.2404670715332031,0.8578092883030574,0.09126126766204834,0.40133310854434967,1.194836437702179,0.6571427340308825,2.931752018687967,107.42817878723145
image_313,../data/train_data/train_data/image_313.png,0,right,806.1468887329102,226.55309104919434,909.920482635498,385.8040084838867,103.77359390258789,159.25091743469238,858.0336856842041,306.1785497665405,1.1196484565734863,0.4719856063524882,1.2637784481048584,0.8037583510080973,0.14412999153137207,0.33177274465560913,1.1917134523391724,0.6378719786802928,1.534599616779014,86.14688873291016
image_32,../data/train_data/train_data/image_32.png,1,left,-271.7014217376709,220.83716773986816,-151.10130071640015,443.9450194835663,120.60012102127075,223.10785174369812,-211.40136122703552,332.3910936117172,-0.37736308574676514,0.460077432791392,-0.20986291766166687,0.9248854572574298,0.16750016808509827,0.46480802446603775,-0.293613001704216,0.6924814450244109,1.8499803304869624,151.10130071640015
image_321,../data/train_data/train_data/image_321.png,0,right,848.3657169342041,224.24696350097656,972.9748821258545,425.7067348957062,124.60916519165039,201.45977139472961,910.6702995300293,324.97684919834137,1.1782857179641724,0.46718117396036785,1.3513540029525757,0.8868890310327212,0.17306828498840332,0.41970785707235336,1.264819860458374,0.6770351024965445,1.6167331759656849,128.3657169342041
image_322,../data/train_data/train_data/image_322.png,0,right,829.5267391204834,226.44422912597656,897.0328330993652,353.7743844985962,67.50609397888184,127.33015537261963,863.2797861099243,290.1093068122864,1.1521204710006714,0.47175881067911785,1.2458789348602295,0.7370299677054087,0.0937584638595581,0.2652711570262909,1.1989997029304504,0.6043943891922633,1.8862023836315098,109.5267391204834
image_323,../data/train_data/train_data/image_323.png,0,right,813.6981868743896,225.93021774291992,913.5894870758057,385.3418960571289,99.89130020141602,159.41167831420898,863.6438369750977,305.6360569000244,1.1301363706588745,0.4706879536310832,1.2688742876052856,0.8027956167856852,0.13873791694641113,0.33210766315460205,1.19950532913208,0.6367417852083842,1.595851470476197,93.69818687438965
image_324,../data/train_data/train_data/image_324.png,0,right,861.9503116607666,223.1569995880127,990.256462097168,418.9273443222046,128.30615043640137,195.7703447341919,926.1033868789673,321.04217195510864,1.1971532106399536,0.4649104158083598,1.3753561973571777,0.8727653006712596,0.17820298671722412,0.4078548848628998,1.2862547039985657,0.6688378582398097,1.5258063940686233,141.9503116607666
image_326,../data/train_data/train_data/image_326.png,1,left,-231.23690843582153,223.73501205444336,-161.2989091873169,386.0247292518616,69.93799924850464,162.2897171974182,-196.2679088115692,304.87987065315247,-0.3211623728275299,0.466114608446757,-0.22402626276016235,0.8042181859413783,0.09713611006736755,0.3381035774946213,-0.27259431779384613,0.6351663971940676,2.3204798384461673,161.2989091873169
image_327,../data/train_data/train_data/image_327.png,1,right,853.937931060791,219.60089111328125,923.7181949615479,404.8623194694519,69.78026390075684,185.26142835617065,888.8280630111694,312.2316052913666,1.1860249042510986,0.4575018564860026,1.2829419374465942,0.8434631655613581,0.0969170331954956,0.38596130907535553,1.2344834208488464,0.6504825110236804,2.654925877317602,133.93793106079102
image_328,../data/train_data/train_data/image_328.png,1,right,788.6796569824219,223.67816352844238,862.397403717041,378.2358660697937,73.71774673461914,154.55770254135132,825.5385303497314,300.95701479911804,1.095388412475586,0.4659961740175883,1.1977741718292236,0.7879913876454036,0.1023857593536377,0.32199521362781525,1.1465812921524048,0.6269937808314959,2.0966145790884343,68.67965698242188
image_329,../data/train_data/train_data/image_329.png,0,right,850.7289791107178,220.3382625579834,1006.466875076294,458.93246853351593,155.73789596557617,238.59420597553253,928.5979270935059,339.63536554574966,1.1815680265426636,0.45903804699579875,1.397870659828186,0.9561093094448249,0.21630263328552246,0.4970712624490261,1.2897193431854248,0.7075736782203118,1.53202407478441,130.72897911071777
image_33,../data/train_data/train_data/image_33.png,0,left,-189.0041971206665,227.5010051727295,-113.71816277503967,356.7970552444458,75.28603434562683,129.2960500717163,-151.3611799478531,292.14903020858765,-0.26250582933425903,0.47396042744318645,-0.15794189274311066,0.7433271984259288,0.10456393659114838,0.2693667709827423,-0.21022386103868484,0.6086438129345576,1.7173975385413136,113.71816277503967
image_330,../data/train_data/train_data/image_330.png,1,left,-258.9205241203308,219.95580101013184,-140.34079313278198,429.6420612335205,118.57973098754883,209.68626022338867,-199.6306586265564,324.7989311218262,-0.359611839056015,0.45824125210444133,-0.19491776823997498,0.8950876275698344,0.16469407081604004,0.43684637546539307,-0.277264803647995,0.6766644398371379,1.7683145211841158,140.34079313278198
image_331,../data/train_data/train_data/image_331.png,1,left,-291.73973321914673,219.29047012329102,-175.26380896568298,433.1488564014435,116.47592425346375,213.85838627815247,-233.50177109241486,326.21966326236725,-0.40519407391548157,0.4568551460901896,-0.24342195689678192,0.9023934508363406,0.16177211701869965,0.44553830474615097,-0.32430801540613174,0.6796242984632651,1.8360737435555723,175.26380896568298
image_332,../data/train_data/train_data/image_332.png,1,left,-192.58234977722168,222.64699363708496,-154.87355947494507,373.5014524459839,37.70879030227661,150.85445880889893,-173.72795462608337,298.0742230415344,-0.2674754858016968,0.4638479034105937,-0.2151021659374237,0.7781280259291331,0.05237331986427307,0.31428012251853943,-0.24128882586956024,0.6209879646698634,4.000511753350818,154.87355947494507
image_334,../data/train_data/train_data/image_334.png,0,right,908.7583351135254,217.49148750305176,962.8112411499023,420.58228874206543,54.05290603637695,203.09080123901367,935.7847881317139,319.0368881225586,1.2621643543243408,0.45310726563135784,1.33723783493042,0.8762131015459697,0.0750734806060791,0.4231058359146118,1.2997010946273804,0.6646601835886637,3.757259620830303,188.7583351135254
image_335,../data/train_data/train_data/image_335.png,0,left,-291.0299348831177,223.16638374328613,-167.10572004318237,428.80184674263,123.9242148399353,205.63546299934387,-229.06782746315002,325.98411524295807,-0.404208242893219,0.4649299661318461,-0.2320912778377533,0.8933371807138125,0.1721169650554657,0.4284072145819664,-0.31814976036548615,0.6791335734228293,1.6593646630317536,167.10572004318237
image_336,../data/train_data/train_data/image_336.png,1,left,-227.75394201278687,216.03393936157227,-164.0542459487915,429.44655680656433,63.69969606399536,213.41261744499207,-195.90409398078918,322.7402480840683,-0.316324919462204,0.45007070700327556,-0.22785311937332153,0.8946803266803424,0.08847180008888245,0.4446096196770668,-0.27208901941776276,0.672375516841809,3.3502925544666473,164.0542459487915
image_337,../data/train_data/train_data/image_337.png,0,left,-298.0308222770691,217.85034561157227,-186.06745719909668,438.24139499664307,111.96336507797241,220.3910493850708,-242.04913973808289,328.04587030410767,-0.4139316976070404,0.45385488669077556,-0.2584270238876343,0.9130029062430064,0.15550467371940613,0.45914801955223083,-0.33617936074733734,0.683428896466891,1.9684210923062937,186.06745719909668
image_338,../data/train_data/train_data/image_338.png,1,left,-204.69539880752563,220.01479530334473,-154.7896707057953,389.78301191329956,49.90572810173035,169.76821660995483,-179.74253475666046,304.89890360832214,-0.28429916501045227,0.4583641568819682,-0.214985653758049,0.8120479414860408,0.06931351125240326,0.35368378460407257,-0.24964240938425064,0.6352060491840045,3.4017781739180473,154.7896707057953
image_339,../data/train_data/train_data/image_339.png,0,left,-276.4288902282715,217.72614860534668,-155.71015119552612,444.4836392402649,120.71873903274536,226.7574906349182,-216.0695207118988,331.1048939228058,-0.3839290142059326,0.4535961429278056,-0.21626409888267517,0.9260075817505519,0.16766491532325745,0.4724114388227463,-0.3000965565443039,0.6898018623391787,1.8783951228434344,155.71015119552612
image_34,../data/train_data/train_data/image_34.png,1,right,822.3130989074707,225.47565841674805,885.0076103210449,363.1540479660034,62.69451141357422,137.67838954925537,853.6603546142578,294.31485319137573,1.142101526260376,0.46974095503489177,1.2291772365570068,0.7565709332625071,0.08707571029663086,0.28682997822761536,1.1856393814086914,0.6131559441486994,2.196019818083248,102.3130989074707
image_340,../data/train_data/train_data/image_340.png,0,left,-168.15828323364258,228.65508460998535,-90.15522480010986,352.9546585083008,78.00305843353271,124.29957389831543,-129.15675401687622,290.80487155914307,-0.23355317115783691,0.47636475960413616,-0.1252155900001526,0.7353222052256266,0.10833758115768433,0.2589574456214905,-0.17938438057899475,0.6058434824148814,1.5935217976642864,90.15522480010986
image_344,../data/train_data/train_data/image_344.png,1,left,-210.87396383285522,222.36280822753906,-130.88857054710388,392.83455753326416,79.98539328575134,170.4717493057251,-170.88126718997955,307.5986828804016,-0.29288050532341003,0.4632558504740397,-0.18178968131542206,0.8184053281943003,0.11109082400798798,0.3551494777202606,-0.23733509331941605,0.64083058933417,2.131286004892259,130.88857054710388
image_347,../data/train_data/train_data/image_347.png,1,left,-152.31237173080444,226.14716911315918,-102.73290753364563,353.7718095779419,49.57946419715881,127.62464046478271,-127.52263963222504,289.95948934555054,-0.2115449607372284,0.47113993565241497,-0.14268459379673004,0.737024603287379,0.06886036694049835,0.265884667634964,-0.17711477726697922,0.604082269469897,2.5741431968136586,102.73290753364563
image_348,../data/train_data/train_data/image_348.png,0,left,-259.5579242706299,214.76776504516602,-181.17111682891846,446.1009361743927,78.38680744171143,231.33317112922668,-220.36452054977417,330.43435060977936,-0.3604971170425415,0.4474328438440959,-0.25162655115127563,0.9293769503633181,0.10887056589126587,0.48194410651922226,-0.30606183409690857,0.688404897103707,2.951174804526214,181.17111682891846
image_349,../data/train_data/train_data/image_349.png,1,left,-300.9033179283142,221.80410766601562,-174.76033687591553,424.8880925178528,126.14298105239868,203.08398485183716,-237.83182740211487,323.3461000919342,-0.4179212749004364,0.4620918909708659,-0.24272269010543823,0.88518352607886,0.17519858479499817,0.4230916351079941,-0.3303219825029373,0.6736377085248629,1.609950733346613,174.76033687591553
image_35,../data/train_data/train_data/image_35.png,0,right,885.5064582824707,217.65519523620605,941.5002536773682,410.73559188842773,55.99379539489746,193.08039665222168,913.5033559799194,314.1953935623169,1.229870080947876,0.4534483234087626,1.307639241218567,0.8556991497675578,0.07776916027069092,0.40225082635879517,1.2687546610832214,0.6545737365881602,3.4482462796193394,165.5064582824707
image_350,../data/train_data/train_data/image_350.png,0,right,807.7588748931885,225.5769100189209,889.4712352752686,384.04170417785645,81.71236038208008,158.46479415893555,848.6150550842285,304.8093070983887,1.1218873262405396,0.4699518958727519,1.2353767156600952,0.8000868837038676,0.11348938941955566,0.3301349878311157,1.1786320209503174,0.6350193897883097,1.9393001672937558,87.75887489318848
image_351,../data/train_data/train_data/image_351.png,0,left,-225.96233367919922,226.4751853942871,-124.42945718765259,390.0419487953186,101.53287649154663,163.5667634010315,-175.1958954334259,308.25856709480286,-0.31383657455444336,0.4718233029047648,-0.17281869053840637,0.8125873933235804,0.141017884016037,0.3407640904188156,-0.24332763254642487,0.6422053481141726,1.610973401454352,124.42945718765259
image_356,../data/train_data/train_data/image_356.png,1,left,-150.34361958503723,224.51501274108887,-111.86651587486267,358.37628269195557,38.47710371017456,133.8612699508667,-131.10506772994995,291.4456477165222,-0.20881058275699615,0.4677396098772685,-0.15537016093730927,0.7466172556082408,0.05344042181968689,0.2788776457309723,-0.1820903718471527,0.6071784327427546,3.4789850857581452,111.86651587486267
image_359,../data/train_data/train_data/image_359.png,1,left,-216.27254247665405,224.20882606506348,-107.12011098861694,402.0653762817383,109.15243148803711,177.8565502166748,-161.6963267326355,313.1371011734009,-0.3003785312175751,0.46710172096888225,-0.14877793192863464,0.8376362005869548,0.15160059928894043,0.3705344796180725,-0.22457823157310486,0.6523689607779185,1.6294327830541047,107.12011098861694
image_365,../data/train_data/train_data/image_365.png,1,left,-225.3084111213684,222.51816177368164,-106.4799964427948,414.65003633499146,118.82841467857361,192.13187456130981,-165.8942037820816,318.58409905433655,-0.31292834877967834,0.4635795036951701,-0.1478888839483261,0.8638542423645655,0.16503946483135223,0.40027473866939545,-0.23040861636400223,0.6637168730298678,1.6168849435635348,106.4799964427948
image_367,../data/train_data/train_data/image_367.png,1,left,-290.3970408439636,217.65885734558105,-189.77343320846558,434.72993993759155,100.62360763549805,217.0710825920105,-240.0852370262146,326.1943986415863,-0.4033292233943939,0.45345595280329387,-0.2635742127895355,0.9056873748699824,0.1397550106048584,0.45223142206668854,-0.3334517180919647,0.6795716638366381,2.157258000312762,189.77343320846558
image_369,../data/train_data/train_data/image_369.png,1,right,851.4221477508545,218.0618896484375,923.3561611175537,426.8381049633026,71.93401336669922,208.7762153148651,887.3891544342041,322.44999730587006,1.1825307607650757,0.4542956034342448,1.282439112663269,0.8892460520068804,0.09990835189819336,0.43495044857263565,1.2324849367141724,0.6717708277205626,2.9023295871256773,131.4221477508545
image_37,../data/train_data/train_data/image_37.png,1,left,-251.94210290908813,221.7829074859619,-105.64734220504761,448.9063444137573,146.29476070404053,227.1234369277954,-178.79472255706787,335.3446259498596,-0.3499195873737335,0.46204772392908733,-0.1467324197292328,0.9352215508619944,0.20318716764450073,0.4731738269329071,-0.24832600355148315,0.6986346373955409,1.5525056115117761,105.64734220504761
image_372,../data/train_data/train_data/image_372.png,0,left,-251.56500577926636,217.31058502197266,-191.4533543586731,421.3230254650116,60.11165142059326,204.01244044303894,-221.50918006896973,319.3168052434921,-0.34939584136009216,0.45273038546244304,-0.2659074366092682,0.8777563030521075,0.08348840475082397,0.42502591758966446,-0.3076516389846802,0.6652433442572753,3.393891793382799,191.4533543586731
image_373,../data/train_data/train_data/image_373.png,1,left,-236.48152828216553,226.05681800842285,-131.6109001636505,388.30718898773193,104.87062811851501,162.25037097930908,-184.04621422290802,307.1820034980774,-0.32844656705856323,0.4709517041842143,-0.18279291689395905,0.8089733103911082,0.1456536501646042,0.3380216062068939,-0.25561974197626114,0.6399625072876612,1.5471478896450284,131.6109001636505
image_376,../data/train_data/train_data/image_376.png,0,left,-274.5368814468384,218.15484428405762,-198.43881368637085,426.5911486148834,76.09806776046753,208.4363043308258,-236.48784756660461,322.3729964494705,-0.38130122423171997,0.45448925892512004,-0.27560946345329285,0.8887315596143405,0.10569176077842712,0.43424230068922043,-0.3284553438425064,0.6716104092697303,2.7390485785646606,198.43881368637085
image_378,../data/train_data/train_data/image_378.png,0,right,852.5156307220459,218.25420761108398,907.0075607299805,413.88640785217285,54.49193000793457,195.63220024108887,879.7615957260132,316.0703077316284,1.1840494871139526,0.454696265856425,1.259732723236084,0.8622633496920268,0.07568323612213135,0.4075670838356018,1.2218911051750183,0.6584798077742259,3.5901132555334865,132.5156307220459
image_379,../data/train_data/train_data/image_379.png,1,right,895.295877456665,214.7242488861084,962.8702068328857,440.8752455711365,67.5743293762207,226.15099668502808,929.0830421447754,327.79974722862244,1.2434664964675903,0.4473421851793925,1.3373197317123413,0.9184900949398677,0.09385323524475098,0.47114790976047516,1.2903931140899658,0.6829161400596301,3.3466998307290674,175.29587745666504
image_380,../data/train_data/train_data/image_380.png,1,right,865.5826663970947,215.42245292663574,914.4894218444824,428.43490266799927,48.906755447387695,213.01244974136353,890.0360441207886,321.9286777973175,1.2021981477737427,0.44879677693049114,1.2701241970062256,0.8925727138916651,0.06792604923248291,0.443775936961174,1.2361611723899841,0.6706847454110781,4.3554811148843315,145.58266639709473
image_382,../data/train_data/train_data/image_382.png,0,right,856.5120792388916,223.4382381439209,888.0698776245117,366.86656856536865,31.557798385620117,143.42833042144775,872.2909784317017,295.1524033546448,1.1896001100540161,0.4654963294665019,1.2334303855895996,0.7643053511778514,0.043830275535583496,0.2988090217113495,1.2115152478218079,0.6149008403221766,4.544940957820539,136.5120792388916
image_386,../data/train_data/train_data/image_386.png,0,left,-171.0373342037201,229.13733863830566,-93.77416849136353,348.8810338973999,77.26316571235657,119.74369525909424,-132.4057513475418,289.0091862678528,-0.23755185306072235,0.47736945549647014,-0.13024190068244934,0.7268354872862498,0.10730995237827301,0.24946603178977966,-0.18389687687158585,0.60210247139136,1.5498160624803887,93.77416849136353
image_388,../data/train_data/train_data/image_388.png,1,right,849.12428855896,222.81024360656738,958.546314239502,416.3255944252014,109.42202568054199,193.51535081863403,903.835301399231,319.5679190158844,1.1793392896652222,0.46418800751368205,1.3313143253326416,0.8673449883858363,0.15197503566741943,0.40315698087215424,1.2553268074989319,0.6657664979497592,1.7685228327211087,129.12428855895996
image_389,../data/train_data/train_data/image_389.png,0,right,849.155445098877,220.82503700256348,905.7043933868408,391.1561598777771,56.54894828796387,170.33112287521362,877.4299192428589,305.9905984401703,1.179382562637329,0.46005216042200725,1.2579227685928345,0.8149086664120356,0.07854020595550537,0.3548565059900284,1.2186526656150818,0.6374804134170214,3.012100631966442,129.15544509887695
image_391,../data/train_data/train_data/image_391.png,1,right,850.6946468353271,216.64399528503418,949.6548557281494,450.3122707605362,98.96020889282227,233.668275475502,900.1747512817383,333.4781330227852,1.1815203428268433,0.4513416568438212,1.3189650774002075,0.9381505640844504,0.13744473457336426,0.4868089072406292,1.2502427101135254,0.6947461104641358,2.3612346627983962,130.69464683532715
image_392,../data/train_data/train_data/image_392.png,1,left,-342.4423027038574,221.00387954711914,-210.36897897720337,446.6417660713196,132.07332372665405,225.63788652420044,-276.4056408405304,333.82282280921936,-0.4756143093109131,0.4604247490564982,-0.292179137468338,0.9305036793152491,0.18343517184257507,0.4700789302587509,-0.38389672338962555,0.6954642141858737,1.7084289253687033,210.36897897720337
image_393,../data/train_data/train_data/image_393.png,1,right,795.1408195495605,228.8848533630371,869.591474533081,351.06435203552246,74.45065498352051,122.17949867248535,832.3661470413208,289.9746026992798,1.1043622493743896,0.4768434445063273,1.2077659368515015,0.7313840667406718,0.10340368747711182,0.2545406222343445,1.1560640931129456,0.6041137556234996,1.641080238978818,75.14081954956055
image_394,../data/train_data/train_data/image_394.png,0,right,898.1350708007812,215.22218132019043,961.7045402526855,436.2905421257019,63.5694694519043,221.06836080551147,929.9198055267334,325.75636172294617,1.2474098205566406,0.4483795444170634,1.3357007503509521,0.9089386294285456,0.08829092979431152,0.46055908501148224,1.2915552854537964,0.6786590869228045,3.4775870038174297,178.13507080078125
image_395,../data/train_data/train_data/image_395.png,1,left,-158.58592987060547,226.72744178771973,-97.94185996055603,349.90832710266113,60.64406991004944,123.1808853149414,-128.26389491558075,288.31788444519043,-0.22025823593139648,0.47234883705774944,-0.13603036105632782,0.7289756814638774,0.08422787487506866,0.25662684440612793,-0.17814429849386215,0.6006622592608134,2.0312107267478905,97.94185996055603
image_398,../data/train_data/train_data/image_398.png,0,left,-191.7561435699463,220.39628410339355,-137.01565861701965,393.7779583930969,54.740484952926636,173.38167428970337,-164.38590109348297,307.08712124824524,-0.26632797718048096,0.45915892521540325,-0.19029952585697174,0.8203707466522853,0.07602845132350922,0.361211821436882,-0.22831375151872635,0.6397648359338443,3.167339025929359,137.01565861701965
image_4,../data/train_data/train_data/image_4.png,1,right,898.9811897277832,215.76809310913086,956.2790966033936,429.13394355773926,57.29790687561035,213.3658504486084,927.6301431655884,322.45101833343506,1.2485849857330322,0.44951686064402263,1.3281654119491577,0.8940290490786235,0.07958042621612549,0.44451218843460083,1.288375198841095,0.671772954861323,3.7237983389482334,178.9811897277832
image_40,../data/train_data/train_data/image_40.png,1,right,884.252986907959,214.2437400817871,939.8289585113525,440.8452978134155,55.575971603393555,226.60155773162842,912.0409727096558,327.5445189476013,1.2281291484832764,0.4463411251703898,1.305317997932434,0.918427703777949,0.07718884944915771,0.4720865786075592,1.2667235732078552,0.6823844144741694,4.077329665934114,164.25298690795898
image_401,../data/train_data/train_data/image_401.png,0,left,-160.9389889240265,225.48449897766113,-128.1987226009369,352.52447509765625,32.7402663230896,127.03997611999512,-144.5688557624817,289.0044870376587,-0.22352637350559235,0.46975937287012737,-0.17805378139019012,0.7344259897867839,0.04547259211540222,0.2646666169166565,-0.20079007744789124,0.6020926813284556,3.880236491246927,128.1987226009369
image_402,../data/train_data/train_data/image_402.png,0,right,819.7005844116211,226.1353530883789,888.1065273284912,371.7349281311035,68.40594291687012,145.5995750427246,853.9035558700562,298.9351406097412,1.1384730339050293,0.47111531893412273,1.2334812879562378,0.774447766939799,0.0950082540512085,0.30333244800567627,1.1859771609306335,0.6227815429369609,2.128463826888017,99.7005844116211
image_403,../data/train_data/train_data/image_403.png,0,right,839.6972465515137,223.86247062683105,873.0316543579102,364.2682375907898,33.334407806396484,140.40576696395874,856.3644504547119,294.0653541088104,1.1662461757659912,0.46638014713923137,1.2125439643859863,0.7588921616474787,0.04629778861999512,0.2925120145082474,1.1893950700759888,0.6126361543933551,4.212037237302188,119.69724655151367
image_404,../data/train_data/train_data/image_404.png,0,right,835.5152320861816,224.07558822631836,917.3011493682861,381.3752737045288,81.78591728210449,157.29968547821045,876.4081907272339,302.7254309654236,1.160437822341919,0.46682414213816326,1.2740293741226196,0.7945318202177684,0.11359155178070068,0.3277076780796051,1.2172335982322693,0.6306779811779658,1.9233101578556124,115.51523208618164
image_407,../data/train_data/train_data/image_407.png,1,right,831.4605903625488,223.6187686920166,949.1100883483887,416.38401651382446,117.64949798583984,192.76524782180786,890.2853393554688,320.00139260292053,1.15480637550354,0.4658724347750346,1.3182084560394287,0.8674667010704676,0.16340208053588867,0.40159426629543304,1.2365074157714844,0.6666695679227511,1.6384706362708734,111.46059036254883
image_408,../data/train_data/train_data/image_408.png,1,left,-199.75987672805786,224.97360610961914,-126.0055661201477,376.98794507980347,73.75431060791016,152.01433897018433,-162.88272142410278,300.9807755947113,-0.2774442732334137,0.4686950127283732,-0.17500773072242737,0.7853915522495906,0.10243654251098633,0.31669653952121735,-0.22622600197792053,0.6270432824889819,2.06109090732767,126.0055661201477
image_409,../data/train_data/train_data/image_409.png,0,right,849.2758655548096,215.7550754547119,906.31911277771,433.2561089992523,57.04324722290039,217.5010335445404,877.7974891662598,324.5055922269821,1.1795498132705688,0.44948974053064983,1.2587765455245972,0.9026168937484423,0.07922673225402832,0.4531271532177925,1.219163179397583,0.6760533171395461,3.812914659199541,129.27586555480957
image_41,../data/train_data/train_data/image_41.png,1,right,804.4773960113525,228.32323455810547,883.676290512085,352.70049953460693,79.19889450073242,124.37726497650146,844.0768432617188,290.5118670463562,1.117329716682434,0.4756734053293864,1.2273281812667847,0.7347927073637645,0.10999846458435059,0.25911930203437805,1.1723289489746094,0.6052330563465754,1.5704419330670234,84.47739601135254
image_410,../data/train_data/train_data/image_410.png,1,right,854.4075965881348,217.38213920593262,908.721170425415,416.13748931884766,54.31357383728027,198.75535011291504,881.5643835067749,316.75981426239014,1.1866772174835205,0.4528794566790263,1.2621127367019653,0.8669531027475993,0.07543551921844482,0.414073646068573,1.224394977092743,0.6599162797133128,3.6594047504289144,134.40759658813477
image_411,../data/train_data/train_data/image_411.png,0,right,890.7062530517578,219.06982803344727,936.4007091522217,400.14659547805786,45.69445610046387,181.0767674446106,913.5534811019897,309.60821175575256,1.2370920181274414,0.4563954750696818,1.3005565404891968,0.8336387405792872,0.06346452236175537,0.3772432655096054,1.268824279308319,0.6450171078244845,3.9627732311004005,170.7062530517578
image_412,../data/train_data/train_data/image_412.png,0,left,-164.42780256271362,229.25432586669922,-89.53360140323639,351.1539878845215,74.89420115947723,121.89966201782227,-126.980701982975,290.20415687561035,-0.22837194800376892,0.4776131788889567,-0.12435222417116165,0.7315708080927531,0.10401972383260727,0.2539576292037964,-0.1763620860874653,0.6045919934908549,1.6276248378462994,89.53360140323639
image_413,../data/train_data/train_data/image_413.png,1,left,-179.93995070457458,226.11054801940918,-99.10583138465881,364.279438495636,80.83411931991577,138.1688904762268,-139.5228910446167,295.1949932575226,-0.24991659820079803,0.47106364170710247,-0.13764698803424835,0.7589154968659083,0.11226961016654968,0.28785185515880585,-0.1937817931175232,0.6149895692865054,1.709289241210116,99.10583138465881
image_414,../data/train_data/train_data/image_414.png,0,right,859.6879863739014,217.17611694335938,968.9391231536865,441.50704884529114,109.25113677978516,224.33093190193176,914.313554763794,329.34158289432526,1.1940110921859741,0.4524502436319987,1.345748782157898,0.9198063517610232,0.15173768997192383,0.4673561081290245,1.269879937171936,0.686128297696511,2.053351008640854,139.68798637390137
image_415,../data/train_data/train_data/image_415.png,0,left,-204.37525033950806,224.0941276550293,-141.05399250984192,382.0067729949951,63.32125782966614,157.91264533996582,-172.714621424675,303.0504503250122,-0.28385451436042786,0.4668627659479777,-0.195908322930336,0.7958474437395732,0.08794619143009186,0.32898467779159546,-0.23988141864538193,0.6313551048437754,2.493833046790543,141.05399250984192
image_416,../data/train_data/train_data/image_416.png,0,right,858.2092952728271,225.01171493530273,970.0039386749268,412.20860385894775,111.79464340209961,187.19688892364502,914.106616973877,318.61015939712524,1.1919573545455933,0.46877440611521404,1.347227692604065,0.8587679247061412,0.15527033805847168,0.3899935185909271,1.269592523574829,0.6637711654106776,1.6744710052908427,138.20929527282715
image_417,../data/train_data/train_data/image_417.png,1,right,788.428430557251,228.75954055786133,869.8118877410889,356.7085494995117,81.38345718383789,127.94900894165039,829.1201591491699,292.7340450286865,1.0950394868850708,0.4765823761622111,1.2080720663070679,0.7431428114573161,0.11303257942199707,0.266560435295105,1.1515557765960693,0.6098625938097636,1.5721746577148366,68.42843055725098
image_418,../data/train_data/train_data/image_418.png,0,left,-191.57871007919312,226.32572555541992,-106.06983304023743,369.4046106338501,85.50887703895569,143.07888507843018,-148.82427155971527,297.865168094635,-0.2660815417766571,0.4715119282404582,-0.14731921255588531,0.769592938820521,0.11876232922077179,0.29808101058006287,-0.2067003771662712,0.6205524335304896,1.6732635257652495,106.06983304023743
image_419,../data/train_data/train_data/image_419.png,0,left,-305.57368755340576,221.27996826171875,-156.1808145046234,450.67911648750305,149.39287304878235,229.3991482257843,-230.8772510290146,335.9795423746109,-0.4244078993797302,0.46099993387858074,-0.21691779792308807,0.9389148260156314,0.20749010145664215,0.47791489213705063,-0.32066284865140915,0.699957379947106,1.5355427842322633,156.1808145046234
image_42,../data/train_data/train_data/image_42.png,1,left,-237.93631553649902,217.65442276000977,-169.54928755760193,424.13322949409485,68.3870279788971,206.47880673408508,-203.74280154705048,320.8938261270523,-0.3304671049118042,0.4534467140833537,-0.23548512160778046,0.8836108947793643,0.09498198330402374,0.4301641806960106,-0.28297611325979233,0.668528804431359,3.019268607458719,169.54928755760193
image_420,../data/train_data/train_data/image_420.png,0,left,-186.1988639831543,228.06265258789062,-120.36221981048584,356.37255096435547,65.83664417266846,128.30989837646484,-153.28054189682007,292.21760177612305,-0.2586095333099365,0.47513052622477214,-0.1671697497367859,0.7424428145090739,0.09143978357315063,0.26731228828430176,-0.2128896415233612,0.608786670366923,1.94891310134139,120.36221981048584
image_421,../data/train_data/train_data/image_421.png,0,right,837.5213527679443,222.12585830688477,885.8235168457031,382.6830759048462,48.30216407775879,160.55721759796143,861.6724348068237,302.4044671058655,1.1632241010665894,0.46276220480600994,1.2303104400634766,0.7972564081350962,0.06708633899688721,0.3344942033290863,1.196767270565033,0.6300093064705531,3.324017063489948,117.52135276794434
image_422,../data/train_data/train_data/image_422.png,1,right,840.1459693908691,222.39041709899902,912.6489543914795,394.6652760505676,72.50298500061035,172.2748589515686,876.3974618911743,308.5278465747833,1.1668694019317627,0.463313368956248,1.2675679922103882,0.8222193251053492,0.10069859027862549,0.35890595614910126,1.2172186970710754,0.6427663470307986,2.376107120970514,120.14596939086914
image_427,../data/train_data/train_data/image_427.png,0,right,835.1924228668213,225.2129020690918,881.0133075714111,357.6563205718994,45.820884704589844,132.44341850280762,858.1028652191162,291.4346113204956,1.1599894762039185,0.4691935459772746,1.2236295938491821,0.7451173345247905,0.06364011764526367,0.27592378854751587,1.1918095350265503,0.6071554402510325,2.8904596529874698,115.19242286682129
image_428,../data/train_data/train_data/image_428.png,0,left,-179.73565220832825,227.69192123413086,-111.18645787239075,349.812668800354,68.5491943359375,122.12074756622314,-145.4610550403595,288.75229501724243,-0.2496328502893448,0.47435816923777263,-0.15442563593387604,0.7287763933340708,0.09520721435546875,0.2544182240962982,-0.2020292431116104,0.6015672812859217,1.7815052204370008,111.18645787239075
image_429,../data/train_data/train_data/image_429.png,1,left,-246.70784711837769,215.58764839172363,-192.01507329940796,431.048761844635,54.69277381896973,215.46111345291138,-219.36146020889282,323.3182051181793,-0.34264978766441345,0.44914093414942424,-0.2666876018047333,0.8980182538429896,0.07596218585968018,0.44887731969356537,-0.30466869473457336,0.6735795939962069,3.939480454329791,192.01507329940796
image_43,../data/train_data/train_data/image_43.png,1,left,-185.44816732406616,226.99620628356934,-102.17316269874573,365.6912031173706,83.27500462532043,138.69499683380127,-143.81066501140594,296.34370470046997,-0.257566899061203,0.47290876309076946,-0.14190717041492462,0.7618566731611888,0.11565972864627838,0.2889479100704193,-0.1997370347380638,0.6173827181259791,1.6655057235701425,102.17316269874573
image_431,../data/train_data/train_data/image_431.png,1,right,851.6595554351807,224.4171371459961,972.0415592193604,422.1860280036926,120.38200378417969,197.76889085769653,911.8505573272705,323.30158257484436,1.1828604936599731,0.46753570238749187,1.3500577211380005,0.879554225007693,0.16719722747802734,0.4120185226202011,1.2664591073989868,0.6735449636975924,1.6428443175963054,131.65955543518066
image_432,../data/train_data/train_data/image_432.png,0,left,-206.77820920944214,217.9403247833252,-165.00500321388245,409.95733642578125,41.77320599555969,192.01701164245605,-185.8916062116623,313.9488306045532,-0.2871919572353363,0.45404234329859416,-0.22917361557483673,0.8540777842203776,0.05801834166049957,0.40003544092178345,-0.2581827864050865,0.6540600637594859,4.596654890765785,165.00500321388245
image_434,../data/train_data/train_data/image_434.png,1,right,815.7618141174316,223.0504550933838,934.5990371704102,426.774658203125,118.83722305297852,203.7242031097412,875.1804256439209,324.9125566482544,1.133002519607544,0.46468844811121623,1.2980542182922363,0.8891138712565104,0.16505169868469238,0.4244254231452942,1.2155283689498901,0.6769011596838633,1.714313056767739,95.76181411743164
image_435,../data/train_data/train_data/image_435.png,1,left,-311.8566656112671,219.68812370300293,-208.85456085205078,430.9205629825592,103.00210475921631,211.23243927955627,-260.35561323165894,325.30434334278107,-0.4331342577934265,0.4576835910479228,-0.29007577896118164,0.8977511728803317,0.14305847883224487,0.4400675818324089,-0.3616050183773041,0.6777173819641272,2.0507584750170444,208.85456085205078
image_437,../data/train_data/train_data/image_437.png,1,left,-153.36053609848022,226.58593559265137,-112.26084351539612,349.52995681762695,41.099692583084106,122.94402122497559,-132.81068980693817,288.05794620513916,-0.21300074458122253,0.47205403248469036,-0.15591783821582794,0.7281874100367228,0.05708290636539459,0.25613337755203247,-0.18445929139852524,0.6001207212607066,2.991361090510374,112.26084351539612
image_438,../data/train_data/train_data/image_438.png,0,left,-277.4981474876404,218.90614891052246,-185.7835078239441,436.8739368915558,91.71463966369629,217.96778798103333,-231.64082765579224,327.8900429010391,-0.38541409373283386,0.4560544768969218,-0.2580326497554779,0.9101540351907412,0.12738144397735596,0.4540995582938194,-0.3217233717441559,0.6831042560438315,2.376586647238524,185.7835078239441
image_440,../data/train_data/train_data/image_440.png,0,left,-219.1234302520752,226.18873977661133,-106.65960788726807,398.42858695983887,112.46382236480713,172.23984718322754,-162.89151906967163,312.3086633682251,-0.30433809757232666,0.4712265412012736,-0.14813834428787231,0.830059556166331,0.15619975328445435,0.3588330149650574,-0.2262382209300995,0.6506430486838023,1.531513366356343,106.65960788726807
image_443,../data/train_data/train_data/image_443.png,0,right,834.4333362579346,222.45513343811035,950.5827713012695,412.3949279785156,116.14943504333496,189.93979454040527,892.508053779602,317.425030708313,1.1589351892471313,0.4634481946627299,1.320253849029541,0.8591560999552409,0.16131865978240967,0.395707905292511,1.2395945191383362,0.6613021473089854,1.635305367344571,114.43333625793457
image_446,../data/train_data/train_data/image_446.png,0,right,845.6649684906006,218.53521728515625,993.553991317749,459.2638500928879,147.88902282714844,240.72863280773163,919.6094799041748,338.89953368902206,1.1745346784591675,0.45528170267740886,1.3799360990524292,0.9567996876935164,0.20540142059326172,0.5015179850161076,1.2772353887557983,0.7060406951854626,1.6277653892479458,125.66496849060059
image_448,../data/train_data/train_data/image_448.png,0,left,-161.87361001968384,225.91001892089844,-110.28729557991028,361.38882541656494,51.58631443977356,135.4788064956665,-136.08045279979706,293.6494221687317,-0.224824458360672,0.47064587275187175,-0.15317679941654205,0.7528933862845103,0.07164765894412994,0.28224751353263855,-0.18900062888860703,0.611769629518191,2.62625481131893,110.28729557991028
image_449,../data/train_data/train_data/image_449.png,1,left,-155.06650686264038,225.81840896606445,-121.9222891330719,350.3497543334961,33.14421772956848,124.53134536743164,-138.49439799785614,288.0840816497803,-0.21537014842033386,0.47045501867930095,-0.16933651268482208,0.7298953215281169,0.04603363573551178,0.2594403028488159,-0.19235333055257797,0.6001751701037089,3.7572570390260034,121.9222891330719
image_45,../data/train_data/train_data/image_45.png,0,right,813.759126663208,227.46864700317383,862.1895217895508,345.6696357727051,48.43039512634277,118.20098876953125,837.9743242263794,286.56914138793945,1.1302210092544556,0.4738930145899455,1.1974854469299316,0.7201450745264689,0.06726443767547607,0.24625205993652344,1.1638532280921936,0.5970190445582072,2.4406364734620576,93.75912666320801
image_450,../data/train_data/train_data/image_450.png,0,right,862.9238033294678,225.2847137451172,985.3478050231934,415.48220777511597,122.42400169372559,190.19749402999878,924.1358041763306,320.3834607601166,1.1985052824020386,0.4693431536356608,1.3685386180877686,0.8655879328648249,0.17003333568572998,0.3962447792291641,1.2835219502449036,0.6674655432502429,1.5535964467639738,142.92380332946777
image_451,../data/train_data/train_data/image_451.png,1,right,811.6701793670654,224.22330284118652,848.384599685669,355.490797996521,36.714420318603516,131.26749515533447,830.0273895263672,289.85705041885376,1.1273196935653687,0.4671318809191386,1.1783119440078735,0.7406058291594187,0.05099225044250488,0.27347394824028015,1.152815818786621,0.6038688550392787,3.5753661372346413,91.67017936706543
image_452,../data/train_data/train_data/image_452.png,1,left,-204.94840621948242,221.67810821533203,-100.53452610969543,408.3849754333496,104.41388010978699,186.70686721801758,-152.74146616458893,315.0315418243408,-0.2846505641937256,0.4618293921152751,-0.13963128626346588,0.8508020321528117,0.1450192779302597,0.3889726400375366,-0.21214092522859573,0.6563157121340434,1.7881422184646603,100.53452610969543
image_454,../data/train_data/train_data/image_454.png,0,right,822.070369720459,222.92854690551758,859.6085929870605,371.2101092338562,37.53822326660156,148.28156232833862,840.8394813537598,297.0693280696869,1.1417644023895264,0.4644344727198283,1.1939008235931396,0.7733543942372004,0.05213642120361328,0.30891992151737213,1.167832612991333,0.6188944334785144,3.9501486598133004,102.07036972045898
image_455,../data/train_data/train_data/image_455.png,1,left,-149.9172556400299,225.8460750579834,-113.54316473007202,348.2960262298584,36.374090909957886,122.449951171875,-131.73021018505096,287.0710506439209,-0.20821841061115265,0.47051265637079875,-0.1576988399028778,0.725616721312205,0.05051957070827484,0.25510406494140625,-0.18295862525701523,0.5980646888415019,3.3664058154743524,113.54316473007202
image_456,../data/train_data/train_data/image_456.png,1,left,-224.83406782150269,215.95998191833496,-163.06912422180176,428.43791031837463,61.76494359970093,212.47792840003967,-193.95159602165222,322.1989461183548,-0.31226953864097595,0.4499166289965312,-0.22648489475250244,0.8925789798299472,0.08578464388847351,0.442662350833416,-0.2693772166967392,0.6712478044132392,3.4401056006318202,163.06912422180176
image_457,../data/train_data/train_data/image_457.png,0,right,829.8594188690186,224.56639671325684,865.700855255127,361.06412076950073,35.8414363861084,136.4977240562439,847.7801370620728,292.8152587413788,1.1525825262069702,0.4678466598192851,1.202362298965454,0.7522169182697932,0.04977977275848389,0.2843702584505081,1.1774724125862122,0.6100317890445391,3.8083776159470095,109.85941886901855
image_458,../data/train_data/train_data/image_458.png,0,left,-199.29128408432007,227.35400581359863,-109.56408619880676,373.20485734939575,89.7271978855133,145.85085153579712,-154.42768514156342,300.2794315814972,-0.2767934501171112,0.4736541787783305,-0.15217234194278717,0.7775101194779078,0.12462110817432404,0.30385594069957733,-0.2144828960299492,0.6255821491281192,1.6254921024268956,109.56408619880676
image_459,../data/train_data/train_data/image_459.png,0,right,819.5420551300049,229.25203704833984,905.3402996063232,363.5035934448242,85.79824447631836,134.25155639648438,862.4411773681641,296.37781524658203,1.138252854347229,0.4776084105173747,1.25741708278656,0.7572991530100505,0.11916422843933105,0.2796907424926758,1.1978349685668945,0.6174537817637126,1.564735470007663,99.54205513000488
image_46,../data/train_data/train_data/image_46.png,1,right,844.9871635437012,223.85177040100098,958.1408500671387,420.9076192378998,113.1536865234375,197.0558488368988,901.5640068054199,322.3796948194504,1.173593282699585,0.4663578550020854,1.3307511806488037,0.8768908734122912,0.15715789794921875,0.41053301841020584,1.2521722316741943,0.6716243642071883,1.7414885443973818,124.98716354370117
image_460,../data/train_data/train_data/image_460.png,1,left,-207.92263269424438,218.93372917175293,-145.61375856399536,412.18313360214233,62.30887413024902,193.2494044303894,-176.76819562911987,315.55843138694763,-0.28878143429756165,0.4561119357744853,-0.20224133133888245,0.8587148616711299,0.0865401029586792,0.4026029258966446,-0.24551138281822205,0.6574133987228076,3.101474824058373,145.61375856399536
image_461,../data/train_data/train_data/image_461.png,0,left,-197.9842972755432,224.92299461364746,-138.5591733455658,370.67413234710693,59.42512392997742,145.75113773345947,-168.2717353105545,297.7985634803772,-0.2749781906604767,0.46858957211176555,-0.19244329631328583,0.7722377757231395,0.08253489434719086,0.3036482036113739,-0.23371074348688126,0.6204136739174525,2.452685465245354,138.5591733455658
image_464,../data/train_data/train_data/image_464.png,0,right,868.8806247711182,213.39770698547363,949.5092868804932,454.47177970409393,80.628662109375,241.0740727186203,909.1949558258057,333.9347433447838,1.206778645515442,0.44457855621973674,1.3187628984451294,0.9468162077168624,0.1119842529296875,0.5022376514971256,1.2627707719802856,0.6956973819682996,2.989930211065597,148.88062477111816
image_465,../data/train_data/train_data/image_465.png,0,right,816.2844371795654,226.20776557922363,863.3539867401123,349.6733512878418,47.069549560546875,123.46558570861816,839.8192119598389,287.9405584335327,1.1337283849716187,0.47126617829004924,1.199102759361267,0.7284861485163371,0.06537437438964844,0.25721997022628784,1.1664155721664429,0.5998761634031932,2.6230458302941893,96.28443717956543
image_466,../data/train_data/train_data/image_466.png,0,right,816.5967750549316,224.4767608642578,848.0690860748291,356.7363872528076,31.47231101989746,132.2596263885498,832.3329305648804,290.6065740585327,1.134162187576294,0.4676599184672038,1.1778737306594849,0.7432008067766825,0.04371154308319092,0.27554088830947876,1.1560179591178894,0.6054303626219432,4.202412282495953,96.59677505493164
image_467,../data/train_data/train_data/image_467.png,1,left,-149.1427516937256,224.2277946472168,-116.29159212112427,358.2557191848755,32.85115957260132,134.0279245376587,-132.71717190742493,291.24175691604614,-0.20714271068572998,0.46714123884836833,-0.16151610016822815,0.7463660816351573,0.04562661051750183,0.27922484278678894,-0.18432940542697906,0.6067536602417628,4.079853688009275,116.29159212112427
image_469,../data/train_data/train_data/image_469.png,0,left,-206.18494749069214,219.15531539916992,-154.34439182281494,404.2410054206848,51.8405556678772,185.0856900215149,-180.26466965675354,311.69816040992737,-0.2863679826259613,0.4565735737482707,-0.21436721086502075,0.8421687612930934,0.07200077176094055,0.3855951875448227,-0.25036759674549103,0.649371167520682,3.570287541038117,154.34439182281494
image_47,../data/train_data/train_data/image_47.png,0,right,824.9702453613281,223.4641876220703,926.7917060852051,399.27584314346313,101.82146072387695,175.81165552139282,875.8809757232666,311.3700153827667,1.145792007446289,0.46555039087931316,1.2872107028961182,0.8318246732155482,0.1414186954498291,0.36627428233623505,1.2165013551712036,0.6486875320474307,1.726666011973302,104.97024536132812
image_470,../data/train_data/train_data/image_470.png,1,right,855.2065944671631,222.39247703552246,923.7666893005371,391.0753073692322,68.56009483337402,168.68283033370972,889.4866418838501,306.7338922023773,1.1877869367599487,0.4633176604906718,1.2830092906951904,0.8147402236859004,0.0952223539352417,0.3514225631952286,1.2353981137275696,0.6390289420882861,2.4603646004818165,135.2065944671631
image_471,../data/train_data/train_data/image_471.png,0,left,-201.1519432067871,227.97865295410156,-127.80792474746704,362.54153871536255,73.34401845932007,134.562885761261,-164.47993397712708,295.26009583473206,-0.27937769889831543,0.4749555269877116,-0.17751100659370422,0.755294872323672,0.1018666923046112,0.2803393453359604,-0.22844435274600983,0.6151251996556918,1.8346811176687257,127.80792474746704
image_472,../data/train_data/train_data/image_472.png,0,right,827.9510593414307,226.55483627319336,920.169267654419,374.86694717407227,92.21820831298828,148.3121109008789,874.0601634979248,300.7108917236328,1.1499320268630981,0.4719892422358195,1.2780128717422485,0.7809728066126506,0.1280808448791504,0.30898356437683105,1.2139724493026733,0.626481024424235,1.6082736111886724,107.95105934143066
image_474,../data/train_data/train_data/image_474.png,1,left,-178.85004043579102,227.48206520080566,-102.4385941028595,365.365110874176,76.41144633293152,137.88304567337036,-140.64431726932526,296.42358803749084,-0.24840283393859863,0.47392096916834514,-0.1422758251428604,0.7611773143212001,0.10612700879573822,0.2872563451528549,-0.19533932954072952,0.6175491417447726,1.8044815572866082,102.4385941028595
image_475,../data/train_data/train_data/image_475.png,0,right,894.5444297790527,219.6388282775879,968.6510753631592,407.9706563949585,74.10664558410645,188.3318281173706,931.597752571106,313.8047423362732,1.2424228191375732,0.4575808922449748,1.3453487157821655,0.8499388674894969,0.10292589664459229,0.3923579752445221,1.2938857674598694,0.6537598798672358,2.541362203523646,174.54442977905273
image_477,../data/train_data/train_data/image_477.png,0,right,930.1696586608887,215.02251052856445,983.7772750854492,436.7565813064575,53.60761642456055,221.73407077789307,956.973466873169,325.889545917511,1.2919023036956787,0.44796356360117595,1.3663573265075684,0.9099095443884532,0.07445502281188965,0.4619459807872772,1.3291298151016235,0.6789365539948146,4.136241929165586,210.16965866088867
image_480,../data/train_data/train_data/image_480.png,0,left,-180.5409049987793,224.16430854797363,-126.27087950706482,369.8886456489563,54.27002549171448,145.72433710098267,-153.40589225292206,297.02647709846497,-0.250751256942749,0.46700897614161174,-0.17537622153759003,0.7706013451019923,0.075375035405159,0.30359236896038055,-0.21306373924016953,0.618805160621802,2.6851717090722707,126.27087950706482
image_481,../data/train_data/train_data/image_481.png,1,left,-200.3232479095459,216.7431583404541,-148.680499792099,417.4193277359009,51.6427481174469,200.67616939544678,-174.50187385082245,317.0812430381775,-0.27822673320770264,0.4515482465426127,-0.20650069415569305,0.8696235994497935,0.07172603905200958,0.4180753529071808,-0.24236371368169785,0.6605859229962031,3.8858538073741795,148.680499792099
image_482,../data/train_data/train_data/image_482.png,0,right,838.016767501831,224.59094429016113,948.6387062072754,404.8790636062622,110.62193870544434,180.28811931610107,893.3277368545532,314.73500394821167,1.1639121770858765,0.46789780060450237,1.3175537586212158,0.8434980491797129,0.15364158153533936,0.37560024857521057,1.2407329678535461,0.6556979248921077,1.6297682125799524,118.01676750183105
image_483,../data/train_data/train_data/image_483.png,1,left,-155.7993507385254,227.34622383117676,-91.84320330619812,359.19073724746704,63.95614743232727,131.84451341629028,-123.82127702236176,293.2684805393219,-0.21638798713684082,0.4736379663149516,-0.12756000459194183,0.748314035932223,0.08882798254489899,0.2746760696172714,-0.17197399586439133,0.6109760011235873,2.061483042827063,91.84320330619812
image_485,../data/train_data/train_data/image_485.png,0,left,-257.42631912231445,225.70808792114258,-144.03874397277832,402.2621717453003,113.38757514953613,176.55408382415771,-200.7325315475464,313.98512983322144,-0.35753655433654785,0.47022518316904705,-0.20005381107330322,0.8380461911360423,0.15748274326324463,0.36782100796699524,-0.27879518270492554,0.6541356871525447,1.557084923910907,144.03874397277832
image_486,../data/train_data/train_data/image_486.png,0,left,-192.81456470489502,225.41549110412598,-127.75065422058105,371.5712776184082,65.06391048431396,146.15578651428223,-160.28260946273804,298.4933843612671,-0.2677980065345764,0.4696156064669291,-0.17743146419525146,0.7741068283716838,0.09036654233932495,0.30449122190475464,-0.22261473536491394,0.6218612174193064,2.246341872573405,127.75065422058105
image_487,../data/train_data/train_data/image_487.png,1,right,823.1993007659912,227.36942672729492,913.040943145752,374.7262706756592,89.84164237976074,147.35684394836426,868.1201219558716,301.04784870147705,1.1433323621749878,0.47368630568186443,1.2681124210357666,0.78067973057429,0.12478005886077881,0.30699342489242554,1.2057223916053772,0.6271830181280772,1.640184217976411,103.19930076599121
image_489,../data/train_data/train_data/image_489.png,0,right,844.5420455932617,224.1329803466797,885.5404472351074,361.44844913482666,40.9984016418457,137.31546878814697,865.0412464141846,292.7907147407532,1.1729750633239746,0.4669437090555827,1.229917287826538,0.7530176023642222,0.05694222450256348,0.2860738933086395,1.2014461755752563,0.6099806557099025,3.3492883451337687,124.54204559326172
image_490,../data/train_data/train_data/image_490.png,0,left,-184.88636255264282,220.44615173339844,-147.81800866127014,389.72431802749634,37.06835389137268,169.2781662940979,-166.35218560695648,305.0852348804474,-0.25678661465644836,0.45926281611124675,-0.20530278980731964,0.811925662557284,0.05148382484912872,0.3526628464460373,-0.231044702231884,0.6355942393342654,4.566649136623675,147.81800866127014
image_491,../data/train_data/train_data/image_491.png,0,right,815.3362655639648,227.1991958618164,889.29030418396,363.93507146835327,73.95403861999512,136.73587560653687,852.3132848739624,295.56713366508484,1.1324114799499512,0.47333165804545085,1.2351254224777222,0.7581980655590693,0.102713942527771,0.28486640751361847,1.1837684512138367,0.6157648618022601,1.8489304730082352,95.33626556396484
image_494,../data/train_data/train_data/image_494.png,1,left,-272.6038885116577,216.32633590698242,-196.4681625366211,425.52647972106934,76.13572597503662,209.2001438140869,-234.5360255241394,320.9264078140259,-0.3786165118217468,0.45067986647288005,-0.2728724479675293,0.8865134994188945,0.10574406385421753,0.4358336329460144,-0.32574447989463806,0.6685966829458873,2.747726394343169,196.4681625366211
image_495,../data/train_data/train_data/image_495.png,1,left,-148.1857395172119,224.84649085998535,-108.62671852111816,356.1849822998047,39.55902099609375,131.33849143981934,-128.40622901916504,290.515736579895,-0.20581352710723877,0.46843018929163616,-0.1508704423904419,0.7420520464579264,0.054943084716796875,0.2736218571662903,-0.17834198474884033,0.6052411178747813,3.3200642516605336,108.62671852111816
image_497,../data/train_data/train_data/image_497.png,1,right,791.9417381286621,226.99220085144043,850.3049755096436,349.1734447479248,58.363237380981445,122.18124389648438,821.1233568191528,288.0828227996826,1.099919080734253,0.4729004184405009,1.1809791326522827,0.7274446765581767,0.08106005191802979,0.2545442581176758,1.1404491066932678,0.6001725474993388,2.09346241537141,71.94173812866211
image_498,../data/train_data/train_data/image_498.png,1,left,-245.07936000823975,222.28450202941895,-119.71028208732605,430.9257950782776,125.3690779209137,208.64129304885864,-182.3948210477829,326.60514855384827,-0.3403880000114441,0.4630927125612895,-0.16626428067684174,0.897762073079745,0.17412371933460236,0.4346693605184555,-0.2533261403441429,0.6804273928205172,1.664216539747348,119.71028208732605
image_5,../data/train_data/train_data/image_5.png,1,left,-166.9759225845337,223.75564002990723,-118.48630428314209,369.3323769569397,48.4896183013916,145.57673692703247,-142.7311134338379,296.54400849342346,-0.23191100358963013,0.46615758339564006,-0.164564311504364,0.7694424519936244,0.06734669208526611,0.3032848685979843,-0.19823765754699707,0.6178000176946322,3.0022248478465454,118.48630428314209
image_500,../data/train_data/train_data/image_500.png,1,right,847.210865020752,225.82498931884766,932.9390716552734,388.8497462272644,85.72820663452148,163.02475690841675,890.0749683380127,307.33736777305603,1.1766817569732666,0.4704687277475993,1.2957487106323242,0.8101036379734675,0.11906695365905762,0.3396349102258682,1.2362152338027954,0.6402861828605334,1.901646649432756,127.21086502075195
image_501,../data/train_data/train_data/image_501.png,1,right,852.2255229949951,222.8167381286621,968.3165073394775,430.0922431945801,116.09098434448242,207.27550506591797,910.2710151672363,326.4544906616211,1.183646559715271,0.46420153776804607,1.3448840379714966,0.8960255066553752,0.16123747825622559,0.4318239688873291,1.2642652988433838,0.6801135222117106,1.7854573827271487,132.22552299499512
image_502,../data/train_data/train_data/image_502.png,0,left,-152.37635850906372,225.70187950134277,-114.18806433677673,349.2865409851074,38.18829417228699,123.58466148376465,-133.28221142292023,287.4942102432251,-0.2116338312625885,0.4702122489611308,-0.1585945338010788,0.7276802937189738,0.053039297461509705,0.257468044757843,-0.18511418253183365,0.5989462713400523,3.2361922458806576,114.18806433677673
image_503,../data/train_data/train_data/image_503.png,0,left,-259.4420528411865,220.65952682495117,-132.81922459602356,429.8149743080139,126.62282824516296,209.15544748306274,-196.13063871860504,325.23725056648254,-0.36033618450164795,0.4597073475519816,-0.18447114527225494,0.8954478631416957,0.175865039229393,0.43574051558971405,-0.27240366488695145,0.6775776053468386,1.6517988926775733,132.81922459602356
image_505,../data/train_data/train_data/image_505.png,1,left,-210.8564329147339,221.44696617126465,-136.36555552482605,393.64067935943604,74.49087738990784,172.1937131881714,-173.61099421977997,307.54382276535034,-0.2928561568260193,0.4613478461901347,-0.18939660489559174,0.8200847486654917,0.10345955193042755,0.35873690247535706,-0.2411263808608055,0.6407162974278132,2.3116080682854263,136.36555552482605
image_506,../data/train_data/train_data/image_506.png,1,left,-213.1899333000183,220.42226219177246,-160.79177856445312,394.17915964126587,52.398154735565186,173.7568974494934,-186.99085593223572,307.30071091651917,-0.29609712958335876,0.4592130462328593,-0.22332191467285156,0.8212065825859706,0.0727752149105072,0.36199353635311127,-0.25970952212810516,0.6402098144094149,3.316088101315448,160.79177856445312
image_507,../data/train_data/train_data/image_507.png,1,left,-138.69989275932312,224.9015941619873,-110.27698516845703,353.4111633300781,28.42290759086609,128.50956916809082,-124.48843896389008,289.1563787460327,-0.19263873994350433,0.46854498783747356,-0.15316247940063477,0.7362732569376628,0.03947626054286957,0.2677282691001892,-0.17290060967206955,0.6024091223875682,4.5213378946983,110.27698516845703
image_508,../data/train_data/train_data/image_508.png,0,right,831.549768447876,221.15731620788574,978.0128860473633,449.37686467170715,146.4631175994873,228.2195484638214,904.7813272476196,335.26709043979645,1.1549302339553833,0.46074440876642864,1.358351230621338,0.9362018013993899,0.2034209966659546,0.4754573926329613,1.2566407322883606,0.6984731050829093,1.5582049064932666,111.54976844787598
image_511,../data/train_data/train_data/image_511.png,1,left,-167.5059700012207,222.19875717163086,-131.25332951545715,376.7107048034668,36.25264048576355,154.51194763183594,-149.37964975833893,299.4547309875488,-0.23264718055725098,0.46291407744089763,-0.1822962909936905,0.7848139683405558,0.050350889563560486,0.3218998908996582,-0.20747173577547073,0.6238640228907267,4.262088100658846,131.25332951545715
image_512,../data/train_data/train_data/image_512.png,1,left,-240.2087903022766,220.09850883483887,-109.00773167610168,437.8273012638092,131.20105862617493,217.72879242897034,-174.60826098918915,328.96290504932404,-0.33362331986427307,0.458538560072581,-0.151399627327919,0.9121402109662692,0.18222369253635406,0.4536016508936882,-0.24251147359609604,0.6853393855194251,1.6595048447690872,109.00773167610168
image_513,../data/train_data/train_data/image_513.png,0,right,812.1982097625732,225.71558380126953,903.984260559082,378.53929901123047,91.78605079650879,152.82371520996094,858.0912351608276,302.12744140625,1.128053069114685,0.4702407995859782,1.2555336952209473,0.7886235396067302,0.1274806261062622,0.31838274002075195,1.1917933821678162,0.6294321695963542,1.6649993532108018,92.19820976257324
image_514,../data/train_data/train_data/image_514.png,1,left,-309.10366773605347,218.74802017211914,-206.25768899917603,447.2578730583191,102.84597873687744,228.50985288619995,-257.68067836761475,333.0029466152191,-0.4293106496334076,0.4557250420252482,-0.2864690124988556,0.9317872355381648,0.142841637134552,0.47606219351291656,-0.3578898310661316,0.6937561387817065,2.2218647310540227,206.25768899917603
image_515,../data/train_data/train_data/image_515.png,1,right,818.558349609375,225.11236572265625,847.4319648742676,352.2191038131714,28.873615264892578,127.10673809051514,832.9951572418213,288.6657347679138,1.1368865966796875,0.46898409525553386,1.1769888401031494,0.7337897996107737,0.040102243423461914,0.26480570435523987,1.1569377183914185,0.6013869474331538,4.402176067126038,98.558349609375
image_516,../data/train_data/train_data/image_516.png,1,left,-290.06601333618164,219.8596706390381,-172.20890164375305,446.87761092185974,117.85711169242859,227.01794028282166,-231.13745748996735,333.3686407804489,-0.40286946296691895,0.458040980497996,-0.23917903006076813,0.9309950227538745,0.16369043290615082,0.47295404225587845,-0.32102424651384354,0.6945180016259352,1.9262133359866294,172.20890164375305
image_517,../data/train_data/train_data/image_517.png,0,right,831.0842227935791,226.9253387451172,907.9662895202637,372.2723355293274,76.88206672668457,145.3469967842102,869.5252561569214,299.5988371372223,1.1542836427688599,0.4727611223856608,1.2610642910003662,0.7755673656860987,0.10678064823150635,0.3028062433004379,1.207673966884613,0.6241642440358798,1.8905188553387642,111.0842227935791
image_519,../data/train_data/train_data/image_519.png,1,left,-277.77008056640625,220.99749946594238,-169.15244936943054,433.4775986671448,108.61763119697571,212.4800992012024,-223.4612649679184,327.2375490665436,-0.3857917785644531,0.4604114572207133,-0.23493395745754242,0.9030783305565516,0.1508578211069107,0.4426668733358383,-0.31036286801099777,0.6817448938886325,1.9562210744209139,169.15244936943054
image_52,../data/train_data/train_data/image_52.png,1,left,-187.92927503585815,227.51799964904785,-95.31020522117615,375.0593509674072,92.619069814682,147.54135131835938,-141.61974012851715,301.28867530822754,-0.26101288199424744,0.47399583260218303,-0.13237528502941132,0.7813736478487651,0.12863759696483612,0.30737781524658203,-0.19669408351182938,0.627684740225474,1.592991072071543,95.31020522117615
image_521,../data/train_data/train_data/image_521.png,1,left,-188.40473413467407,225.20655059814453,-117.87700295448303,366.8074312210083,70.52773118019104,141.60088062286377,-153.14086854457855,296.0069909095764,-0.261673241853714,0.46918031374613445,-0.1637180596590042,0.7641821483771006,0.09795518219470978,0.2950018346309662,-0.2126956507563591,0.6166812310616175,2.007733387326585,117.87700295448303
image_522,../data/train_data/train_data/image_522.png,1,left,-175.62247395515442,228.91460800170898,-100.9923791885376,354.1384210586548,74.63009476661682,125.2238130569458,-138.307426571846,291.5265145301819,-0.24392010271549225,0.4769054333368937,-0.14026719331741333,0.7377883772055308,0.10365290939807892,0.2608829438686371,-0.1920936480164528,0.6073469052712123,1.6779264912974534,100.9923791885376
image_524,../data/train_data/train_data/image_524.png,1,right,808.8937282562256,225.03265762329102,884.9156856536865,382.53764295578003,76.02195739746094,157.504985332489,846.904706954956,303.7851502895355,1.12346351146698,0.4688180367151896,1.229049563407898,0.7969534228245417,0.10558605194091797,0.3281353861093521,1.176256537437439,0.6328857297698657,2.0718354370832017,88.89372825622559
image_525,../data/train_data/train_data/image_525.png,0,right,821.8957901000977,221.6445198059082,942.3415660858154,423.0902256965637,120.44577598571777,201.44570589065552,882.1186780929565,322.36737275123596,1.14152193069458,0.46175941626230876,1.3088077306747437,0.8814379702011744,0.16728579998016357,0.41967855393886566,1.2251648306846619,0.6715986932317416,1.6725012084653144,101.89579010009766
image_526,../data/train_data/train_data/image_526.png,0,right,850.2496147155762,217.3517837524414,934.8270034790039,434.7252371311188,84.57738876342773,217.37345337867737,892.53830909729,326.0385104417801,1.1809022426605225,0.4528162161509196,1.2983708381652832,0.9056775773564975,0.11746859550476074,0.45286136120557785,1.2396365404129028,0.6792468967537085,2.5701130829032195,130.24961471557617
image_529,../data/train_data/train_data/image_529.png,0,left,-162.82243609428406,227.41609001159668,-98.25855374336243,358.9059867858887,64.56388235092163,131.489896774292,-130.54049491882324,293.1610383987427,-0.2261422723531723,0.4737835208574931,-0.13647021353244781,0.7477208058039347,0.08967205882072449,0.27393728494644165,-0.18130624294281006,0.6107521633307139,2.036585967052135,98.25855374336243
image_53,../data/train_data/train_data/image_53.png,1,left,-272.4267554283142,223.8524570465088,-163.7584090232849,410.3942289352417,108.6683464050293,186.5417718887329,-218.09258222579956,317.12334299087524,-0.3783704936504364,0.46635928551356,-0.22744223475456238,0.8549879769484202,0.15092825889587402,0.38862869143486023,-0.3029063642024994,0.6606736312309901,1.7166155376419674,163.7584090232849
image_530,../data/train_data/train_data/image_530.png,0,left,-275.75698614120483,222.61855506896973,-168.07672262191772,402.0909824371338,107.68026351928711,179.47242736816406,-221.91685438156128,312.35476875305176,-0.3829958140850067,0.46378865639368694,-0.23343989253044128,0.8376895467440287,0.14955592155456543,0.3739008903503418,-0.308217853307724,0.6507391015688578,1.6667160861471881,168.07672262191772
image_532,../data/train_data/train_data/image_532.png,0,left,-211.36609554290771,224.49160957336426,-116.09707832336426,401.56298780441284,95.26901721954346,177.07137823104858,-163.731586933136,313.02729868888855,-0.2935640215873718,0.4676908532778422,-0.1612459421157837,0.8365895579258601,0.13231807947158813,0.3688987046480179,-0.22740498185157776,0.6521402056018512,1.8586460047445963,116.09707832336426
image_533,../data/train_data/train_data/image_533.png,1,left,-205.6749415397644,227.4980297088623,-122.79185056686401,369.9636688232422,82.88309097290039,142.46563911437988,-164.2333960533142,298.73084926605225,-0.28565964102745056,0.4739542285601298,-0.17054423689842224,0.7707576433817546,0.11511540412902832,0.29680341482162476,-0.2281019389629364,0.6223559359709422,1.7188745912113812,122.79185056686401
image_534,../data/train_data/train_data/image_534.png,0,left,-164.93972897529602,227.49336624145508,-98.21916818618774,363.5737099647522,66.72056078910828,136.08034372329712,-131.57944858074188,295.53353810310364,-0.22908295691013336,0.4739445130030314,-0.1364155113697052,0.7574452290932338,0.09266744554042816,0.28350071609020233,-0.18274923413991928,0.6156948710481326,2.0395563543511375,98.21916818618774
image_535,../data/train_data/train_data/image_535.png,1,left,-240.09461402893066,222.87453079223633,-140.18299341201782,409.0231194496155,99.91162061691284,186.14858865737915,-190.13880372047424,315.9488251209259,-0.33346474170684814,0.46432193915049236,-0.19469860196113586,0.8521314988533656,0.13876613974571228,0.38780955970287323,-0.264081671833992,0.658226719001929,1.8631325115936341,140.18299341201782
image_537,../data/train_data/train_data/image_537.png,1,right,839.8019599914551,223.73332405090332,871.9569683074951,364.4186201095581,32.15500831604004,140.68529605865479,855.8794641494751,294.0759720802307,1.1663916110992432,0.46611109177271526,1.211051344871521,0.7592054585615794,0.04465973377227783,0.29309436678886414,1.188721477985382,0.6126582751671473,4.3752218838169625,119.80195999145508
image_539,../data/train_data/train_data/image_539.png,1,right,799.1773509979248,227.5130500793457,862.6931762695312,358.3763542175293,63.515825271606445,130.8633041381836,830.935263633728,292.9447021484375,1.1099685430526733,0.4739855209986369,1.1981849670410156,0.7466174046198527,0.08821642398834229,0.2726318836212158,1.1540767550468445,0.6103014628092448,2.0603259672465213,79.1773509979248
image_54,../data/train_data/train_data/image_54.png,1,left,-192.1303653717041,223.84247207641602,-96.83774471282959,391.7009630203247,95.29262065887451,167.8584909439087,-144.48405504226685,307.77171754837036,-0.26684772968292236,0.4663384834925334,-0.13449686765670776,0.8160436729590098,0.1323508620262146,0.34970518946647644,-0.20067229866981506,0.6411910782257716,1.7615056631174324,96.83774471282959
image_540,../data/train_data/train_data/image_540.png,1,right,879.906005859375,217.0588150024414,931.159029006958,421.4964463710785,51.25302314758301,204.43763136863708,905.5325174331665,319.27763068675995,1.2220916748046875,0.4522058645884196,1.2932764291763306,0.8781175966064135,0.07118475437164307,0.4259117320179939,1.257684051990509,0.6651617305974166,3.9887916617125043,159.906005859375
image_541,../data/train_data/train_data/image_541.png,0,right,869.368143081665,221.36831665039062,988.3247566223145,416.2268319129944,118.95661354064941,194.85851526260376,928.8464498519897,318.7975742816925,1.2074557542800903,0.46118399302164714,1.3726732730865479,0.8671392331520716,0.16521751880645752,0.4059552401304245,1.290064513683319,0.6641616130868594,1.6380637399030986,149.36814308166504
image_542,../data/train_data/train_data/image_542.png,0,right,856.2442016601562,220.15281105041504,922.8596305847168,406.0365333557129,66.61542892456055,185.88372230529785,889.5519161224365,313.09467220306396,1.1892280578613281,0.45865168968836467,1.2817494869232178,0.8459094444910685,0.09252142906188965,0.38725775480270386,1.235488772392273,0.6522805670897166,2.7904004418526545,136.24420166015625
image_543,../data/train_data/train_data/image_543.png,1,left,-206.89601182937622,223.1698455810547,-107.06376314163208,396.30974197387695,99.83224868774414,173.13989639282227,-156.97988748550415,309.7397937774658,-0.28735557198524475,0.46493717829386394,-0.14869967103004456,0.8256452957789103,0.1386559009552002,0.3607081174850464,-0.21802762150764465,0.6452912370363871,1.7343082888413162,107.06376314163208
image_544,../data/train_data/train_data/image_544.png,1,left,-128.53023290634155,225.69209480285645,-101.47363185882568,346.5258541107178,27.05660104751587,120.83375930786133,-115.00193238258362,286.1089744567871,-0.17851421236991882,0.4701918641726176,-0.14093559980392456,0.721928862730662,0.03757861256599426,0.25173699855804443,-0.1597249060869217,0.5960603634516398,4.465962265387927,101.47363185882568
image_545,../data/train_data/train_data/image_545.png,1,right,853.992862701416,223.00339126586914,930.4588222503662,394.7718348503113,76.4659595489502,171.76844358444214,892.2258424758911,308.8876130580902,1.1861011981964111,0.4645903984705607,1.2923039197921753,0.8224413226048152,0.10620272159576416,0.35785092413425446,1.2392025589942932,0.643515860537688,2.2463386923757023,133.99286270141602
image_547,../data/train_data/train_data/image_547.png,1,right,820.1593494415283,220.97924613952637,936.4413928985596,434.28624534606934,116.28204345703125,213.30699920654297,878.300371170044,327.63274574279785,1.1391102075576782,0.4603734294573466,1.3006130456924438,0.9047630111376445,0.16150283813476562,0.44438958168029785,1.219861626625061,0.6825682202974955,1.83439328089693,100.15934944152832
image_548,../data/train_data/train_data/image_548.png,0,right,843.6227989196777,223.45683479309082,967.4629211425781,417.80884170532227,123.84012222290039,194.35200691223145,905.5428600311279,320.63283824920654,1.1716983318328857,0.4655350724856059,1.343698501586914,0.8704350868860881,0.17200016975402832,0.4049000144004822,1.2576984167099,0.667985079685847,1.569378351891614,123.62279891967773
image_549,../data/train_data/train_data/image_549.png,1,left,-132.63978481292725,224.7602310180664,-101.87290549278259,351.52152919769287,30.766879320144653,126.76129817962646,-117.25634515285492,288.14088010787964,-0.18422192335128784,0.46825048128763835,-0.1414901465177536,0.7323365191618602,0.04273177683353424,0.2640860378742218,-0.16285603493452072,0.6002935002247493,4.120057054230695,101.87290549278259
image_55,../data/train_data/train_data/image_55.png,0,left,-212.53508806228638,223.93617057800293,-134.8171591758728,380.83383226394653,77.71792888641357,156.8976616859436,-173.6761236190796,302.38500142097473,-0.2951876223087311,0.4665336887041728,-0.18724605441093445,0.7934038172165553,0.10794156789779663,0.3268701285123825,-0.24121683835983276,0.629968752960364,2.018809095070623,134.8171591758728
image_550,../data/train_data/train_data/image_550.png,0,left,-154.75887894630432,225.31083488464355,-122.14278817176819,350.4000082015991,32.61609077453613,125.08917331695557,-138.45083355903625,287.85542154312134,-0.21494288742542267,0.46939757267634075,-0.16964276134967804,0.7300000170866648,0.04530012607574463,0.2606024444103241,-0.19229282438755035,0.5996987948815028,3.8351982210760385,122.14278817176819
image_551,../data/train_data/train_data/image_551.png,0,left,-151.10032439231873,224.9082317352295,-110.68013191223145,358.18562412261963,40.42019248008728,133.27739238739014,-130.89022815227509,291.54692792892456,-0.20986156165599823,0.46855881611506145,-0.15372240543365479,0.7462200502554576,0.056139156222343445,0.2776612341403961,-0.1817919835448265,0.6073894331852595,3.2972973212101424,110.68013191223145
image_553,../data/train_data/train_data/image_553.png,0,left,-308.36219787597656,214.60028076171875,-252.86585569381714,445.9204020500183,55.496342182159424,231.32012128829956,-280.61402678489685,330.26034140586853,-0.4282808303833008,0.44708391825358074,-0.3512025773525238,0.9290008376042048,0.07707825303077698,0.4819169193506241,-0.3897417038679123,0.6880423779288928,4.168204825626557,252.86585569381714
image_555,../data/train_data/train_data/image_555.png,0,right,816.678056716919,223.19937133789062,908.4372425079346,389.8054995536804,91.75918579101562,166.6061282157898,862.5576496124268,306.5024354457855,1.1342750787734985,0.46499869028727214,1.2617183923721313,0.8120947907368342,0.1274433135986328,0.3470961004495621,1.197996735572815,0.6385467405120532,1.8156888248250196,96.67805671691895
image_556,../data/train_data/train_data/image_556.png,1,left,-205.5074644088745,228.28083419799805,-114.430171251297,368.2857575416565,91.07729315757751,140.00492334365845,-159.96881783008575,298.28329586982727,-0.2854270339012146,0.47558507124582927,-0.15893079340457916,0.767261994878451,0.12649624049663544,0.29167692363262177,-0.22217891365289688,0.6214235330621402,1.537209972868086,114.430171251297
image_557,../data/train_data/train_data/image_557.png,0,right,826.4196681976318,218.71546173095703,907.4117374420166,423.0631639957428,80.99206924438477,204.34770226478577,866.9157028198242,320.8893128633499,1.147805094718933,0.4556572119394938,1.2602940797805786,0.8813815916577975,0.11248898506164551,0.4257243797183037,1.2040495872497559,0.6685194017986457,2.523058173118022,106.41966819763184
image_558,../data/train_data/train_data/image_558.png,0,right,814.7919273376465,223.99324798583984,884.1866397857666,381.8205633163452,69.39471244812012,157.82731533050537,849.4892835617065,302.90690565109253,1.1316554546356201,0.4666525999704997,1.2280369997024536,0.7954595069090525,0.0963815450668335,0.32880690693855286,1.1798462271690369,0.6310560534397761,2.274342089802562,94.79192733764648
image_559,../data/train_data/train_data/image_559.png,0,right,835.0260829925537,222.3850383758545,891.425256729126,380.4077615737915,56.399173736572266,158.022723197937,863.2256698608398,301.396399974823,1.159758448600769,0.4633021632830302,1.2380906343460083,0.792516169945399,0.07833218574523926,0.3292140066623688,1.1989245414733887,0.6279091666142146,2.8018623807509178,115.02608299255371
image_56,../data/train_data/train_data/image_56.png,0,left,-199.9834442138672,225.99009895324707,-112.92717933654785,373.11271810531616,87.05626487731934,147.1226191520691,-156.45531177520752,299.5514085292816,-0.2777547836303711,0.47081270615259807,-0.15684330463409424,0.7773181627194087,0.12091147899627686,0.3065054565668106,-0.21729904413223267,0.6240654344360034,1.6899716448827196,112.92717933654785
image_562,../data/train_data/train_data/image_562.png,0,left,-202.77474403381348,223.64320182800293,-155.27665257453918,369.2584910392761,47.49809145927429,145.6152892112732,-179.02569830417633,296.4508464336395,-0.28163158893585205,0.4659233371416728,-0.21566201746463776,0.7692885229984919,0.0659695714712143,0.30336518585681915,-0.2486468032002449,0.6176059300700824,3.065708215584332,155.27665257453918
image_563,../data/train_data/train_data/image_563.png,1,left,-222.67081260681152,216.0016384124756,-154.99401211738586,434.4937410354614,67.67680048942566,218.49210262298584,-188.8324123620987,325.2476897239685,-0.30926501750946045,0.45000341335932414,-0.21526946127414703,0.905195293823878,0.09399555623531342,0.45519188046455383,-0.26226723939180374,0.6775993535916011,3.228463831665989,154.99401211738586
image_564,../data/train_data/train_data/image_564.png,1,left,-247.3884630203247,218.30381774902344,-154.09022569656372,426.80165910720825,93.29823732376099,208.49784135818481,-200.7393443584442,322.55273842811584,-0.34359508752822876,0.4547996203104655,-0.2140142023563385,0.8891701231400172,0.12958088517189026,0.4343705028295517,-0.27880464494228363,0.6719848717252414,2.234745771612612,154.09022569656372
image_565,../data/train_data/train_data/image_565.png,0,left,-156.52315020561218,226.68109321594238,-104.01391983032227,347.76798152923584,52.50923037528992,121.08688831329346,-130.26853501796722,287.2245373725891,-0.21739326417446136,0.4722522775332133,-0.14446377754211426,0.724516628185908,0.0729294866323471,0.2522643506526947,-0.1809285208582878,0.5983844528595607,2.3060114849878888,104.01391983032227
image_568,../data/train_data/train_data/image_568.png,0,left,-295.17165184020996,222.84892463684082,-156.1268699169159,434.71884989738464,139.04478192329407,211.86992526054382,-225.64926087856293,328.78388726711273,-0.40996062755584717,0.4642685929934184,-0.2168428748846054,0.9056642706195513,0.19311775267124176,0.44139567762613297,-0.3134017512202263,0.6849664318064849,1.5237531558532325,156.1268699169159
image_57,../data/train_data/train_data/image_57.png,1,right,812.0327281951904,220.9802761077881,925.3971290588379,419.4025602340698,113.36440086364746,198.42228412628174,868.7149286270142,320.19141817092896,1.1278232336044312,0.4603755752245585,1.285273790359497,0.8737553338209788,0.15745055675506592,0.4133797585964203,1.2065485119819641,0.6670654545227687,1.7503050570958363,92.03272819519043
image_570,../data/train_data/train_data/image_570.png,1,left,-237.61172533035278,215.94939613342285,-173.02266240119934,438.25052881240845,64.58906292915344,222.3011326789856,-205.31719386577606,327.09996247291565,-0.33001628518104553,0.4498945752779643,-0.24030925333499908,0.9130219350258509,0.08970703184604645,0.46312735974788666,-0.2851627692580223,0.6814582551519076,3.441776712611911,173.02266240119934
image_571,../data/train_data/train_data/image_571.png,0,left,-245.76581239700317,219.40828704833984,-182.87230253219604,404.42028427124023,62.89350986480713,185.0119972229004,-214.3190574645996,311.91428565979004,-0.34134140610694885,0.4571005980173747,-0.2539893090724945,0.8425422588984172,0.08735209703445435,0.3854416608810425,-0.2976653575897217,0.6498214284578959,2.941670732331417,182.87230253219604
image_572,../data/train_data/train_data/image_572.png,0,left,-245.97747087478638,223.07912254333496,-133.901549577713,408.09521102905273,112.07592129707336,185.01608848571777,-189.9395102262497,315.58716678619385,-0.3416353762149811,0.4647481719652812,-0.1859743744134903,0.8501983563105265,0.15566100180149078,0.38545018434524536,-0.2638048753142357,0.6574732641379039,1.6508103287886966,133.901549577713
image_573,../data/train_data/train_data/image_573.png,1,right,834.1653728485107,227.0959129333496,922.0384883880615,380.034140586853,87.87311553955078,152.93822765350342,878.1019306182861,303.5650267601013,1.1585630178451538,0.4731164852778117,1.2806090116500854,0.7917377928892771,0.12204599380493164,0.31862130761146545,1.2195860147476196,0.6324271390835444,1.7404438970263607,114.16537284851074
image_574,../data/train_data/train_data/image_574.png,1,left,-260.5950593948364,222.72492790222168,-114.60067391395569,448.7776198387146,145.99438548088074,226.05269193649292,-187.59786665439606,335.75127387046814,-0.36193758249282837,0.46401026646296184,-0.1591676026582718,0.9349533746639888,0.20276997983455658,0.4709431082010269,-0.2605525925755501,0.6994818205634753,1.5483656525003595,114.60067391395569
image_575,../data/train_data/train_data/image_575.png,1,left,-172.07656145095825,224.04511833190918,-130.221848487854,363.0053606033325,41.85471296310425,138.96024227142334,-151.14920496940613,293.52523946762085,-0.23899522423744202,0.46676066319147747,-0.18086367845535278,0.7562611679236094,0.05813154578208923,0.28950050473213196,-0.2099294513463974,0.6115109155575434,3.320062005775061,130.221848487854
image_577,../data/train_data/train_data/image_577.png,0,right,835.255765914917,224.34689903259277,882.037181854248,365.49784803390503,46.781415939331055,141.15094900131226,858.6464738845825,294.9223735332489,1.160077452659607,0.4673893729845683,1.2250516414642334,0.7614538500706355,0.06497418880462646,0.2940644770860672,1.1925645470619202,0.6144216115276019,3.01724405230413,115.25576591491699
image_578,../data/train_data/train_data/image_578.png,1,right,814.0167903900146,228.5666790008545,891.2635517120361,359.7252335548401,77.24676132202148,131.1585545539856,852.6401710510254,294.1459562778473,1.130578875541687,0.4761805812517802,1.2378660440444946,0.7494275699059169,0.10728716850280762,0.27324698865413666,1.1842224597930908,0.6128040755788485,1.69791655092464,94.01679039001465
image_579,../data/train_data/train_data/image_579.png,1,right,861.5564346313477,222.11092376708984,990.6097412109375,433.84591603279114,129.05330657958984,211.7349922657013,926.0830879211426,327.9784198999405,1.196606159210205,0.4627310911814372,1.3758468627929688,0.9038456584016482,0.17924070358276367,0.44111456722021103,1.286226511001587,0.6832883747915427,1.640678552743009,141.55643463134766
image_58,../data/train_data/train_data/image_58.png,1,left,-306.4489245414734,221.54220962524414,-159.38936948776245,449.3810489177704,147.05955505371094,227.83883929252625,-232.91914701461792,335.46162927150726,-0.42562350630760193,0.46154627005259197,-0.22137412428855896,0.9362105185786883,0.20424938201904297,0.47466424852609634,-0.32349881529808044,0.6988783943156401,1.5492964004230265,159.38936948776245
image_581,../data/train_data/train_data/image_581.png,1,left,-183.31774234771729,217.31762313842773,-133.56019020080566,415.59984588623047,49.75755214691162,198.28222274780273,-158.43896627426147,316.4587345123291,-0.2546079754829407,0.4527450482050578,-0.18550026416778564,0.8658330122629802,0.06910771131515503,0.41308796405792236,-0.22005411982536316,0.659289030234019,3.98496739072623,133.56019020080566
image_582,../data/train_data/train_data/image_582.png,0,right,816.2034130096436,228.08977508544922,901.0292816162109,364.72641611099243,84.82586860656738,136.6366410255432,858.6163473129272,296.4080955982208,1.1336158514022827,0.4751870314280192,1.251429557800293,0.7598467002312342,0.11781370639801025,0.284659668803215,1.1925227046012878,0.6175168658296267,1.610789765788081,96.20341300964355
image_583,../data/train_data/train_data/image_583.png,1,left,-247.79285430908203,222.08929443359375,-138.47435116767883,406.0554804801941,109.3185031414032,183.96618604660034,-193.13360273838043,314.0723874568939,-0.34415674209594727,0.462686030069987,-0.19232548773288727,0.845948917667071,0.15183125436306,0.38326288759708405,-0.26824111491441727,0.654317473868529,1.6828458198758958,138.47435116767883
image_584,../data/train_data/train_data/image_584.png,0,left,-278.777174949646,214.8769702911377,-186.12303256988525,457.236021399498,92.65414237976074,242.3590511083603,-232.45010375976562,336.05649584531784,-0.3871905207633972,0.44766035477320354,-0.2585042119026184,0.9525750445822875,0.1286863088607788,0.5049146898090839,-0.3228473663330078,0.7001176996777455,2.6157389716587662,186.12303256988525
image_585,../data/train_data/train_data/image_585.png,1,left,-223.1270670890808,225.13322257995605,-115.32360434532166,399.67360401153564,107.80346274375916,174.5403814315796,-169.22533571720123,312.40341329574585,-0.30989870429039,0.4690275470415751,-0.16017167270183563,0.8326533416906993,0.14972703158855438,0.36362579464912415,-0.23503518849611282,0.6508404443661372,1.6190609929334936,115.32360434532166
image_586,../data/train_data/train_data/image_586.png,1,right,833.8465118408203,215.33667945861816,885.4591655731201,430.02684020996094,51.612653732299805,214.69016075134277,859.6528387069702,322.68175983428955,1.1581201553344727,0.4486180822054545,1.2298043966293335,0.8958892504374186,0.07168424129486084,0.4472711682319641,1.193962275981903,0.6722536663214366,4.159641972003217,113.84651184082031
image_587,../data/train_data/train_data/image_587.png,0,right,820.3717803955078,227.29641342163086,895.6791114807129,368.0171432495117,75.30733108520508,140.72072982788086,858.0254459381104,297.6567783355713,1.1394052505493164,0.47353419462839763,1.2439987659454346,0.7667023817698161,0.10459351539611816,0.29316818714141846,1.1917020082473755,0.6201182881991069,1.8686192672087265,100.37178039550781
image_588,../data/train_data/train_data/image_588.png,1,right,859.5621585845947,214.58737754821777,918.6908340454102,439.97641229629517,59.12867546081543,225.3890347480774,889.1264963150024,327.28189492225647,1.1938363313674927,0.44705703655878704,1.2759594917297363,0.9166175256172816,0.08212316036224365,0.46956048905849457,1.2348979115486145,0.6818372810880343,3.8118397375135302,139.56215858459473
image_59,../data/train_data/train_data/image_59.png,1,right,819.3152046203613,221.4899387359619,878.0704307556152,391.05816984176636,58.755226135253906,169.56823110580444,848.6928176879883,306.27405428886414,1.1379377841949463,0.46143737236658733,1.2195422649383545,0.8147045205036799,0.0816044807434082,0.3532671481370926,1.1787400245666504,0.6380709464351336,2.886011036966485,99.31520462036133
image_590,../data/train_data/train_data/image_590.png,1,left,-288.47728729248047,222.61434936523438,-149.25281882286072,435.3954532146454,139.22446846961975,212.781103849411,-218.8650530576706,329.0049012899399,-0.400662899017334,0.46377989451090496,-0.20729558169841766,0.9070738608638446,0.19336731731891632,0.4432939663529396,-0.3039792403578758,0.6854268776873748,1.528331235079142,149.25281882286072
image_591,../data/train_data/train_data/image_591.png,1,right,831.7767906188965,223.41786766052246,964.2545700073242,427.51763010025024,132.47777938842773,204.09976243972778,898.0156803131104,325.46774888038635,1.1552455425262451,0.4654538909594218,1.3392424583435059,0.8906617293755213,0.18399691581726074,0.42520783841609955,1.2472440004348755,0.6780578101674716,1.5406339340977542,111.77679061889648
image_592,../data/train_data/train_data/image_592.png,0,left,-346.95714712142944,219.38162231445312,-203.56526613235474,446.5168216228485,143.3918809890747,227.13519930839539,-275.2612066268921,332.9492219686508,-0.4818849265575409,0.457045046488444,-0.28272953629493713,0.9302433783809344,0.19915539026260376,0.4731983318924904,-0.382307231426239,0.6936442124346892,1.584017154539602,203.56526613235474
image_593,../data/train_data/train_data/image_593.png,0,left,-305.6418800354004,217.3865737915039,-200.95539093017578,438.14146304130554,104.68648910522461,220.75488924980164,-253.2986354827881,327.7640184164047,-0.4245026111602783,0.4528886953989665,-0.27910470962524414,0.9127947146693866,0.14539790153503418,0.4599060192704201,-0.35180366039276123,0.6828417050341765,2.108723782186563,200.95539093017578
image_594,../data/train_data/train_data/image_594.png,0,left,-229.24608707427979,221.84296035766602,-144.17338013648987,391.554292678833,85.07270693778992,169.711332321167,-186.70973360538483,306.6986265182495,-0.3183973431587219,0.4621728340784709,-0.20024080574512482,0.8157381097475688,0.1181565374135971,0.3535652756690979,-0.25931907445192337,0.6389554719130198,1.994897522718652,144.17338013648987
image_596,../data/train_data/train_data/image_596.png,1,left,-166.87125205993652,223.89468574523926,-128.5492765903473,358.16908740997314,38.32197546958923,134.2744016647339,-147.7102643251419,291.0318865776062,-0.23176562786102295,0.46644726196924846,-0.1785406619310379,0.7461855987707774,0.053224965929985046,0.27973833680152893,-0.20515314489603043,0.6063164303700129,3.5038486408741796,128.5492765903473
image_597,../data/train_data/train_data/image_597.png,0,left,-157.42002725601196,225.61556243896484,-112.2888457775116,360.2266778945923,45.131181478500366,134.61111545562744,-134.85443651676178,292.92112016677856,-0.21863892674446106,0.47003242174784343,-0.15595673024654388,0.7504722456137339,0.06268219649791718,0.2804398238658905,-0.18729782849550247,0.6102523336807887,2.98266322852092,112.2888457775116
image_598,../data/train_data/train_data/image_598.png,0,right,835.2719020843506,223.41532135009766,870.8341312408447,365.883864402771,35.56222915649414,142.46854305267334,853.0530166625977,294.6495928764343,1.1600998640060425,0.4654485861460368,1.2094918489456177,0.7622580508391062,0.049391984939575195,0.29680946469306946,1.18479585647583,0.6138533184925715,4.006175834077506,115.27190208435059
image_599,../data/train_data/train_data/image_599.png,0,left,-232.1688151359558,225.29990577697754,-124.60951924324036,394.6836724281311,107.55929589271545,169.38376665115356,-178.38916718959808,309.9917891025543,-0.3224566876888275,0.46937480370203655,-0.17306877672672272,0.8222576508919398,0.1493879109621048,0.35288284718990326,-0.24776273220777512,0.6458162272969882,1.5747943052742244,124.60951924324036
image_60,../data/train_data/train_data/image_60.png,0,right,807.258996963501,227.0856704711914,869.5821189880371,350.3280963897705,62.32312202453613,123.2424259185791,838.420557975769,288.70688343048096,1.1211930513381958,0.4730951468149821,1.2077529430389404,0.7298502008120219,0.08655989170074463,0.2567550539970398,1.1644729971885681,0.601472673813502,1.977475163552614,87.25899696350098
image_600,../data/train_data/train_data/image_600.png,1,right,870.9654521942139,216.15458869934082,926.1059188842773,427.2634711265564,55.14046669006348,211.10888242721558,898.5356855392456,321.7090299129486,1.2096742391586304,0.4503220597902934,1.2862582206726074,0.8901322315136592,0.07658398151397705,0.4398101717233658,1.247966229915619,0.6702271456519763,3.828565391254808,150.96545219421387
image_601,../data/train_data/train_data/image_601.png,0,right,801.4013957977295,227.35463523864746,870.019941329956,361.189998626709,68.61854553222656,133.83536338806152,835.7106685638428,294.2723169326782,1.1130574941635132,0.47365549008051555,1.208361029624939,0.7524791638056437,0.09530353546142578,0.2788236737251282,1.160709261894226,0.6130673269430796,1.9504255351085227,81.40139579772949
image_602,../data/train_data/train_data/image_602.png,1,left,-162.1121120452881,225.05586051940918,-129.25387144088745,355.3134431838989,32.858240604400635,130.25758266448975,-145.68299174308777,290.18465185165405,-0.22515571117401123,0.46886637608210247,-0.17951926589012146,0.7402363399664561,0.04563644528388977,0.27136996388435364,-0.20233748853206635,0.6045513580242793,3.9642287678374544,129.25387144088745
image_604,../data/train_data/train_data/image_604.png,0,right,813.0737686157227,227.77068519592285,909.9001407623291,375.78905487060547,96.82637214660645,148.01836967468262,861.4869546890259,301.77987003326416,1.1292691230773926,0.4745222608248393,1.2637501955032349,0.7828938643137614,0.13448107242584229,0.3083716034889221,1.1965096592903137,0.6287080625693003,1.5286989111867737,93.07376861572266
image_606,../data/train_data/train_data/image_606.png,0,right,883.2357215881348,220.30109786987305,925.9722805023193,394.2065181732178,42.73655891418457,173.90542030334473,904.604001045227,307.2538080215454,1.2267162799835205,0.4589606205622355,1.2860726118087769,0.821263579527537,0.05935633182525635,0.3623029589653015,1.2563944458961487,0.6401121000448863,4.069242464105463,163.23572158813477
image_608,../data/train_data/train_data/image_608.png,1,left,-329.38084602355957,222.3791732788086,-205.23192644119263,438.4533181190491,124.14891958236694,216.07414484024048,-267.3063862323761,330.41624569892883,-0.45747339725494385,0.46328994433085124,-0.2850443422794342,0.9134444127480189,0.17242905497550964,0.45015446841716766,-0.371258869767189,0.6883671785394351,1.7404432158339123,205.23192644119263
image_609,../data/train_data/train_data/image_609.png,0,right,831.516637802124,226.65817642211914,908.9943695068359,373.62544202804565,77.47773170471191,146.9672656059265,870.25550365448,300.1418092250824,1.1548842191696167,0.4722045342127482,1.2624921798706055,0.7783863375584285,0.10760796070098877,0.30618180334568024,1.208688199520111,0.6252954358855883,1.8968968550351675,111.51663780212402
image_61,../data/train_data/train_data/image_61.png,1,right,824.3944072723389,221.19322204589844,966.2912464141846,443.7999656200409,141.8968391418457,222.60674357414246,895.3428268432617,332.49659383296967,1.1449922323226929,0.46081921259562175,1.3420711755752563,0.9245832617084185,0.19707894325256348,0.4637640491127968,1.2435317039489746,0.6927012371520201,1.568792828088411,104.39440727233887
image_610,../data/train_data/train_data/image_610.png,0,left,-226.393461227417,223.29238319396973,-132.8521728515625,410.12738132476807,93.54128837585449,186.83499813079834,-179.62281703948975,316.7098822593689,-0.31443536281585693,0.46519246498743694,-0.18451690673828125,0.8544320444266001,0.12991845607757568,0.3892395794391632,-0.2494761347770691,0.6598122547070185,1.9973532690728413,132.8521728515625
image_611,../data/train_data/train_data/image_611.png,0,right,857.9009914398193,223.3599033355713,961.7456531524658,394.8585810661316,103.84466171264648,171.4986777305603,909.8233222961426,309.10924220085144,1.1915291547775269,0.46533313194910686,1.335757851600647,0.8226220438877742,0.14422869682312012,0.3572889119386673,1.263643503189087,0.6439775879184405,1.6514924783049751,137.90099143981934
image_613,../data/train_data/train_data/image_613.png,1,right,792.3587894439697,216.40936279296875,928.714485168457,453.3137288093567,136.3556957244873,236.90436601638794,860.5366373062134,334.8615458011627,1.1004983186721802,0.45085283915201824,1.2898812294006348,0.9444036016861598,0.1893829107284546,0.49355076253414154,1.1951897740364075,0.697628220419089,1.7373998552657723,72.35878944396973
image_614,../data/train_data/train_data/image_614.png,1,right,783.554277420044,227.21762084960938,882.312183380127,380.08794927597046,98.75790596008301,152.87032842636108,832.9332304000854,303.6527850627899,1.088269829750061,0.4733700434366862,1.225433588027954,0.7918498943249385,0.13716375827789307,0.31847985088825226,1.1568517088890076,0.6326099688808123,1.5479300309197503,63.554277420043945
image_615,../data/train_data/train_data/image_615.png,1,right,849.1696929931641,213.48473930358887,925.5581474304199,455.6730946302414,76.38845443725586,242.18835532665253,887.363920211792,334.57891696691513,1.1794023513793945,0.4447598735491435,1.2854974269866943,0.9493189471463362,0.1060950756072998,0.5045590735971928,1.2324498891830444,0.6970394103477399,3.1704837741622565,129.16969299316406
image_616,../data/train_data/train_data/image_616.png,0,left,-208.7034773826599,224.4017162322998,-144.4136095046997,378.7344923019409,64.2898678779602,154.3327760696411,-176.5585434436798,301.56810426712036,-0.2898659408092499,0.46750357548395793,-0.20057445764541626,0.7890301922957103,0.08929148316383362,0.3215266168117523,-0.24522019922733307,0.6282668838898341,2.4005769674718733,144.4136095046997
image_617,../data/train_data/train_data/image_617.png,0,right,842.944221496582,217.99754524230957,918.145809173584,417.90618085861206,75.20158767700195,199.9086356163025,880.545015335083,317.9518630504608,1.1707558631896973,0.45416155258814495,1.2752025127410889,0.8706378767887751,0.1044466495513916,0.4164763242006302,1.222979187965393,0.66239971468846,2.6583033921428534,122.94422149658203
image_618,../data/train_data/train_data/image_618.png,1,left,-215.2195930480957,227.09210777282715,-123.19649934768677,377.3733105659485,92.02309370040894,150.28120279312134,-169.20804619789124,302.2327091693878,-0.2989161014556885,0.47310855786005657,-0.1711062490940094,0.7861943970123927,0.12780985236167908,0.3130858391523361,-0.23501117527484894,0.6296514774362246,1.6330814010924033,123.19649934768677
image_619,../data/train_data/train_data/image_619.png,0,left,-139.61514830589294,225.8112850189209,-105.0702702999115,347.38390350341797,34.544878005981445,121.57261848449707,-122.34270930290222,286.59759426116943,-0.1939099282026291,0.4704401771227519,-0.1459309309720993,0.7237164656321208,0.047978997230529785,0.2532762885093689,-0.1699204295873642,0.5970783213774363,3.519266111272611,105.0702702999115
image_62,../data/train_data/train_data/image_62.png,1,left,-261.99201822280884,216.3275089263916,-165.99805355072021,439.772020816803,95.99396467208862,223.44451189041138,-213.99503588676453,328.0497648715973,-0.3638778030872345,0.45068231026331584,-0.23055285215377808,0.9161917100350062,0.13332495093345642,0.46550939977169037,-0.2972153276205063,0.683437010149161,2.3276933362809684,165.99805355072021
image_620,../data/train_data/train_data/image_620.png,1,left,-215.11178970336914,223.39380645751953,-92.23974108695984,412.1718039512634,122.8720486164093,188.7779974937439,-153.6757653951645,317.7828052043915,-0.2987663745880127,0.4654037634531657,-0.12811075150966644,0.8586912582317988,0.17065562307834625,0.3932874947786331,-0.21343856304883957,0.6620475108424823,1.536378693278603,92.23974108695984
image_622,../data/train_data/train_data/image_622.png,1,right,814.7031784057617,228.31201934814453,909.3903923034668,373.5400619506836,94.68721389770508,145.22804260253906,862.0467853546143,300.92604064941406,1.1315321922302246,0.47565004030863445,1.2630422115325928,0.7782084623972575,0.13151001930236816,0.30255842208862305,1.1972872018814087,0.626929251352946,1.533766140372823,94.70317840576172
image_623,../data/train_data/train_data/image_623.png,0,left,-262.68407106399536,216.94371604919434,-149.25086617469788,443.4061493873596,113.43320488929749,226.46243333816528,-205.96746861934662,330.174932718277,-0.36483898758888245,0.4519660751024882,-0.20729286968708038,0.9237628112236659,0.15754611790180206,0.4717967361211777,-0.2860659286379814,0.687864443163077,1.9964386403361878,149.25086617469788
image_624,../data/train_data/train_data/image_624.png,1,left,-242.8485131263733,224.12210845947266,-133.28696966171265,399.8864998817444,109.56154346466064,175.76439142227173,-188.06774139404297,312.0043041706085,-0.33728960156440735,0.46692105929056804,-0.18512079119682312,0.8330968747536341,0.15216881036758423,0.3661758154630661,-0.26120519638061523,0.6500089670221011,1.604252604190128,133.28696966171265
image_626,../data/train_data/train_data/image_626.png,0,left,-150.20236372947693,224.10594367980957,-116.55662655830383,360.11462593078613,33.645737171173096,136.00868225097656,-133.37949514389038,292.11028480529785,-0.20861439406871796,0.46688738266626995,-0.16188420355319977,0.7502388040224711,0.04673019051551819,0.28335142135620117,-0.18524929881095886,0.6085630933443705,4.042374864876068,116.55662655830383
image_627,../data/train_data/train_data/image_627.png,0,right,849.3121719360352,222.39038848876953,920.9323883056641,386.0292139053345,71.6202163696289,163.63882541656494,885.1222801208496,304.209801197052,1.1796002388000488,0.4633133093516032,1.2790727615356445,0.8042275289694468,0.0994725227355957,0.34091421961784363,1.2293365001678467,0.633770419160525,2.2848133349951345,129.31217193603516
image_628,../data/train_data/train_data/image_628.png,0,right,864.3835258483887,223.01246070861816,937.831506729126,382.5876750946045,73.4479808807373,159.57521438598633,901.1075162887573,302.8000679016113,1.2005326747894287,0.4646092931429545,1.3025437593460083,0.7970576564470927,0.10201108455657959,0.3324483633041382,1.2515382170677185,0.6308334747950236,2.1726290154265766,144.38352584838867
image_629,../data/train_data/train_data/image_629.png,1,right,822.2737884521484,225.11794471740723,911.8945026397705,395.7677140235901,89.62071418762207,170.64976930618286,867.0841455459595,310.44282937049866,1.1420469284057617,0.46899571816126506,1.2665201425552368,0.8245160708824794,0.1244732141494751,0.3555203527212143,1.2042835354804993,0.6467558945218722,1.904133110889135,102.27378845214844
image_63,../data/train_data/train_data/image_63.png,0,right,808.6797523498535,224.17489433288574,928.1015682220459,413.3916654586792,119.42181587219238,189.21677112579346,868.3906602859497,318.78327989578247,1.1231663227081299,0.46703102986017864,1.2890299558639526,0.8612326363722483,0.16586363315582275,0.3942016065120697,1.2060981392860413,0.6641318331162135,1.5844405793351612,88.67975234985352
image_634,../data/train_data/train_data/image_634.png,1,left,-258.5486841201782,223.12796020507812,-155.513277053833,410.4743947982788,103.03540706634521,187.34643459320068,-207.03098058700562,316.80117750167847,-0.35909539461135864,0.46484991709391277,-0.21599066257476807,0.8551549891630809,0.14310473203659058,0.3903050720691681,-0.28754302859306335,0.6600024531284968,1.8182723776940777,155.513277053833
image_636,../data/train_data/train_data/image_636.png,1,right,865.528678894043,214.85156440734863,915.7023811340332,435.0438549518585,50.173702239990234,220.1922905445099,890.6155300140381,324.9477096796036,1.2021231651306152,0.447607425848643,1.2718088626861572,0.9063413644830386,0.06968569755554199,0.4587339386343956,1.2369660139083862,0.6769743951658408,4.388599619204675,145.52867889404297
image_637,../data/train_data/train_data/image_637.png,1,left,-226.58879041671753,220.2909698486328,-157.14515447616577,411.0488452911377,69.44363594055176,190.75787544250488,-191.86697244644165,315.66990756988525,-0.3147066533565521,0.45893952051798503,-0.21825715899467468,0.8563517610232035,0.09644949436187744,0.3974122405052185,-0.2664819061756134,0.6576456407705943,2.74694538756303,157.14515447616577
image_638,../data/train_data/train_data/image_638.png,1,right,869.4731140136719,218.3639850616455,954.2446517944336,434.41703701019287,84.77153778076172,216.05305194854736,911.8588829040527,326.3905110359192,1.207601547241211,0.45492496887842815,1.3253397941589355,0.9050354937712352,0.11773824691772461,0.450110524892807,1.2664706707000732,0.6799802313248317,2.548650851507604,149.47311401367188
image_639,../data/train_data/train_data/image_639.png,0,right,802.2222805023193,228.01189804077148,887.6353168487549,361.5105619430542,85.41303634643555,133.49866390228271,844.9287986755371,294.76122999191284,1.1141976118087769,0.4750247875849406,1.232826828956604,0.7531470040480296,0.11862921714782715,0.278122216463089,1.1735122203826904,0.6140858958164851,1.5629776157448814,82.22228050231934
image_640,../data/train_data/train_data/image_640.png,1,right,825.9775543212891,224.7917022705078,936.8462562561035,399.8365035057068,110.86870193481445,175.04480123519897,881.4119052886963,312.3141028881073,1.147191047668457,0.4683160463968913,1.3011753559112549,0.8329927156368891,0.15398430824279785,0.36467666923999786,1.224183201789856,0.6506543810168902,1.5788477557725626,105.97755432128906
image_641,../data/train_data/train_data/image_641.png,1,right,854.6581363677979,220.9589900970459,994.8300361633301,447.0329358577728,140.17189979553223,226.07394576072693,924.744086265564,333.99596297740936,1.1870251893997192,0.46033122936884563,1.3817083835601807,0.9313186163703601,0.19468319416046143,0.47098738700151443,1.28436678647995,0.6958249228696028,1.6128335714255098,134.65813636779785
image_642,../data/train_data/train_data/image_642.png,1,right,890.6801605224609,215.1709690093994,944.3297481536865,433.7203743457794,53.649587631225586,218.54940533638,917.5049543380737,324.4456716775894,1.237055778503418,0.44827285210291545,1.311569094657898,0.9035841132203738,0.07451331615447998,0.45531126111745834,1.274312436580658,0.6759284826616446,4.0736455765258865,170.68016052246094
image_643,../data/train_data/train_data/image_643.png,1,right,834.9408531188965,216.0950222015381,936.6943359375,455.8438905477524,101.75348281860352,239.7488683462143,885.8175945281982,335.96945637464523,1.1596400737762451,0.450197962919871,1.30096435546875,0.9496747719744841,0.14132428169250488,0.4994768090546131,1.2303022146224976,0.6999363674471776,2.3561735844817804,114.94085311889648
image_644,../data/train_data/train_data/image_644.png,1,right,855.2913093566895,213.29759979248047,917.3717880249023,448.5672595500946,62.08047866821289,235.26965975761414,886.3315486907959,330.93242967128754,1.1879045963287354,0.44436999956766765,1.27412748336792,0.9345151240626971,0.08622288703918457,0.49014512449502945,1.2310160398483276,0.6894425618151824,3.7897526695147636,135.29130935668945
image_645,../data/train_data/train_data/image_645.png,1,left,-252.23156690597534,225.08781814575195,-133.32390904426575,408.125452041626,118.9076578617096,183.03763389587402,-192.77773797512054,316.60663509368896,-0.35032162070274353,0.4689329544703166,-0.18517209589481354,0.8502613584200541,0.16514952480793,0.38132840394973755,-0.26774685829877853,0.6595971564451854,1.5393258700692602,133.32390904426575
image_646,../data/train_data/train_data/image_646.png,1,left,-212.06331968307495,217.02001953125,-162.3457646369934,424.2526342868805,49.71755504608154,207.2326147556305,-187.20454216003418,320.63632690906525,-0.2945323884487152,0.4521250406901042,-0.22548022866249084,0.8838596547643344,0.06905215978622437,0.4317346140742302,-0.260006308555603,0.6679923477272193,4.1681980250950295,162.3457646369934
image_647,../data/train_data/train_data/image_647.png,0,left,-240.58419227600098,218.83585357666016,-176.54567956924438,408.5242142677307,64.03851270675659,189.68836069107056,-208.56493592262268,313.68003392219543,-0.3341447114944458,0.45590802828470867,-0.24520233273506165,0.8510921130577723,0.08894237875938416,0.39518408477306366,-0.2896735221147537,0.6535000706712405,2.9620981605192225,176.54567956924438
image_648,../data/train_data/train_data/image_648.png,0,right,830.5211734771729,228.31962966918945,918.8097953796387,365.58233404159546,88.28862190246582,137.262704372406,874.6654844284058,296.95098185539246,1.1535016298294067,0.4756658951441447,1.2761247158050537,0.7616298625866572,0.12262308597564697,0.2859639674425125,1.2148131728172302,0.618647878865401,1.5547043482459475,110.52117347717285
image_649,../data/train_data/train_data/image_649.png,0,right,874.8021697998047,221.95428276062012,972.6154232025146,400.68344497680664,97.81325340270996,178.72916221618652,923.7087965011597,311.3188638687134,1.2150030136108398,0.4624047557512919,1.350854754447937,0.8347571770350138,0.13585174083709717,0.3723524212837219,1.2829288840293884,0.6485809663931529,1.8272489258723987,154.8021697998047
image_65,../data/train_data/train_data/image_65.png,0,left,-191.71518087387085,228.09778594970703,-101.5165364742279,365.55961751937866,90.19864439964294,137.46183156967163,-146.61585867404938,296.82870173454285,-0.26627108454704285,0.4752037207285563,-0.14099518954753876,0.7615825364987056,0.1252758949995041,0.28637881577014923,-0.2036331370472908,0.6183931286136309,1.5239899943575623,101.5165364742279
image_650,../data/train_data/train_data/image_650.png,0,left,-173.2244074344635,225.60846710205078,-125.05457282066345,357.40848445892334,48.16983461380005,131.80001735687256,-149.13949012756348,291.50847578048706,-0.2405894547700882,0.47001763979593914,-0.1736869066953659,0.7446010092894236,0.06690254807472229,0.2745833694934845,-0.20713818073272705,0.6073093245426814,2.7361525820791073,125.05457282066345
image_651,../data/train_data/train_data/image_651.png,1,left,-203.24726343154907,223.547700881958,-144.63287472724915,378.4208240509033,58.61438870429993,154.8731231689453,-173.9400690793991,300.98426246643066,-0.2822878658771515,0.4657243768374125,-0.20087899267673492,0.7883767167727153,0.08140887320041656,0.32265233993530273,-0.2415834292769432,0.6270505468050639,2.6422372832420904,144.63287472724915
image_652,../data/train_data/train_data/image_652.png,1,left,-166.96629881858826,224.20264625549316,-98.76749753952026,372.77468824386597,68.198801279068,148.5720419883728,-132.86689817905426,298.48866724967957,-0.23189763724803925,0.46708884636561077,-0.13717707991600037,0.7766139338413874,0.09472055733203888,0.3095250874757767,-0.1845373585820198,0.6218513901034991,2.1785139797460555,98.76749753952026
image_653,../data/train_data/train_data/image_653.png,0,right,821.5662002563477,222.2450771331787,878.1313705444336,385.0320258140564,56.56517028808594,162.78694868087769,849.8487854003906,303.63855147361755,1.141064167022705,0.463010577360789,1.2196269035339355,0.8021500537792842,0.07856273651123047,0.3391394764184952,1.1803455352783203,0.6325803155700366,2.877865440019099,101.56620025634766
image_654,../data/train_data/train_data/image_654.png,1,left,-206.67353868484497,228.78557586669922,-117.98713445663452,366.46710538864136,88.68640422821045,137.68152952194214,-162.33033657073975,297.6263406276703,-0.2870465815067291,0.4766366163889567,-0.16387102007865906,0.7634731362263362,0.12317556142807007,0.28683651983737946,-0.2254588007926941,0.6200548763076464,1.5524536226280636,117.98713445663452
image_655,../data/train_data/train_data/image_655.png,0,right,802.4439811706543,225.7899990081787,915.03830909729,400.91216230392456,112.59432792663574,175.12216329574585,858.7411451339722,313.35108065605164,1.1145055294036865,0.470395831267039,1.2708865404129028,0.8352336714665095,0.1563810110092163,0.3648378401994705,1.1926960349082947,0.6528147513667742,1.5553373470984437,82.4439811706543
image_656,../data/train_data/train_data/image_656.png,1,right,823.0090141296387,226.9966926574707,916.0723114013672,373.6355628967285,93.06329727172852,146.6388702392578,869.5406627655029,300.3161277770996,1.1430680751800537,0.47290977636973064,1.272322654724121,0.7784074227015177,0.12925457954406738,0.3054976463317871,1.2076953649520874,0.6256585995356242,1.5756896063020207,103.00901412963867
image_657,../data/train_data/train_data/image_657.png,0,left,-299.6357488632202,219.72643280029297,-201.45632028579712,419.7416236400604,98.1794285774231,200.01519083976746,-250.54603457450867,319.7340282201767,-0.4161607623100281,0.457763401667277,-0.2798004448413849,0.8744617159167926,0.1363603174686432,0.41669831424951553,-0.3479806035757065,0.6661125587920348,2.0372413420805144,201.45632028579712
image_658,../data/train_data/train_data/image_658.png,1,right,825.6653022766113,220.8882656097412,946.144208908081,423.26281690597534,120.47890663146973,202.37455129623413,885.9047555923462,322.0755412578583,1.1467573642730713,0.46018388668696086,1.3140891790390015,0.881797535220782,0.16733181476593018,0.4216136485338211,1.2304232716560364,0.6709907109538714,1.679750895443243,105.66530227661133
image_659,../data/train_data/train_data/image_659.png,1,right,846.6158866882324,221.81492233276367,881.7117118835449,387.89989376068115,35.0958251953125,166.08497142791748,864.1637992858887,304.8574080467224,1.1758553981781006,0.462114421526591,1.2245995998382568,0.8081247786680857,0.04874420166015625,0.34601035714149475,1.2002274990081787,0.6351196000973384,4.732328432331611,126.61588668823242
image_66,../data/train_data/train_data/image_66.png,0,left,-202.49251127243042,219.9841823577881,-155.0467014312744,396.28543758392334,47.445809841156006,176.30125522613525,-178.76960635185242,308.1348099708557,-0.2812395989894867,0.4583003799120585,-0.21534264087677002,0.8255946616331736,0.06589695811271667,0.3672942817211151,-0.24829111993312836,0.6419475207726161,3.715844577558584,155.0467014312744
image_660,../data/train_data/train_data/image_660.png,1,left,-246.57920837402344,222.54883193969727,-165.9339165687561,400.14919900894165,80.64529180526733,177.60036706924438,-206.25656247138977,311.34901547431946,-0.3424711227416992,0.4636433998743693,-0.23046377301216125,0.8336441646019618,0.11200734972953796,0.37000076472759247,-0.28646744787693024,0.6486437822381655,2.202240987584156,165.9339165687561
image_661,../data/train_data/train_data/image_661.png,1,left,-200.04642248153687,221.43967056274414,-162.20476627349854,381.3426151275635,37.84165620803833,159.90294456481934,-181.1255943775177,301.3911428451538,-0.277842253446579,0.46133264700571697,-0.2252843976020813,0.7944637815157573,0.05255785584449768,0.3331311345100403,-0.25156332552433014,0.6278982142607371,4.225579971598937,162.20476627349854
image_663,../data/train_data/train_data/image_663.png,1,left,-182.80966758728027,222.25237274169922,-148.74907851219177,377.0554437637329,34.0605890750885,154.8030710220337,-165.77937304973602,299.65390825271606,-0.2539023160934448,0.4630257765452067,-0.20659594237804413,0.7855321745077769,0.047306373715400696,0.3225063979625702,-0.23024912923574448,0.6242789755264918,4.544932287599652,148.74907851219177
image_664,../data/train_data/train_data/image_664.png,0,right,852.7197360992432,224.61351776123047,929.3174457550049,384.3459596633911,76.59770965576172,159.73244190216064,891.018590927124,304.4797387123108,1.1843329668045044,0.46794482866923015,1.290718674659729,0.8007207492987315,0.10638570785522461,0.33277592062950134,1.2375258207321167,0.6343327889839808,2.0853422722430643,132.71973609924316
image_665,../data/train_data/train_data/image_665.png,1,left,-161.0467493534088,227.09825897216797,-92.05816626548767,350.2791872024536,68.98858308792114,123.18092823028564,-126.55245780944824,288.6887230873108,-0.22367604076862335,0.4731213728586833,-0.12785856425762177,0.7297483066717784,0.09581747651100159,0.2566269338130951,-0.17576730251312256,0.6014348397652308,1.785526281548646,92.05816626548767
image_666,../data/train_data/train_data/image_666.png,1,right,852.2403717041016,224.47369956970215,954.2891120910645,401.3171901702881,102.04874038696289,176.84349060058594,903.264741897583,312.8954448699951,1.1836671829223633,0.4676535407702128,1.3254015445709229,0.8360774795214335,0.14173436164855957,0.3684239387512207,1.254534363746643,0.6518655101458232,1.73293163570668,132.24037170410156
image_667,../data/train_data/train_data/image_667.png,0,left,-192.74778842926025,223.20103073120117,-159.94628190994263,367.4769320487976,32.80150651931763,144.27590131759644,-176.34703516960144,295.3389813899994,-0.2677052617073059,0.4650021473566691,-0.2221476137638092,0.7655769417683284,0.045557647943496704,0.30057479441165924,-0.24492643773555756,0.6152895445624987,4.398453504951937,159.94628190994263
image_669,../data/train_data/train_data/image_669.png,0,left,-180.26515245437622,227.72851371765137,-90.76807737350464,372.3046865463257,89.49707508087158,144.57617282867432,-135.51661491394043,300.0166001319885,-0.25036826729774475,0.47443440357844036,-0.12606677412986755,0.7756347636381785,0.1243014931678772,0.30120036005973816,-0.18821752071380615,0.6250345836083094,1.6154290260104256,90.76807737350464
image_67,../data/train_data/train_data/image_67.png,0,right,840.5161571502686,224.98467826843262,880.0938034057617,356.0771360397339,39.577646255493164,131.09245777130127,860.3049802780151,290.53090715408325,1.1673835515975952,0.4687180797259013,1.2223525047302246,0.7418273667494456,0.054968953132629395,0.2731092870235443,1.19486802816391,0.6052727232376734,3.3122853472648424,120.51615715026855
image_670,../data/train_data/train_data/image_670.png,0,right,859.3629455566406,224.0761318206787,930.011043548584,385.4722156524658,70.64809799194336,161.3960838317871,894.6869945526123,304.77417373657227,1.1935596466064453,0.466825274626414,1.2916820049285889,0.8030671159426371,0.09812235832214355,0.33624184131622314,1.242620825767517,0.6349461952845256,2.2845071335139493,139.36294555664062
image_671,../data/train_data/train_data/image_671.png,0,left,-304.2161464691162,221.0893383026123,-191.09213590621948,420.18378043174744,113.12401056289673,199.09444212913513,-247.65414118766785,320.63655936717987,-0.4225224256515503,0.4606027881304423,-0.2654057443141937,0.8753828758994738,0.15711668133735657,0.4147800877690315,-0.343964084982872,0.6679928320149581,1.7599662630281219,191.09213590621948
image_672,../data/train_data/train_data/image_672.png,1,right,821.7000102996826,228.48368072509766,912.6135063171387,373.1947865486145,90.91349601745605,144.71110582351685,867.1567583084106,300.8392336368561,1.1412500143051147,0.4760076681772868,1.2675187587738037,0.7774891386429469,0.12626874446868896,0.3014814704656601,1.2043843865394592,0.6267484034101168,1.5917450341556687,101.70001029968262
image_673,../data/train_data/train_data/image_673.png,0,right,825.5389595031738,225.38201713562012,883.324728012085,360.07120275497437,57.78576850891113,134.68918561935425,854.4318437576294,292.72660994529724,1.1465818881988525,0.4695458690325419,1.2268399000167847,0.7501483390728633,0.08025801181793213,0.28060247004032135,1.1867108941078186,0.6098471040527026,2.3308366245675844,105.53895950317383
image_674,../data/train_data/train_data/image_674.png,1,right,794.6622276306152,226.48943328857422,840.6514263153076,346.0844268798828,45.98919868469238,119.5949935913086,817.6568269729614,286.2869300842285,1.1036975383758545,0.47185298601786296,1.1675714254379272,0.7210092226664225,0.06387388706207275,0.24915623664855957,1.1356344819068909,0.5964311043421427,2.600501791980909,74.66222763061523
image_675,../data/train_data/train_data/image_675.png,0,right,795.4966735839844,227.35037231445312,890.0162601470947,376.6861357688904,94.51958656311035,149.33576345443726,842.7564668655396,302.01825404167175,1.1048564910888672,0.473646608988444,1.2361336946487427,0.784762782851855,0.1312772035598755,0.31111617386341095,1.170495092868805,0.6292046959201495,1.5799451614690079,75.49667358398438
image_676,../data/train_data/train_data/image_676.png,0,left,-192.16506242752075,226.75196075439453,-108.24631690979004,380.65857315063477,83.91874551773071,153.90661239624023,-150.2056896686554,303.70526695251465,-0.26689592003822327,0.47239991823832195,-0.15034210681915283,0.7930386940638224,0.11655381321907043,0.3206387758255005,-0.20861901342868805,0.6327193061510722,1.8339956281129368,108.24631690979004
image_677,../data/train_data/train_data/image_677.png,0,left,-148.21417093276978,229.1712417602539,-90.94604730606079,345.6696071624756,57.268123626708984,116.49836540222168,-119.58010911941528,287.42042446136475,-0.20585301518440247,0.477440087000529,-0.1263139545917511,0.7201450149218241,0.07953906059265137,0.24270492792129517,-0.16608348488807678,0.5987925509611766,2.034261959787497,90.94604730606079
image_678,../data/train_data/train_data/image_678.png,1,right,828.6892032623291,214.22265434265137,903.4906482696533,447.589791059494,74.80144500732422,233.36713671684265,866.0899257659912,330.9062227010727,1.1509572267532349,0.44629719654719036,1.2548481225967407,0.9324787313739459,0.10389089584350586,0.4861815348267555,1.2029026746749878,0.6893879639605681,3.1198212373302736,108.6892032623291
image_679,../data/train_data/train_data/image_679.png,0,left,-316.96189641952515,222.3545684814453,-169.9628734588623,447.4857177734375,146.99902296066284,225.1311492919922,-243.46238493919373,334.9201431274414,-0.44022485613822937,0.4632386843363444,-0.2360595464706421,0.9322619120279948,0.20416530966758728,0.4690232276916504,-0.33814220130443573,0.6977502981821696,1.5315145962040688,169.9628734588623
image_68,../data/train_data/train_data/image_68.png,1,left,-147.7303647994995,224.64318656921387,-116.34468913078308,356.3799180984497,31.38567566871643,131.73673152923584,-132.0375269651413,290.5115523338318,-0.2051810622215271,0.46800663868586223,-0.1615898460149765,0.7424581627051036,0.0435912162065506,0.27445152401924133,-0.1833854541182518,0.6052324006954829,4.197352095259941,116.34468913078308
image_680,../data/train_data/train_data/image_680.png,1,left,-237.66000509262085,220.50325775146484,-106.18726015090942,434.32976508140564,131.47274494171143,213.8265073299408,-171.92363262176514,327.41651141643524,-0.33008334040641785,0.45938178698221843,-0.14748230576515198,0.9048536772529284,0.18260103464126587,0.44547189027071,-0.2387828230857849,0.6821177321175734,1.6263941809744749,106.18726015090942
image_681,../data/train_data/train_data/image_681.png,1,right,824.3772411346436,224.54943084716797,931.3157558441162,401.9929995536804,106.93851470947266,177.44356870651245,877.8464984893799,313.2712152004242,1.1449683904647827,0.4678113142649333,1.2934941053390503,0.8374854157368342,0.14852571487426758,0.36967410147190094,1.2192312479019165,0.6526483650008837,1.659304593752642,104.37724113464355
image_682,../data/train_data/train_data/image_682.png,0,right,790.4540348052979,229.3254508972168,870.1014804840088,350.7161798477173,79.64744567871094,121.39072895050049,830.2777576446533,290.02081537246704,1.0978528261184692,0.47776135603586833,1.2084742784500122,0.7306587080160777,0.11062145233154297,0.25289735198020935,1.1531635522842407,0.604210032025973,1.524100715548084,70.45403480529785
image_684,../data/train_data/train_data/image_684.png,1,left,-196.47284030914307,222.94625663757324,-133.82046103477478,384.60420989990234,62.652379274368286,161.6579532623291,-165.14665067195892,303.7752332687378,-0.2728789448738098,0.46447136799494426,-0.1858617514371872,0.8012587706247966,0.08701719343662262,0.3367874026298523,-0.2293703481554985,0.6328650693098704,2.580236459247526,133.82046103477478
image_685,../data/train_data/train_data/image_685.png,0,left,-260.7624077796936,218.003324508667,-192.78634786605835,419.40165185928345,67.97605991363525,201.39832735061646,-226.77437782287598,318.7024881839752,-0.36217001080513,0.4541735927263896,-0.2677588164806366,0.8737534413735072,0.09441119432449341,0.4195798486471176,-0.3149644136428833,0.6639635170499484,2.962783185823016,192.78634786605835
image_686,../data/train_data/train_data/image_686.png,0,right,843.8119697570801,225.1752223968506,959.3460845947266,404.64382314682007,115.53411483764648,179.46860074996948,901.5790271759033,314.9095227718353,1.1719610691070557,0.4691150466601054,1.3324251174926758,0.8430079648892085,0.16046404838562012,0.3738929182291031,1.2521930932998657,0.6560615057746569,1.553381882071512,123.81196975708008
image_687,../data/train_data/train_data/image_687.png,0,left,-205.8841323852539,225.46244049072266,-126.39257669448853,371.0668435096741,79.49155569076538,145.60440301895142,-166.13835453987122,298.26464200019836,-0.2859501838684082,0.46971341768900554,-0.17554524540901184,0.7730559239784877,0.11040493845939636,0.3033425062894821,-0.23074771463871002,0.6213846708337466,1.8316964834022795,126.39257669448853
image_689,../data/train_data/train_data/image_689.png,1,left,-220.00443935394287,215.36128425598145,-174.71776485443115,426.15499997138977,45.28667449951172,210.79371571540833,-197.361102104187,320.7581421136856,-0.30556172132492065,0.44866934219996135,-0.24266356229782104,0.887822916607062,0.06289815902709961,0.4391535744071007,-0.27411264181137085,0.6682461294035117,4.654652125487401,174.71776485443115
image_69,../data/train_data/train_data/image_69.png,1,right,833.8525199890137,220.06377601623535,974.6392250061035,457.59963059425354,140.78670501708984,237.5358545780182,904.2458724975586,338.83170330524445,1.1581284999847412,0.45846620003382366,1.3536655902862549,0.9533325637380282,0.19553709030151367,0.49486636370420456,1.255897045135498,0.7058993818859259,1.6872037352474734,113.85251998901367
image_690,../data/train_data/train_data/image_690.png,1,left,-207.81633138656616,217.96856307983398,-156.72740578651428,411.06520318984985,51.08892560005188,193.09664011001587,-182.27186858654022,314.5168831348419,-0.288633793592453,0.4541011730829875,-0.21767695248126984,0.8563858399788539,0.07095684111118317,0.4022846668958664,-0.2531553730368614,0.6552435065309207,3.7796183388483664,156.72740578651428
image_693,../data/train_data/train_data/image_693.png,1,right,787.5060939788818,227.5958194732666,888.971529006958,382.67812633514404,101.46543502807617,155.08230686187744,838.2388114929199,305.1369729042053,1.093758463859558,0.4741579572359721,1.2346826791763306,0.7972460965315501,0.14092421531677246,0.323088139295578,1.1642205715179443,0.6357020268837611,1.5284249933877987,67.50609397888184
image_695,../data/train_data/train_data/image_695.png,0,left,-162.99465537071228,229.67852973937988,-90.10778188705444,353.3187093734741,72.88687348365784,123.64017963409424,-126.55121862888336,291.498619556427,-0.22638146579265594,0.47849693695704143,-0.1251496970653534,0.7360806445280711,0.10123176872730255,0.25758370757102966,-0.17576558142900467,0.6072887907425563,1.6963298564564706,90.10778188705444
image_696,../data/train_data/train_data/image_696.png,1,left,-186.66629791259766,226.8732967376709,-99.95769023895264,370.024272441864,86.70860767364502,143.15097570419312,-143.31199407577515,298.44878458976746,-0.2592587471008301,0.4726527015368144,-0.13883012533187866,0.77088390092055,0.12042862176895142,0.29823119938373566,-0.19904443621635437,0.6217683012286822,1.6509430787193193,99.95769023895264
image_699,../data/train_data/train_data/image_699.png,1,right,794.8532867431641,223.72711563110352,866.5522956848145,376.94389963150024,71.69900894165039,153.21678400039673,830.7027912139893,300.3355076313019,1.1039628982543945,0.466098157564799,1.2035448551177979,0.7852997908989588,0.09958195686340332,0.31920163333415985,1.1537538766860962,0.6256989742318789,2.136944237612637,74.85328674316406
image_7,../data/train_data/train_data/image_7.png,1,right,818.7552452087402,224.82557678222656,882.4551773071289,365.59064531326294,63.69993209838867,140.76506853103638,850.6052112579346,295.20811104774475,1.137160062789917,0.46838661829630535,1.2256321907043457,0.7616471777359645,0.08847212791442871,0.2932605594396591,1.1813961267471313,0.6150168980161349,2.2098150483679575,98.75524520874023
image_700,../data/train_data/train_data/image_700.png,1,left,-299.6578073501587,222.11464309692383,-159.0130341053009,436.4559235572815,140.6447732448578,214.34128046035767,-229.3354207277298,329.28528332710266,-0.4161913990974426,0.462738839785258,-0.22085143625736237,0.9092831740776698,0.19533996284008026,0.4465443342924118,-0.3185214176774025,0.6860110069314639,1.5239903731594544,159.0130341053009
image_701,../data/train_data/train_data/image_701.png,1,left,-244.31920051574707,219.08459091186523,-165.71958661079407,419.1244044303894,78.599613904953,200.03981351852417,-205.01939356327057,319.1044976711273,-0.3393322229385376,0.4564262310663859,-0.23016609251499176,0.8731758425633113,0.10916613042354584,0.41674961149692535,-0.2847491577267647,0.6648010368148486,2.545048297061909,165.71958661079407
image_702,../data/train_data/train_data/image_702.png,1,left,-156.74209356307983,225.05474472045898,-121.59469485282898,352.9444589614868,35.147398710250854,127.88971424102783,-139.1683942079544,288.9996018409729,-0.2176973521709442,0.4688640515009562,-0.16888152062892914,0.7353009561697642,0.048815831542015076,0.266436904668808,-0.19328943639993668,0.6020825038353602,3.638667979252996,121.59469485282898
image_703,../data/train_data/train_data/image_703.png,1,left,-229.13886308670044,219.89609146118164,-146.01012468338013,410.8716764450073,83.12873840332031,190.97558498382568,-187.57449388504028,315.3838839530945,-0.3182484209537506,0.4581168572107951,-0.20279183983802795,0.8559826592604319,0.11545658111572266,0.39786580204963684,-0.2605201303958893,0.6570497582356135,2.297347327193381,146.01012468338013
image_704,../data/train_data/train_data/image_704.png,0,left,-200.73877573013306,228.35070037841797,-119.307199716568,356.6357078552246,81.43157601356506,128.28500747680664,-160.02298772335052,292.4932041168213,-0.27880385518074036,0.4757306257883708,-0.16570444405078888,0.7429910580317179,0.11309941112995148,0.26726043224334717,-0.22225414961576462,0.6093608419100444,1.5753717876642424,119.307199716568
image_705,../data/train_data/train_data/image_705.png,1,right,822.6402854919434,219.76534271240234,867.5958251953125,394.6191349029541,44.95553970336914,174.85379219055176,845.1180553436279,307.1922388076782,1.1425559520721436,0.45784446398417156,1.2049942016601562,0.8221231977144877,0.062438249588012695,0.36427873373031616,1.17377507686615,0.6399838308493296,3.8894826609644184,102.64028549194336
image_706,../data/train_data/train_data/image_706.png,0,left,-193.22290420532227,224.46777725219727,-149.00508999824524,366.52111434936523,44.217814207077026,142.05333709716797,-171.11399710178375,295.49444580078125,-0.26836514472961426,0.4676412026087443,-0.20695151388645172,0.7635856548945109,0.06141363084316254,0.2959444522857666,-0.237658329308033,0.6156134287516276,3.212581617714438,149.00508999824524
image_708,../data/train_data/train_data/image_708.png,1,right,802.1878623962402,226.35888481140137,857.0740127563477,352.096022605896,54.88615036010742,125.73713779449463,829.630937576294,289.2274537086487,1.114149808883667,0.47158101002375286,1.190380573272705,0.73353338042895,0.07623076438903809,0.26195237040519714,1.152265191078186,0.6025571952263514,2.2908718678488955,82.18786239624023
image_709,../data/train_data/train_data/image_709.png,0,left,-181.80572748184204,222.8523292541504,-145.11308670043945,371.2914481163025,36.69264078140259,148.4391188621521,-163.45940709114075,297.07188868522644,-0.2525079548358917,0.46427568594614665,-0.20154595375061035,0.7735238502422969,0.05096200108528137,0.3092481642961502,-0.22702695429325104,0.6188997680942218,4.045473852549404,145.11308670043945
image_71,../data/train_data/train_data/image_71.png,1,right,839.0378093719482,216.6387882232666,952.9830265045166,446.41050958633423,113.94521713256836,229.77172136306763,896.0104179382324,331.5246489048004,1.1653302907943726,0.4513308087984721,1.3235875368118286,0.9300218949715297,0.15825724601745605,0.47869108617305756,1.2444589138031006,0.6906763518850009,2.0165104525251127,119.03780937194824
image_710,../data/train_data/train_data/image_710.png,0,right,828.1464099884033,224.34915924072266,906.9075679779053,376.7376914024353,78.76115798950195,152.38853216171265,867.5269889831543,300.543425321579,1.1502033472061157,0.46739408175150554,1.2595938444137573,0.7848701904217402,0.1093904972076416,0.3174761086702347,1.2048985958099365,0.6261321360866229,1.934818329893327,108.14640998840332
image_712,../data/train_data/train_data/image_712.png,0,left,-239.5159649848938,223.12209510803223,-122.75014758110046,407.4966278076172,116.76581740379333,184.37453269958496,-181.13305628299713,315.3093614578247,-0.33266106247901917,0.4648376981417338,-0.17048631608486176,0.8489513079325358,0.1621747463941574,0.384113609790802,-0.25157368928194046,0.6568945030371348,1.579011193507007,122.75014758110046
image_714,../data/train_data/train_data/image_714.png,1,left,-225.92506170272827,226.65634536743164,-122.96414494514465,388.4002652168274,102.96091675758362,161.74391984939575,-174.44460332393646,307.5283052921295,-0.31378480792045593,0.4722007195154826,-0.17078353464603424,0.8091672192017237,0.1430012732744217,0.33696649968624115,-0.2422841712832451,0.6406839693586032,1.5709254049302397,122.96414494514465
image_715,../data/train_data/train_data/image_715.png,0,right,853.0101871490479,217.4011936187744,920.8452701568604,425.5145993232727,67.8350830078125,208.1134057044983,886.9277286529541,321.45789647102356,1.1847363710403442,0.4529191533724467,1.2789517641067505,0.8864887485901515,0.09421539306640625,0.4335695952177048,1.2318440675735474,0.6697039509812991,3.067931761512403,133.01018714904785
image_716,../data/train_data/train_data/image_716.png,0,right,844.5909690856934,217.1269645690918,943.2564353942871,436.28373646736145,98.66546630859375,219.15677189826965,893.9237022399902,326.7053505182266,1.1730430126190186,0.4523478428522746,1.3100783824920654,0.9089244509736697,0.13703536987304688,0.4565766081213951,1.241560697555542,0.6806361469129721,2.221210521752545,124.59096908569336
image_717,../data/train_data/train_data/image_717.png,1,left,-225.5746579170227,212.7588405609131,-169.75046396255493,452.4235179424286,55.82419395446777,239.6646773815155,-197.66256093978882,332.59117925167084,-0.31329813599586487,0.44324758450190227,-0.2357645332813263,0.9425489957133929,0.07753360271453857,0.49930141121149063,-0.2745313346385956,0.6928982901076476,4.293204440658734,169.75046396255493
image_719,../data/train_data/train_data/image_719.png,1,right,870.7097625732422,221.25685119628906,929.192304611206,392.7762713432312,58.48254203796387,171.51942014694214,899.9510335922241,307.01656126976013,1.2093191146850586,0.4609517733256022,1.290544867515564,0.8182838986317317,0.08122575283050537,0.35733212530612946,1.2499319911003113,0.639617835978667,2.932831135069343,150.7097625732422
image_72,../data/train_data/train_data/image_72.png,0,right,805.4179286956787,227.6847972869873,892.593412399292,365.0167455673218,87.17548370361328,137.33194828033447,849.0056705474854,296.35077142715454,1.1186360120773315,0.47434332768122356,1.2397130727767944,0.7604515532652537,0.12107706069946289,0.28610822558403015,1.179174542427063,0.6173974404732386,1.5753505738751903,85.41792869567871
image_720,../data/train_data/train_data/image_720.png,0,left,-308.9000129699707,217.57108116149902,-177.229825258255,444.7155430316925,131.6701877117157,227.14446187019348,-243.06491911411285,331.14331209659576,-0.429027795791626,0.453273085753123,-0.24615253508090973,0.9264907146493594,0.18287526071071625,0.4732176288962364,-0.33759016543626785,0.6898819002012412,1.725101678806088,177.229825258255
image_721,../data/train_data/train_data/image_721.png,0,left,-176.70846819877625,229.76101303100586,-95.86828708648682,357.10415744781494,80.84018111228943,127.34314441680908,-136.28837764263153,293.4325852394104,-0.2454284280538559,0.4786687771479289,-0.1331503987312317,0.7439669946829478,0.1122780293226242,0.2652982175350189,-0.1892894133925438,0.6113178859154383,1.575245659580174,95.86828708648682
image_722,../data/train_data/train_data/image_722.png,1,right,853.5243988037109,223.61007118225098,966.2709903717041,413.29028511047363,112.74659156799316,189.68021392822266,909.8976945877075,318.4501781463623,1.185450553894043,0.4658543149630229,1.3420430421829224,0.8610214273134867,0.1565924882888794,0.39516711235046387,1.2637467980384827,0.6634378711382548,1.6823587417614638,133.52439880371094
image_723,../data/train_data/train_data/image_723.png,1,right,796.452226638794,224.9297752380371,905.3184127807617,404.2036762237549,108.86618614196777,179.27390098571777,850.8853197097778,314.566725730896,1.106183648109436,0.4686036984125773,1.2573866844177246,0.8420909921328227,0.15120303630828857,0.37348729372024536,1.1817851662635803,0.6553473452727,1.6467363038871803,76.45222663879395
image_724,../data/train_data/train_data/image_724.png,1,left,-231.45081996917725,217.36116790771484,-186.21418476104736,413.56565856933594,45.23663520812988,196.2044906616211,-208.8325023651123,315.4634132385254,-0.32145947217941284,0.45283576647440593,-0.25863081216812134,0.8615951220194499,0.0628286600112915,0.40875935554504395,-0.2900451421737671,0.6572154442469279,4.337291882097354,186.21418476104736
image_725,../data/train_data/train_data/image_725.png,1,right,878.6703014373779,218.45942878723145,922.4988842010498,404.7875323295593,43.828582763671875,186.32810354232788,900.5845928192139,311.6234805583954,1.220375418663025,0.45512380997339885,1.2812484502792358,0.8433073590199153,0.06087303161621094,0.3881835490465164,1.2508119344711304,0.6492155844966571,4.2512920061099795,158.67030143737793
image_727,../data/train_data/train_data/image_727.png,0,left,-182.01614141464233,228.7398567199707,-110.20892143249512,355.56365394592285,71.80721998214722,126.82379722595215,-146.11253142356873,292.1517553329468,-0.25280019640922546,0.47654136816660564,-0.153067946434021,0.7407576123873393,0.09973224997520447,0.26421624422073364,-0.20293407142162323,0.6086494902769725,1.7661705502243814,110.20892143249512
image_729,../data/train_data/train_data/image_729.png,0,left,-165.96935391426086,226.86002159118652,-118.51611971855164,348.8201656341553,47.45323419570923,121.96014404296875,-142.24273681640625,287.8400936126709,-0.23051299154758453,0.4726250449816386,-0.16460572183132172,0.7267086784044902,0.06590726971626282,0.25408363342285156,-0.19755935668945312,0.5996668616930644,2.570112366629723,118.51611971855164
image_730,../data/train_data/train_data/image_730.png,1,left,-185.66694974899292,227.18989753723145,-86.24260067939758,380.9214940071106,99.42434906959534,153.73159646987915,-135.95477521419525,304.055695772171,-0.25787076354026794,0.47331228653589885,-0.11978138983249664,0.7935864458481471,0.1380893737077713,0.32027415931224823,-0.1888260766863823,0.633449366192023,1.546216775955653,86.24260067939758
image_731,../data/train_data/train_data/image_731.png,1,left,-232.81861782073975,222.3586883544922,-118.66584062576294,414.4701638221741,114.1527771949768,192.11147546768188,-175.74222922325134,318.41442608833313,-0.3233591914176941,0.46324726740519206,-0.16481366753578186,0.8634795079628627,0.15854552388191223,0.4002322405576706,-0.24408642947673798,0.6633633876840274,1.682932997237106,118.66584062576294
image_732,../data/train_data/train_data/image_732.png,1,right,829.5270824432373,222.1202220916748,916.1858654022217,403.468150138855,86.65878295898438,181.34792804718018,872.8564739227295,312.7941861152649,1.1521209478378296,0.4627504626909892,1.2724803686141968,0.8405586461226146,0.12035942077636719,0.37780818343162537,1.2123006582260132,0.6516545544068019,2.092666454051313,109.5270824432373
image_735,../data/train_data/train_data/image_735.png,1,left,-201.88719034194946,228.41664695739746,-116.58331990242004,370.7978286743164,85.30387043952942,142.38118171691895,-159.23525512218475,299.60723781585693,-0.2803988754749298,0.47586801449457805,-0.16192127764225006,0.7724954764048259,0.11847759783267975,0.2966274619102478,-0.22116007655858994,0.624181745449702,1.6691057625322023,116.58331990242004
image_736,../data/train_data/train_data/image_736.png,0,right,794.9663257598877,227.88166427612305,867.575740814209,359.036256313324,72.60941505432129,131.15459203720093,831.2710332870483,293.4589602947235,1.104119896888733,0.474753467241923,1.2049663066864014,0.7479922006527583,0.10084640979766846,0.27323873341083527,1.1545431017875671,0.6113728339473407,1.80630283192724,74.9663257598877
image_737,../data/train_data/train_data/image_737.png,0,left,-181.13476753234863,226.85655975341797,-114.66703176498413,350.6331386566162,66.4677357673645,123.77657890319824,-147.90089964866638,288.7448492050171,-0.2515760660171509,0.4726178328196208,-0.15925976634025574,0.7304857055346171,0.09231629967689514,0.25786787271499634,-0.2054179161787033,0.601551769177119,1.8622054365807394,114.66703176498413
image_738,../data/train_data/train_data/image_738.png,1,right,782.5636196136475,224.96613883972168,870.1558113098145,380.86869382858276,87.59219169616699,155.90255498886108,826.359715461731,302.9174163341522,1.086893916130066,0.46867945591608684,1.2085497379302979,0.7934764454762141,0.12165582180023193,0.32479698956012726,1.1477218270301819,0.6310779506961505,1.7798681819681346,62.56361961364746
image_739,../data/train_data/train_data/image_739.png,1,left,-228.73820543289185,217.3474349975586,-112.65994548797607,444.56443452835083,116.07825994491577,227.21699953079224,-170.69907546043396,330.9559347629547,-0.31769195199012756,0.45280715624491374,-0.15647214651107788,0.9261759052673976,0.16121980547904968,0.4733687490224838,-0.23708204925060272,0.6894915307561557,1.9574466367657188,112.65994548797607
image_74,../data/train_data/train_data/image_74.png,0,left,-192.940092086792,226.9743766784668,-104.54677820205688,366.54846572875977,88.39331388473511,139.57408905029297,-148.74343514442444,296.7614212036133,-0.26797235012054443,0.47286328474680583,-0.1452038586139679,0.7636426369349162,0.12276849150657654,0.29077935218811035,-0.20658810436725616,0.618252960840861,1.5790118382969283,104.54677820205688
image_740,../data/train_data/train_data/image_740.png,1,right,797.2663307189941,227.094482421875,862.1615409851074,360.35939359664917,64.89521026611328,133.26491117477417,829.7139358520508,293.7269380092621,1.1073143482208252,0.4731135050455729,1.197446584701538,0.7507487366596858,0.09013223648071289,0.27763523161411285,1.1523804664611816,0.6119311208526294,2.053540016717719,77.26633071899414
image_741,../data/train_data/train_data/image_741.png,0,left,-192.77707815170288,223.65996742248535,-129.8606514930725,372.98322105407715,62.91642665863037,149.3232536315918,-161.3188648223877,298.32159423828125,-0.2677459418773651,0.46595826546351116,-0.1803620159626007,0.7770483771959941,0.0873839259147644,0.3110901117324829,-0.2240539789199829,0.6215033213297526,2.373358780240086,129.8606514930725
image_742,../data/train_data/train_data/image_742.png,0,right,849.2000770568848,224.05962371826172,898.2996940612793,366.18974351882935,49.09961700439453,142.13011980056763,873.749885559082,295.12468361854553,1.1794445514678955,0.4667908827463786,1.247638463973999,0.7628952989975611,0.06819391250610352,0.29610441625118256,1.2135415077209473,0.6148430908719699,2.8947297040595377,129.20007705688477
image_743,../data/train_data/train_data/image_743.png,0,right,803.2737064361572,228.9610996246338,876.7807388305664,346.8849124908447,73.50703239440918,117.92381286621094,840.0272226333618,287.92300605773926,1.115657925605774,0.47700229088465373,1.2177510261535645,0.7226769010225932,0.10209310054779053,0.24567461013793945,1.1667044758796692,0.5998395959536235,1.6042521242522643,83.27370643615723
image_745,../data/train_data/train_data/image_745.png,0,left,-298.5840654373169,223.8421859741211,-177.14086174964905,414.3892183303833,121.44320368766785,190.5470323562622,-237.86246359348297,319.1157021522522,-0.41470009088516235,0.4663378874460856,-0.24602897465229034,0.8633108715216319,0.168671116232872,0.39697298407554626,-0.33036453276872635,0.6648243794838588,1.5690217860714393,177.14086174964905
image_746,../data/train_data/train_data/image_746.png,0,right,822.6211452484131,225.84069633483887,917.3210620880127,387.387713432312,94.69991683959961,161.54701709747314,869.9711036682129,306.61420488357544,1.1425293684005737,0.470501450697581,1.2740570306777954,0.8070577363173167,0.13152766227722168,0.3365562856197357,1.2082931995391846,0.6387795935074488,1.7058834103423501,102.62114524841309
image_747,../data/train_data/train_data/image_747.png,0,left,-190.14439344406128,223.84825134277344,-138.27244520187378,371.76105642318726,51.8719482421875,147.91280508041382,-164.20841932296753,297.80465388298035,-0.264089435338974,0.466350523630778,-0.19204506278038025,0.7745022008816401,0.07204437255859375,0.3081516772508621,-0.22806724905967712,0.6204263622562091,2.851498933292739,138.27244520187378
image_748,../data/train_data/train_data/image_748.png,1,left,-229.11262035369873,219.70074081420898,-187.5727343559265,400.3512659072876,41.53988599777222,180.6505250930786,-208.34267735481262,310.0260033607483,-0.31821197271347046,0.4577098766962687,-0.2605176866054535,0.8340651373068492,0.05769428610801697,0.37635526061058044,-0.289364829659462,0.645887507001559,4.348844989674909,187.5727343559265
image_75,../data/train_data/train_data/image_75.png,1,right,796.0147476196289,229.52749633789062,874.3556785583496,355.0411310195923,78.3409309387207,125.51363468170166,835.1852130889893,292.28431367874146,1.1055760383605957,0.47818228403727214,1.2143828868865967,0.7396690229574839,0.10880684852600098,0.2614867389202118,1.1599794626235962,0.608925653497378,1.602146326035876,76.0147476196289
image_750,../data/train_data/train_data/image_750.png,0,right,878.0820178985596,216.4285888671875,966.6992855072021,436.2654616832733,88.61726760864258,219.83687281608582,922.3906517028809,326.3470252752304,1.2195583581924438,0.4508928934733073,1.3426378965377808,0.9088863785068194,0.12307953834533691,0.4579934850335121,1.2810981273651123,0.6798896359900634,2.480745330435417,158.08201789855957
image_751,../data/train_data/train_data/image_751.png,1,right,848.4688854217529,218.99999046325684,962.1299171447754,428.5131516456604,113.66103172302246,209.51316118240356,905.2994012832642,323.7565710544586,1.1784290075302124,0.4562499801317851,1.3362915515899658,0.8927357325951258,0.15786254405975342,0.43648575246334076,1.2573602795600891,0.6744928563634555,1.8433156729824571,128.46888542175293
image_753,../data/train_data/train_data/image_753.png,0,right,843.1760501861572,214.25675773620605,958.5385894775391,454.73332726955414,115.36253929138184,240.47656953334808,900.8573198318481,334.4950425028801,1.171077847480774,0.4463682452837626,1.331303596496582,0.9473610984782378,0.1602257490158081,0.5009928531944752,1.251190721988678,0.6968646718810002,2.0845290941971566,123.17605018615723
image_754,../data/train_data/train_data/image_754.png,0,left,-280.2842116355896,219.175199508667,-152.52266764640808,434.1781702041626,127.76154398918152,215.0029706954956,-216.40343964099884,326.6766848564148,-0.3892836272716522,0.4566149989763896,-0.211837038397789,0.9045378545920054,0.17744658887386322,0.44792285561561584,-0.3005603328347206,0.6805764267841975,1.6828457451461407,152.52266764640808
image_755,../data/train_data/train_data/image_755.png,1,right,815.7575225830078,221.0523166656494,858.780927658081,385.8972706794739,43.02340507507324,164.84495401382446,837.2692251205444,303.47479367256165,1.1329965591430664,0.46052565972010295,1.1927512884140015,0.8039526472489039,0.05975472927093506,0.34342698752880096,1.162873923778534,0.6322391534845034,3.831518070830981,95.75752258300781
image_758,../data/train_data/train_data/image_758.png,0,right,830.7867336273193,223.69367027282715,939.451732635498,400.42590284347534,108.66499900817871,176.7322325706482,885.1192331314087,312.05978655815125,1.1538704633712769,0.46602847973505657,1.3047940731048584,0.834220630923907,0.15092360973358154,0.3681921511888504,1.2293322682380676,0.6501245553294818,1.6263951979362405,110.78673362731934
image_76,../data/train_data/train_data/image_76.png,1,right,809.6816539764404,227.0318546295166,901.5550804138184,373.3995714187622,91.87342643737793,146.3677167892456,855.6183671951294,300.2157130241394,1.1245578527450562,0.4729830304781596,1.252159833908081,0.7779157737890879,0.1276019811630249,0.30493274331092834,1.1883588433265686,0.6254494021336238,1.5931452920068423,89.68165397644043
image_760,../data/train_data/train_data/image_760.png,0,right,874.9207019805908,220.97169303894043,915.4928684234619,385.608829498291,40.572166442871094,164.6371364593506,895.2067852020264,303.2902612686157,1.2151676416397095,0.4603576938311259,1.2715178728103638,0.8033517281214396,0.0563502311706543,0.3429940342903137,1.2433427572250366,0.6318547109762828,4.057883788167266,154.92070198059082
image_761,../data/train_data/train_data/image_761.png,0,left,-266.0462737083435,222.37090492248535,-160.44337034225464,426.3998498916626,105.60290336608887,204.02894496917725,-213.24482202529907,324.385377407074,-0.3695087134838104,0.46327271858851116,-0.22283801436424255,0.8883330206076304,0.14667069911956787,0.42506030201911926,-0.2961733639240265,0.6758028695980708,1.9320391624260482,160.44337034225464
image_763,../data/train_data/train_data/image_763.png,1,left,-275.0760269165039,221.79057502746582,-176.4500641822815,418.38319206237793,98.62596273422241,196.5926170349121,-225.7630455493927,320.0868835449219,-0.3820500373840332,0.46206369797388713,-0.24506953358650208,0.871631650129954,0.13698050379753113,0.4095679521560669,-0.31355978548526764,0.6668476740519206,1.9933150621271052,176.4500641822815
image_764,../data/train_data/train_data/image_764.png,1,right,812.1593284606934,227.8404083251953,869.827938079834,351.5929546356201,57.668609619140625,123.7525463104248,840.9936332702637,289.7166814804077,1.1279990673065186,0.4746675173441569,1.2080943584442139,0.7324853221575419,0.08009529113769531,0.257817804813385,1.1680467128753662,0.6035764197508494,2.1459256106176428,92.15932846069336
image_765,../data/train_data/train_data/image_765.png,1,right,847.5789928436279,218.4954776763916,893.6448383331299,405.80914640426636,46.06584548950195,187.31366872787476,870.6119155883789,312.152312040329,1.17719304561615,0.45519891182581584,1.2411733865737915,0.8454357216755549,0.0639803409576416,0.3902368098497391,1.2091832160949707,0.6503173167506854,4.066215799090501,127.57899284362793
image_767,../data/train_data/train_data/image_767.png,0,right,822.1302795410156,224.4002285003662,936.2536811828613,405.77377700805664,114.1234016418457,181.37354850769043,879.1919803619385,315.0870027542114,1.1418476104736328,0.4675004760424296,1.3003523349761963,0.8453620354334513,0.15850472450256348,0.37786155939102173,1.2210999727249146,0.6564312557379405,1.5892756954169343,102.13027954101562
image_769,../data/train_data/train_data/image_769.png,0,right,834.1662311553955,226.36369132995605,936.5800094604492,388.3913745880127,102.41377830505371,162.02768325805664,885.3731203079224,307.3775329589844,1.1585642099380493,0.4715910236040751,1.3008055686950684,0.8091486970583598,0.14224135875701904,0.33755767345428467,1.2296848893165588,0.6403698603312175,1.5820887183307955,114.16623115539551
image_770,../data/train_data/train_data/image_770.png,0,right,837.7972984313965,225.10103607177734,879.2397880554199,358.0465211868286,41.44248962402344,132.94548511505127,858.5185432434082,291.573778629303,1.1636073589324951,0.4689604918162028,1.2211663722991943,0.7459302524725596,0.05755901336669922,0.2769697606563568,1.1923868656158447,0.6074453721443812,3.2079512191754342,117.79729843139648
image_771,../data/train_data/train_data/image_771.png,1,right,844.8682880401611,222.5648536682129,888.6670017242432,373.68488693237305,43.79871368408203,151.12003326416016,866.7676448822021,298.12487030029297,1.1734281778335571,0.46367677847544353,1.2342597246170044,0.7785101811091105,0.060831546783447266,0.314833402633667,1.2038439512252808,0.621093479792277,3.450330399065633,124.86828804016113
image_773,../data/train_data/train_data/image_773.png,0,left,-216.51679515838623,225.76676750183105,-111.77343249320984,402.2927417755127,104.74336266517639,176.52597427368164,-164.14511382579803,314.0297546386719,-0.3007177710533142,0.47034743229548137,-0.15524087846279144,0.8381098786989848,0.14547689259052277,0.3677624464035034,-0.22797932475805283,0.6542286554972331,1.6853189527432513,111.77343249320984
image_774,../data/train_data/train_data/image_774.png,0,left,-192.2069263458252,226.21094131469727,-129.2421019077301,356.6479244232178,62.96482443809509,130.4369831085205,-160.72451412677765,291.4294328689575,-0.26695406436920166,0.4712727944056193,-0.1795029193162918,0.743016509215037,0.08745114505290985,0.2717437148094177,-0.22322849184274673,0.6071446518103282,2.0715849567207445,129.2421019077301
image_775,../data/train_data/train_data/image_775.png,0,left,-267.7248215675354,215.1497974395752,-167.13296055793762,453.2472440004349,100.59186100959778,238.09744656085968,-217.4288910627365,334.19852072000504,-0.3718400299549103,0.44822874466578166,-0.23212911188602448,0.9442650916675727,0.1397109180688858,0.496036347001791,-0.3019845709204674,0.6962469181666772,2.366965320764292,167.13296055793762
image_776,../data/train_data/train_data/image_776.png,1,right,821.5204524993896,224.2596950531006,881.7519664764404,375.0474491119385,60.23151397705078,150.7877540588379,851.636209487915,299.65357208251953,1.1410006284713745,0.4672076980272929,1.2246555089950562,0.7813488523165385,0.08365488052368164,0.3141411542892456,1.1828280687332153,0.6242782751719157,2.503469431571827,101.52045249938965
image_777,../data/train_data/train_data/image_777.png,0,left,-179.8155176639557,223.26302909851074,-147.21774101257324,366.053759098053,32.597776651382446,142.79072999954224,-163.51662933826447,294.65839409828186,-0.2497437745332718,0.4651313106218974,-0.20446908473968506,0.7626119981209437,0.04527468979358673,0.2974806874990463,-0.22710642963647842,0.6138716543714205,4.380382488248216,147.21774101257324
image_778,../data/train_data/train_data/image_778.png,1,right,821.9353580474854,227.58245849609375,917.7366542816162,378.80276346206665,95.80129623413086,151.2203049659729,869.8360061645508,303.1926109790802,1.141576886177063,0.474130121866862,1.2746342420578003,0.7891724238793055,0.1330573558807373,0.31504230201244354,1.2081055641174316,0.6316512728730838,1.5784786940293827,101.93535804748535
image_779,../data/train_data/train_data/image_779.png,0,left,-189.6277356147766,224.52207946777344,-129.17345881462097,363.5498561859131,60.45427680015564,139.02777671813965,-159.4005972146988,294.03596782684326,-0.26337185502052307,0.467754332224528,-0.17940758168697357,0.7573955337206523,0.0839642733335495,0.28964120149612427,-0.22138971835374832,0.6125749329725901,2.299717804543842,129.17345881462097
image_780,../data/train_data/train_data/image_780.png,1,left,-219.23400163650513,223.96014595031738,-97.1507477760315,414.6298017501831,122.08325386047363,190.66965579986572,-158.1923747062683,319.29497385025024,-0.30449166893959045,0.46658363739649455,-0.13493159413337708,0.8638120869795481,0.16956007480621338,0.3972284495830536,-0.21971163153648376,0.6651978621880213,1.5618002450833923,97.1507477760315
image_781,../data/train_data/train_data/image_781.png,0,right,838.0699825286865,225.6270351409912,910.4156398773193,373.9631929397583,72.34565734863281,148.3361577987671,874.2428112030029,299.79511404037476,1.163986086845398,0.47005632321039836,1.2644661664962769,0.7790899852911631,0.1004800796508789,0.30903366208076477,1.2142261266708374,0.6245731542507807,2.050380952154972,118.06998252868652
image_782,../data/train_data/train_data/image_782.png,0,right,844.390811920166,225.19670867919922,927.4283123016357,390.9054055213928,83.03750038146973,165.7086968421936,885.9095621109009,308.051057100296,1.1727650165557861,0.4691598097483317,1.2880948781967163,0.8143862615029017,0.11532986164093018,0.34522645175457,1.2304299473762512,0.6417730356256167,1.9955886928307924,124.39081192016602
image_783,../data/train_data/train_data/image_783.png,1,left,-181.28904819488525,223.30431365966797,-146.86720848083496,369.4392147064209,34.42183971405029,146.13490104675293,-164.0781283378601,296.37176418304443,-0.2517903447151184,0.4652173201243083,-0.20398223400115967,0.7696650306383769,0.04780811071395874,0.3044477105140686,-0.22788628935813904,0.6174411753813426,4.24541228071269,146.86720848083496
image_784,../data/train_data/train_data/image_784.png,0,right,906.6362571716309,218.38366889953613,1009.883451461792,443.6900165081024,103.24719429016113,225.30634760856628,958.2598543167114,331.0368427038193,1.2592170238494873,0.4549659768740336,1.4026159048080444,0.9243542010585467,0.14339888095855713,0.4693882241845131,1.3309164643287659,0.6896600889662902,2.1822031015717074,186.63625717163086
image_785,../data/train_data/train_data/image_785.png,0,left,-181.25619649887085,227.6445713043213,-106.38780355453491,355.7835807800293,74.86839294433594,128.139009475708,-143.82200002670288,291.7140760421753,-0.25174471735954285,0.47425952355066936,-0.14776083827018738,0.7412157932917277,0.10398387908935547,0.26695626974105835,-0.1997527778148651,0.6077376584211985,1.7115234404854711,106.38780355453491
image_786,../data/train_data/train_data/image_786.png,1,left,-273.97529125213623,215.58138275146484,-224.21005725860596,430.79749965667725,49.76523399353027,215.2161169052124,-249.0926742553711,323.18944120407104,-0.3805212378501892,0.44912788073221843,-0.3114028573036194,0.8974947909514109,0.06911838054656982,0.4483669102191925,-0.3459620475769043,0.6733113358418147,4.324627850301911,224.21005725860596
image_787,../data/train_data/train_data/image_787.png,1,right,867.581148147583,221.14160919189453,955.673303604126,413.55533742904663,88.09215545654297,192.4137282371521,911.6272258758545,317.3484733104706,1.204973816871643,0.46071168581644695,1.3273240327835083,0.8615736196438472,0.12235021591186523,0.4008619338274002,1.2661489248275757,0.661142652730147,2.1842322649497703,147.581148147583
image_788,../data/train_data/train_data/image_788.png,0,left,-203.76638889312744,226.84860610961914,-120.22225141525269,364.9566140174866,83.54413747787476,138.10800790786743,-161.99432015419006,295.90261006355286,-0.283008873462677,0.4726012627283732,-0.16697534918785095,0.760326279203097,0.11603352427482605,0.2877250164747238,-0.22499211132526398,0.6164637709657351,1.6531142947575823,120.22225141525269
image_79,../data/train_data/train_data/image_79.png,1,left,-347.5829601287842,221.8880500793457,-209.22794580459595,448.778356552124,138.35501432418823,226.89030647277832,-278.40545296669006,335.33320331573486,-0.482754111289978,0.4622667709986369,-0.2905943691730499,0.9349549094835917,0.1921597421169281,0.47268813848495483,-0.386674240231514,0.6986108402411143,1.6399138663752189,209.22794580459595
image_791,../data/train_data/train_data/image_791.png,1,right,791.4865779876709,226.11017608642578,890.149040222168,379.2907967567444,98.66246223449707,153.1806206703186,840.8178091049194,302.7004864215851,1.0992869138717651,0.4710628668467204,1.2363181114196777,0.7901891599098841,0.1370311975479126,0.31912629306316376,1.1678025126457214,0.6306260133783023,1.552572449552748,71.4865779876709
image_793,../data/train_data/train_data/image_793.png,0,left,-226.94666147232056,219.81483840942383,-165.50189852714539,405.20853900909424,61.44476294517517,185.3937005996704,-196.22427999973297,312.51168870925903,-0.3152036964893341,0.457947580019633,-0.2298637479543686,0.8441844562689463,0.08533994853496552,0.38623687624931335,-0.27253372222185135,0.6510660181442897,3.0172416934066484,165.50189852714539
image_794,../data/train_data/train_data/image_794.png,0,right,847.5380516052246,220.16883277893066,963.4305095672607,439.84343910217285,115.89245796203613,219.6746063232422,905.4842805862427,330.00613594055176,1.1771361827850342,0.4586850682894389,1.3380979299545288,0.9163404981295268,0.16096174716949463,0.4576554298400879,1.2576170563697815,0.6875127832094828,1.8955039023782103,127.53805160522461
image_795,../data/train_data/train_data/image_795.png,1,left,-227.80033349990845,223.25853729248047,-107.16459274291992,414.2782964706421,120.63574075698853,191.01975917816162,-167.48246312141418,318.7684168815613,-0.3163893520832062,0.46512195269266765,-0.14883971214294434,0.8630797843138377,0.16754963994026184,0.39795783162117004,-0.23261453211307526,0.6641008685032527,1.5834425020272915,107.16459274291992
image_796,../data/train_data/train_data/image_796.png,1,left,-178.75499367713928,223.2745304107666,-86.86978161334991,386.42531538009644,91.88521206378937,163.15078496932983,-132.8123876452446,304.8499228954315,-0.24827082455158234,0.4651552716890971,-0.12065247446298599,0.8050527403752009,0.12761835008859634,0.3398974686861038,-0.18446164950728416,0.635104006032149,1.7755934965472555,86.86978161334991
image_797,../data/train_data/train_data/image_797.png,0,left,-286.8480062484741,222.5102653503418,-182.5849199295044,406.17017889022827,104.26308631896973,183.65991353988647,-234.71646308898926,314.34022212028503,-0.3984000086784363,0.4635630528132121,-0.2535901665687561,0.8461878726879756,0.14480984210968018,0.3826248198747635,-0.3259950876235962,0.6548754627505938,1.7615046707712048,182.5849199295044
image_798,../data/train_data/train_data/image_798.png,1,left,-183.94265413284302,225.87336921691895,-98.08231115341187,373.07121896743774,85.86034297943115,147.1978497505188,-141.01248264312744,299.47229409217834,-0.2554759085178375,0.4705695192019145,-0.13622543215751648,0.777231706182162,0.11925047636032104,0.3066621869802475,-0.195850670337677,0.6239006126920382,1.7143869293159213,98.08231115341187
image_800,../data/train_data/train_data/image_800.png,1,left,-273.9276337623596,214.22128105163574,-223.3743667602539,440.3649892807007,50.55326700210571,226.14370822906494,-248.65100026130676,327.2931351661682,-0.38045504689216614,0.44629433552424114,-0.3102421760559082,0.9174270610014598,0.07021287083625793,0.47113272547721863,-0.34534861147403717,0.6818606982628505,4.473374751816639,223.3743667602539
image_801,../data/train_data/train_data/image_801.png,0,left,-247.78096675872803,224.76532363891602,-150.0792396068573,400.56394720077515,97.70172715187073,175.79862356185913,-198.93010318279266,312.6646354198456,-0.3441402316093445,0.4682610909144084,-0.20844338834285736,0.8345082233349482,0.13569684326648712,0.36624713242053986,-0.2762918099761009,0.6513846571246783,1.7993399777732901,150.0792396068573
image_802,../data/train_data/train_data/image_802.png,0,right,866.3172054290771,216.96448707580566,958.051586151123,429.5058479309082,91.7343807220459,212.54136085510254,912.1843957901001,323.23516750335693,1.2032183408737183,0.45200934807459514,1.330627202987671,0.8948038498560588,0.12740886211395264,0.4427945017814636,1.2669227719306946,0.673406598965327,2.3169215203959395,146.31720542907715
image_803,../data/train_data/train_data/image_803.png,0,right,833.9891624450684,225.18074417114258,872.4447441101074,356.2354221343994,38.45558166503906,131.05467796325684,853.2169532775879,290.708083152771,1.158318281173706,0.46912655035654705,1.211728811264038,0.7421571294466655,0.05341053009033203,0.2730305790901184,1.185023546218872,0.6056418399016062,3.4079494390381813,113.98916244506836
image_804,../data/train_data/train_data/image_804.png,1,right,815.172929763794,226.96979904174805,922.7464199066162,393.8174476623535,107.57349014282227,166.84764862060547,868.9596748352051,310.3936233520508,1.132184624671936,0.47285374800364177,1.2815922498703003,0.8204530159632365,0.14940762519836426,0.3475992679595947,1.2068884372711182,0.6466533819834391,1.5510108336086017,95.17292976379395
image_805,../data/train_data/train_data/image_805.png,1,right,795.9198188781738,228.4149875640869,854.5196914672852,347.5451936721802,58.59987258911133,119.13020610809326,825.2197551727295,287.98009061813354,1.1054441928863525,0.4758645574251811,1.1868329048156738,0.724052486817042,0.08138871192932129,0.24818792939186096,1.1461385488510132,0.5999585221211116,2.032943090907493,75.91981887817383
image_807,../data/train_data/train_data/image_807.png,0,right,850.0188159942627,222.94479751586914,949.423885345459,410.54030561447144,99.40506935119629,187.5955080986023,899.7213506698608,316.7425515651703,1.1805816888809204,0.4644683281580607,1.3186442852020264,0.8552923033634822,0.13806259632110596,0.39082397520542145,1.2496129870414734,0.6598803157607714,1.8871825081257254,130.0188159942627
image_808,../data/train_data/train_data/image_808.png,1,right,817.7402973175049,219.50536155700684,914.970588684082,416.41419315338135,97.23029136657715,196.9088315963745,866.3554430007935,317.9597773551941,1.135750412940979,0.4573028365770976,1.2707924842834473,0.8675295690695445,0.13504207134246826,0.4102267324924469,1.2032714486122131,0.662416202823321,2.0251798984535574,97.74029731750488
image_809,../data/train_data/train_data/image_809.png,1,right,813.8481330871582,226.6707363128662,876.1110019683838,352.6022090911865,62.262868881225586,125.93147277832031,844.979567527771,289.63647270202637,1.1303446292877197,0.4722307006518046,1.2168208360671997,0.7345879356066386,0.08647620677947998,0.262357234954834,1.1735827326774597,0.6034093181292216,2.0225774212002783,93.8481330871582
image_81,../data/train_data/train_data/image_81.png,1,right,841.0382652282715,217.5836124420166,945.0756168365479,432.6009168624878,104.03735160827637,215.0173044204712,893.0569410324097,325.0922646522522,1.1681087017059326,0.4532991925875346,1.3126050233840942,0.9012519101301829,0.14449632167816162,0.4479527175426483,1.2403568625450134,0.6772755513588588,2.0667318140705744,121.03826522827148
image_811,../data/train_data/train_data/image_811.png,1,right,802.099027633667,227.69747161865234,881.872730255127,366.5646662712097,79.77370262145996,138.86719465255737,841.985878944397,297.13106894493103,1.114026427268982,0.47436973253885906,1.224823236465454,0.7636763880650203,0.11079680919647217,0.2893066555261612,1.169424831867218,0.6190230603019397,1.7407640624568508,82.09902763366699
image_812,../data/train_data/train_data/image_812.png,1,left,-186.82197332382202,229.84518432617188,-114.91720676422119,351.46726989746094,71.90476655960083,121.62208557128906,-150.8695900440216,290.6562271118164,-0.2594749629497528,0.4788441340128581,-0.15960723161697388,0.7322234789530436,0.09986773133277893,0.25337934494018555,-0.20954109728336334,0.6055338064829509,1.6914328686468687,114.91720676422119
image_813,../data/train_data/train_data/image_813.png,0,right,932.9444789886475,214.01872062683105,984.4411754608154,440.1260437965393,51.49669647216797,226.10732316970825,958.6928272247314,327.0723822116852,1.295756220817566,0.44587233463923137,1.3672794103622437,0.9169292579094569,0.07152318954467773,0.4710569232702255,1.3315178155899048,0.6814007962743441,4.390715107170239,212.94447898864746
image_814,../data/train_data/train_data/image_814.png,0,left,-186.17839336395264,227.6665153503418,-100.4696273803711,375.9447374343872,85.70876598358154,148.2782220840454,-143.32401037216187,301.8056263923645,-0.25858110189437866,0.4743052403132121,-0.1395411491394043,0.7832182029883067,0.11903995275497437,0.3089129626750946,-0.19906112551689148,0.6287617216507594,1.7300239990907083,100.4696273803711
image_815,../data/train_data/train_data/image_815.png,0,left,-286.48558616638184,214.07911682128906,-199.18612003326416,451.55040168762207,87.29946613311768,237.471284866333,-242.835853099823,332.81475925445557,-0.3978966474533081,0.4459981600443522,-0.2766473889350891,0.9407300035158793,0.121249258518219,0.4947318434715271,-0.3372720181941986,0.6933640817801158,2.720191719205103,199.18612003326416
image_816,../data/train_data/train_data/image_816.png,1,left,-175.79057335853577,221.74279594421387,-131.67308449745178,381.5834918022156,44.117488861083984,159.8406958580017,-153.73182892799377,301.6631438732147,-0.24415357410907745,0.46196415821711223,-0.1828792840242386,0.7949656079212825,0.06127429008483887,0.3330014497041702,-0.21351642906665802,0.6284648830691973,3.6230687644372503,131.67308449745178
image_817,../data/train_data/train_data/image_817.png,0,left,-151.38256788253784,226.89870262145996,-101.640465259552,346.99328804016113,49.74210262298584,120.09458541870117,-126.51151657104492,286.94599533081055,-0.21025356650352478,0.4727056304613749,-0.1411673128604889,0.7229026834170024,0.06908625364303589,0.25019705295562744,-0.17571043968200684,0.5978041569391886,2.4143447720524267,101.640465259552
image_819,../data/train_data/train_data/image_819.png,0,right,851.9300079345703,224.8847999572754,947.7581691741943,401.53307580947876,95.82816123962402,176.64827585220337,899.8440885543823,313.2089378833771,1.1832361221313477,0.4685099999109904,1.3163307905197144,0.8365272412697474,0.1330946683883667,0.368017241358757,1.249783456325531,0.6525186205903689,1.8433858436507389,131.9300079345703
image_821,../data/train_data/train_data/image_821.png,0,left,-249.45627450942993,214.53739547729492,-197.1751070022583,439.3641641139984,52.28116750717163,224.8267686367035,-223.31569075584412,326.95077979564667,-0.3464670479297638,0.44695290724436443,-0.2738543152809143,0.91534200857083,0.07261273264884949,0.4683891013264656,-0.31016068160533905,0.6811474579075972,4.300339478950294,197.1751070022583
image_823,../data/train_data/train_data/image_823.png,1,left,-188.7184238433838,223.69412803649902,-140.3619933128357,368.2761731147766,48.356430530548096,144.5820450782776,-164.54020857810974,295.9851505756378,-0.2621089220046997,0.466029433409373,-0.19494721293449402,0.7672420273224513,0.06716170907020569,0.3012125939130783,-0.22852806746959686,0.6166357303659121,2.9899238527736474,140.3619933128357
image_824,../data/train_data/train_data/image_824.png,1,right,810.4698371887207,224.57855606079102,917.1927452087402,401.66432523727417,106.72290802001953,177.08576917648315,863.8312911987305,313.1214406490326,1.125652551651001,0.4678719917933146,1.273878812789917,0.8368006775776545,0.14822626113891602,0.3689286857843399,1.199765682220459,0.6523363346854846,1.6593041968390203,90.4698371887207
image_826,../data/train_data/train_data/image_826.png,0,left,-239.1665267944336,224.39579391479492,-123.1656539440155,414.02302169799805,116.00087285041809,189.62722778320312,-181.16609036922455,319.2094078063965,-0.33217573165893555,0.46749123732248943,-0.1710634082555771,0.8625479618708293,0.16111232340335846,0.39505672454833984,-0.2516195699572563,0.6650195995966593,1.6347051804319217,123.1656539440155
image_827,../data/train_data/train_data/image_827.png,0,left,-248.72918128967285,225.90707206726074,-140.5122184753418,400.7431974411011,108.21696281433105,174.83612537384033,-194.62069988250732,313.3251347541809,-0.34545719623565674,0.4706397334734599,-0.19515585899353027,0.8348816613356272,0.15030133724212646,0.36424192786216736,-0.2703065276145935,0.6527606974045436,1.6156073948758705,140.5122184753418
image_828,../data/train_data/train_data/image_828.png,0,right,815.4160022735596,227.5647201538086,901.5484714508057,365.3060522079468,86.1324691772461,137.74133205413818,858.4822368621826,296.4353861808777,1.1325222253799438,0.47409316698710124,1.2521506547927856,0.7610542754332225,0.1196284294128418,0.2869611084461212,1.1923364400863647,0.6175737212101619,1.599180116045318,95.41600227355957
image_829,../data/train_data/train_data/image_829.png,0,left,-222.57732152938843,222.78363609313965,-119.9172306060791,402.72050762176514,102.66009092330933,179.9368715286255,-171.24727606773376,312.7520718574524,-0.30913516879081726,0.46413257519404094,-0.16655170917510986,0.839001057545344,0.1425834596157074,0.3748684823513031,-0.23784343898296356,0.6515668163696925,1.7527441278329339,119.9172306060791
image_830,../data/train_data/train_data/image_830.png,0,left,-166.05998039245605,229.5312442779541,-87.55299925804138,353.22948837280273,78.50698113441467,123.69824409484863,-126.80648982524872,291.3803663253784,-0.23063886165618896,0.4781900922457377,-0.12160138785839081,0.735894767443339,0.10903747379779816,0.2577046751976013,-0.1761201247572899,0.6070424298445384,1.5756336864241454,87.55299925804138
image_831,../data/train_data/train_data/image_831.png,1,right,801.5092849731445,227.16720962524414,902.2991466522217,382.9634346961975,100.78986167907715,155.79622507095337,851.9042158126831,305.0653221607208,1.1132073402404785,0.47326502005259197,1.2531932592391968,0.7978404889504115,0.13998591899871826,0.3245754688978195,1.1832002997398376,0.6355527545015017,1.5457529405786945,81.50928497314453
image_833,../data/train_data/train_data/image_833.png,0,right,818.6938762664795,224.83212852478027,930.8353614807129,398.7333574295044,112.1414852142334,173.90122890472412,874.7646188735962,311.78274297714233,1.1370748281478882,0.4684002677599589,1.2928268909454346,0.8306944946448008,0.1557520627975464,0.3622942268848419,1.2149508595466614,0.6495473812023799,1.5507305665918891,98.69387626647949
image_834,../data/train_data/train_data/image_834.png,1,left,-197.34902143478394,219.9046173095703,-159.607754945755,393.5526313781738,37.74126648902893,173.64801406860352,-178.47838819026947,306.72862434387207,-0.2740958631038666,0.45813461939493816,-0.22167743742465973,0.8199013153711955,0.05241842567920685,0.3617666959762573,-0.24788665026426315,0.6390179673830668,4.601011842543269,159.607754945755
image_835,../data/train_data/train_data/image_835.png,0,left,-227.2303318977356,223.22414779663086,-139.9325931072235,397.03805112838745,87.29773879051208,173.8139033317566,-183.58146250247955,310.13109946250916,-0.31559768319129944,0.46505030790964763,-0.19435082376003265,0.8271626065174739,0.12124685943126678,0.36211229860782623,-0.25497425347566605,0.6461064572135607,1.9910470275622703,139.9325931072235
image_836,../data/train_data/train_data/image_836.png,1,right,863.4064292907715,216.9178810119629,908.4210205078125,416.70764112472534,45.014591217041016,199.78976011276245,885.913724899292,316.8127610683441,1.1991755962371826,0.45191225210825603,1.2616958618164062,0.8681409190098445,0.06252026557922363,0.41622866690158844,1.2304357290267944,0.6600265855590502,4.438333320621798,143.40642929077148
image_837,../data/train_data/train_data/image_837.png,0,right,839.1081047058105,218.44294929504395,890.1730728149414,405.82018995285034,51.06496810913086,187.3772406578064,864.640588760376,312.13156962394714,1.1654279232025146,0.4550894776980082,1.236351490020752,0.8454587290684382,0.0709235668182373,0.39036925137043,1.2008897066116333,0.6502741033832232,3.669389164355548,119.10810470581055
image_839,../data/train_data/train_data/image_839.png,1,right,836.9168472290039,224.73250770568848,932.8553867340088,403.20395612716675,95.93853950500488,178.47144842147827,884.8861169815063,313.9682319164276,1.1623845100402832,0.468192724386851,1.2956324815750122,0.8400082419315974,0.133247971534729,0.3718155175447464,1.2290084958076477,0.6541004831592242,1.8602685567479151,116.9168472290039
image_84,../data/train_data/train_data/image_84.png,0,right,838.883056640625,225.07531547546387,912.3162746429443,367.8354468345642,73.43321800231934,142.76013135910034,875.5996656417847,296.45538115501404,1.1651153564453125,0.46890690724054973,1.2671059370040894,0.7663238475720088,0.10199058055877686,0.29741694033145905,1.216110646724701,0.6176153774062793,1.9440811017514086,118.883056640625
image_841,../data/train_data/train_data/image_841.png,1,right,856.4231586456299,220.91513061523438,898.6641311645508,387.7732148170471,42.2409725189209,166.85808420181274,877.5436449050903,304.34417271614075,1.1894766092300415,0.46023985544840496,1.2481446266174316,0.8078608642021815,0.05866801738739014,0.34762100875377655,1.2188106179237366,0.6340503598252932,3.9501477890233803,136.42315864562988
image_842,../data/train_data/train_data/image_842.png,1,left,-201.7361068725586,221.52198219299316,-135.38545489311218,394.5620789527893,66.35065197944641,173.04009675979614,-168.5607808828354,308.04203057289124,-0.28018903732299805,0.46150412956873577,-0.18803535401821136,0.8220043311516444,0.09215368330478668,0.36050020158290863,-0.2341121956706047,0.6417542303601901,2.607963774242929,135.38545489311218
image_843,../data/train_data/train_data/image_843.png,1,right,818.2485008239746,226.53320693969727,864.2467975616455,347.0723524093628,45.9982967376709,120.53914546966553,841.2476491928101,286.80277967453003,1.1364562511444092,0.4719441811243693,1.2003427743911743,0.7230674008528392,0.06388652324676514,0.25112321972846985,1.1683995127677917,0.5975057909886042,2.6205132367640136,98.24850082397461
image_844,../data/train_data/train_data/image_844.png,1,left,-177.20782041549683,222.13203811645508,-119.58149313926697,386.9897952079773,57.62632727622986,164.85775709152222,-148.3946567773819,304.5609166622162,-0.24612197279930115,0.4627750794092814,-0.1660854071378708,0.8062287400166194,0.08003656566143036,0.34345366060733795,-0.20610368996858597,0.6345019097129504,2.86080624748619,119.58149313926697
image_845,../data/train_data/train_data/image_845.png,0,right,803.2283878326416,228.11738395690918,891.6091918945312,366.3153281211853,88.38080406188965,138.19794416427612,847.4187898635864,297.21635603904724,1.1155949831008911,0.47524454991022747,1.2383460998535156,0.7631569335858027,0.12275111675262451,0.28791238367557526,1.1769705414772034,0.6192007417480151,1.563664707864634,83.2283878326416
image_846,../data/train_data/train_data/image_846.png,1,left,-187.2065806388855,229.66502571105957,-112.27176547050476,352.2165288925171,74.93481516838074,122.55150318145752,-149.73917305469513,290.94077730178833,-0.26000913977622986,0.47846880356470745,-0.15593300759792328,0.733784435192744,0.10407613217830658,0.2553156316280365,-0.20797107368707657,0.6061266193787257,1.635441455431373,112.27176547050476
image_847,../data/train_data/train_data/image_847.png,0,left,-242.45285511016846,223.88052368164062,-124.74055051803589,419.2080714702606,117.71230459213257,195.32754778862,-183.59670281410217,321.5442975759506,-0.33674007654190063,0.46641775767008464,-0.17325076460838318,0.8733501488963763,0.16348931193351746,0.40693239122629166,-0.2549954205751419,0.6698839532832305,1.6593638911872508,124.74055051803589
image_848,../data/train_data/train_data/image_848.png,0,right,920.6489753723145,215.0252571105957,967.912073135376,428.26857709884644,47.26309776306152,213.24331998825073,944.2805242538452,321.64691710472107,1.2786791324615479,0.4479692856470744,1.3443223237991333,0.8922262022892634,0.06564319133758545,0.444256916642189,1.3115007281303406,0.6700977439681689,4.511835450508939,200.64897537231445
image_849,../data/train_data/train_data/image_849.png,1,right,838.6423873901367,218.5815372467041,903.8044452667236,415.44888401031494,65.16205787658691,196.86734676361084,871.2234163284302,317.0152106285095,1.164781093597412,0.4553782025973002,1.2552839517593384,0.8655185083548228,0.09050285816192627,0.4101403057575226,1.2100325226783752,0.6604483554760615,3.0211959716874803,118.64238739013672
image_85,../data/train_data/train_data/image_85.png,1,right,834.1761875152588,224.477876663208,899.5343685150146,376.5383496284485,65.35818099975586,152.06047296524048,866.8552780151367,300.50811314582825,1.1585780382156372,0.46766224304835,1.249353289604187,0.7844548950592677,0.0907752513885498,0.31679265201091766,1.203965663909912,0.6260585690538089,2.3265713739158147,114.17618751525879
image_850,../data/train_data/train_data/image_850.png,0,right,803.6537647247314,229.1789093017578,887.9612159729004,358.11142349243164,84.30745124816895,128.93251419067383,845.8074903488159,293.6451663970947,1.1161857843399048,0.4774560610453288,1.2332794666290283,0.7460654656092326,0.11709368228912354,0.2686094045639038,1.1747326254844666,0.6117607633272807,1.5293133914242731,83.65376472473145
image_851,../data/train_data/train_data/image_851.png,1,left,-170.04306077957153,223.53116416931152,-116.7638111114502,371.63697385787964,53.27924966812134,148.10580968856812,-143.40343594551086,297.5840690135956,-0.2361709177494049,0.46568992535273235,-0.16217195987701416,0.7742436955372493,0.07399895787239075,0.3085537701845169,-0.19917143881320953,0.6199668104449908,2.779802842778856,116.7638111114502
image_852,../data/train_data/train_data/image_852.png,1,left,-265.1301383972168,220.11355781555176,-168.6533224582672,433.2263185977936,96.47681593894958,213.11276078224182,-216.891730427742,326.66993820667267,-0.3682363033294678,0.45856991211573284,-0.23424072563648224,0.90255483041207,0.13399557769298553,0.4439849182963371,-0.301238514482975,0.6805623712639014,2.2089530910420936,168.6533224582672
image_853,../data/train_data/train_data/image_853.png,1,right,807.2541904449463,225.7772102355957,873.3695697784424,362.1033229827881,66.1153793334961,136.32611274719238,840.3118801116943,293.9402666091919,1.121186375617981,0.4703691879908244,1.2130132913589478,0.7543819228808085,0.0918269157409668,0.28401273488998413,1.1670998334884644,0.6123755554358165,2.0619425332121684,87.25419044494629
image_854,../data/train_data/train_data/image_854.png,0,left,-193.68276357650757,227.80613327026367,-114.43884015083313,370.2929940223694,79.24392342567444,142.4868607521057,-154.06080186367035,299.0495636463165,-0.26900383830070496,0.474596110979716,-0.1589428335428238,0.7714437375466029,0.11006100475788116,0.2968476265668869,-0.21397333592176437,0.6230199242631594,1.798079330155188,114.43884015083313
image_855,../data/train_data/train_data/image_855.png,0,left,-283.31090211868286,216.8735637664795,-218.53418111801147,424.028258562088,64.77672100067139,207.15469479560852,-250.92254161834717,320.45091116428375,-0.3934873640537262,0.45181992451349895,-0.30351969599723816,0.8833922053376834,0.08996766805648804,0.4315722808241844,-0.3485035300254822,0.6676060649255912,3.1979805645528345,218.53418111801147
image_856,../data/train_data/train_data/image_856.png,0,right,883.3617210388184,219.17245292663574,994.3581390380859,445.23013734817505,110.99641799926758,226.0576844215393,938.8599300384521,332.2012951374054,1.226891279220581,0.45660927693049114,1.3810529708862305,0.9275627861420314,0.15416169166564941,0.4709535092115402,1.3039721250534058,0.6920860315362612,2.0366214378470393,163.36172103881836
image_857,../data/train_data/train_data/image_857.png,1,left,-201.99186086654663,222.46088409423828,-128.38252902030945,388.13898944854736,73.60933184623718,165.67810535430908,-165.18719494342804,305.2999367713928,-0.280544251203537,0.46346017519632976,-0.17830906808376312,0.8086228946844737,0.10223518311977386,0.3451627194881439,-0.22942665964365005,0.6360415349404017,2.2507758350584504,128.38252902030945
image_858,../data/train_data/train_data/image_858.png,1,right,826.0175514221191,223.58203315734863,868.1328678131104,366.5971817970276,42.11531639099121,143.01514863967896,847.0752096176147,295.0896074771881,1.1472465991973877,0.465795902411143,1.2057400941848755,0.7637441287438075,0.05849349498748779,0.2979482263326645,1.1764933466911316,0.6147700155774752,3.3957989846722603,106.01755142211914
image_859,../data/train_data/train_data/image_859.png,1,left,-284.72062826156616,224.8664035797119,-167.7701997756958,411.1233606338501,116.95042848587036,186.25695705413818,-226.24541401863098,317.994882106781,-0.395445317029953,0.46847167412439983,-0.23301416635513306,0.856507001320521,0.16243115067481995,0.3880353271961212,-0.31422974169254303,0.6624893377224604,1.5926145758127022,167.7701997756958
image_86,../data/train_data/train_data/image_86.png,0,left,-204.0091609954834,221.55024909973145,-146.64552927017212,389.50872564315796,57.36363172531128,167.9584765434265,-175.32734513282776,305.5294873714447,-0.2833460569381714,0.46156301895777385,-0.2036743462085724,0.8114765117565791,0.079671710729599,0.34991349279880524,-0.2435102015733719,0.6365197653571765,2.92796100058142,146.64552927017212
image_864,../data/train_data/train_data/image_864.png,0,left,-227.75870561599731,219.9939670562744,-170.889630317688,397.99527072906494,56.869075298309326,178.00130367279053,-199.32416796684265,308.9946188926697,-0.31633153557777405,0.4583207647005717,-0.23734670877456665,0.8291568140188853,0.0789848268032074,0.3708360493183136,-0.27683912217617035,0.6437387893597285,3.1300193073138005,170.889630317688
image_867,../data/train_data/train_data/image_867.png,0,left,-187.8655457496643,224.29500007629395,-145.50297260284424,363.4565725326538,42.36257314682007,139.16157245635986,-166.68425917625427,293.8757863044739,-0.260924369096756,0.4672812501589457,-0.20208746194839478,0.7572011927763621,0.058836907148361206,0.2899199426174164,-0.23150591552257538,0.6122412214676539,3.285012267174001,145.50297260284424
image_868,../data/train_data/train_data/image_868.png,0,right,859.7767353057861,214.63578605651855,936.1732578277588,447.470675945282,76.39652252197266,232.83488988876343,897.9749965667725,331.05323100090027,1.1941343545913696,0.447157887617747,1.3002406358718872,0.9322305748860041,0.10610628128051758,0.48507268726825714,1.2471874952316284,0.6896942312518756,3.047715814836952,139.77673530578613
image_869,../data/train_data/train_data/image_869.png,1,right,819.2362403869629,226.28941917419434,921.8621063232422,387.2244062423706,102.6258659362793,160.93498706817627,870.5491733551025,306.75691270828247,1.1378281116485596,0.4714362899462382,1.2803640365600586,0.8067175130049388,0.14253592491149902,0.33528122305870056,1.209096074104309,0.6390769014755885,1.5681717820349625,99.23624038696289
image_87,../data/train_data/train_data/image_87.png,1,left,-257.6904845237732,214.98583221435547,-189.00649309158325,437.9296758174896,68.68399143218994,222.94384360313416,-223.34848880767822,326.45775401592255,-0.35790345072746277,0.4478871504465739,-0.2625090181827545,0.9123534912864367,0.09539443254470825,0.4644663408398628,-0.31020623445510864,0.6801203208665053,3.245936046440185,189.00649309158325
image_870,../data/train_data/train_data/image_870.png,0,left,-161.81161880493164,229.5652618408203,-82.8440648317337,355.23266220092773,78.96755397319794,125.66740036010742,-122.32784181833267,292.398962020874,-0.22473835945129395,0.47826096216837566,-0.1150612011551857,0.7400680462519328,0.10967715829610825,0.26180708408355713,-0.16989978030323982,0.6091645042101542,1.5913801813180093,82.8440648317337
image_872,../data/train_data/train_data/image_872.png,1,right,802.1662330627441,229.5056667327881,879.4029521942139,348.60453033447266,77.23671913146973,119.09886360168457,840.784592628479,289.05509853363037,1.1141197681427002,0.4781368056933085,1.2213929891586304,0.726259438196818,0.10727322101593018,0.24812263250350952,1.1677563786506653,0.6021981219450633,1.5419979634163192,82.16623306274414
image_873,../data/train_data/train_data/image_873.png,1,left,-216.378436088562,226.04062461853027,-134.51303958892822,384.8959770202637,81.86539649963379,158.8553524017334,-175.44573783874512,305.468300819397,-0.30052560567855835,0.4709179679552714,-0.18682366609573364,0.801866618792216,0.11370193958282471,0.3309486508369446,-0.243674635887146,0.6363922933737437,1.9404456485157806,134.51303958892822
image_876,../data/train_data/train_data/image_876.png,1,left,-253.37429523468018,219.98546981811523,-178.80745768547058,417.29561710357666,74.5668375492096,197.31014728546143,-216.09087646007538,318.64054346084595,-0.35190874338150024,0.4583030621210734,-0.24834369122982025,0.8693658689657847,0.10356505215167999,0.4110628068447113,-0.30012621730566025,0.6638344655434291,2.646084422653015,178.80745768547058
image_877,../data/train_data/train_data/image_877.png,0,right,831.3943290710449,226.63065338134766,911.7485046386719,373.42366123199463,80.35417556762695,146.79300785064697,871.5714168548584,300.02715730667114,1.1547143459320068,0.4721471945444743,1.266317367553711,0.7779659608999888,0.1116030216217041,0.3058187663555145,1.2105158567428589,0.6250565777222316,1.826824888858506,111.39432907104492
image_878,../data/train_data/train_data/image_878.png,1,left,-178.6244022846222,221.69664764404297,-141.94855213165283,380.69065952301025,36.67585015296936,158.99401187896729,-160.2864772081375,301.1936535835266,-0.24808944761753082,0.4618680159250895,-0.19715076684951782,0.793105540672938,0.050938680768013,0.3312375247478485,-0.22262010723352432,0.6274867782990138,4.335114556740405,141.94855213165283
image_879,../data/train_data/train_data/image_879.png,1,left,-162.92566895484924,222.8698387145996,-129.53428030014038,369.3410816192627,33.39138865470886,146.4712429046631,-146.2299746274948,296.10546016693115,-0.2262856513261795,0.4643121639887492,-0.17990872263908386,0.7694605867067973,0.04637692868709564,0.3051484227180481,-0.20309718698263168,0.6168863753477732,4.38649750147506,129.53428030014038
image_88,../data/train_data/train_data/image_88.png,0,right,830.0049018859863,228.02603149414062,905.9757900238037,354.55591583251953,75.97088813781738,126.5298843383789,867.990345954895,291.2909736633301,1.1527845859527588,0.47505423227945964,1.258299708366394,0.7386581579844157,0.10551512241363525,0.26360392570495605,1.2055421471595764,0.6068561951319377,1.665504872193193,110.00490188598633
image_880,../data/train_data/train_data/image_880.png,0,left,-198.3583688735962,220.10949516296387,-146.71194076538086,396.99248933792114,51.64642810821533,176.88299417495728,-172.53515481948853,308.5509922504425,-0.2754977345466614,0.45856144825617473,-0.2037665843963623,0.827067686120669,0.07173115015029907,0.3685062378644943,-0.23963215947151184,0.6428145671884219,3.424883397634632,146.71194076538086
image_881,../data/train_data/train_data/image_881.png,0,left,-191.40988111495972,227.68648529052734,-123.63138198852539,351.57946491241455,67.77849912643433,123.8929796218872,-157.52063155174255,289.63297510147095,-0.2658470571041107,0.4743468443552653,-0.17171025276184082,0.7324572185675303,0.0941368043422699,0.258110374212265,-0.21877865493297577,0.6034020314613978,1.8279097533684934,123.63138198852539
image_882,../data/train_data/train_data/image_882.png,0,left,-253.51640939712524,224.73064804077148,-152.75453925132751,391.06916332244873,100.76187014579773,166.33851528167725,-203.13547432422638,307.8999056816101,-0.35210612416267395,0.4681888500849406,-0.21215908229351044,0.8147274235884349,0.1399470418691635,0.34653857350349426,-0.2821326032280922,0.6414581368366877,1.6508081384455564,152.75453925132751
image_884,../data/train_data/train_data/image_884.png,0,left,-270.0779986381531,224.8012294769287,-160.23110032081604,397.8660526275635,109.84689831733704,173.06482315063477,-215.15454947948456,311.3336410522461,-0.3751083314418793,0.4683358947436015,-0.22254319489002228,0.8288876096407573,0.152565136551857,0.36055171489715576,-0.2988257631659508,0.6486117521921794,1.575509420854718,160.23110032081604
image_885,../data/train_data/train_data/image_885.png,1,left,-182.40873098373413,226.9904556274414,-94.81438279151917,367.84421586990356,87.59434819221497,140.85376024246216,-138.61155688762665,297.4173357486725,-0.25334545969963074,0.4728967825571696,-0.13168664276599884,0.7663421163956324,0.1216588169336319,0.29344533383846283,-0.1925160512328148,0.619619449476401,1.6080233844925245,94.81438279151917
image_886,../data/train_data/train_data/image_886.png,1,right,823.6160087585449,221.11405754089355,913.6078548431396,415.20031118392944,89.99184608459473,194.0862536430359,868.6119318008423,318.1571843624115,1.1439111232757568,0.46065428654352825,1.2688997983932495,0.865000648299853,0.12498867511749268,0.40434636175632477,1.2064054608345032,0.6628274674216906,2.1567093252047487,103.61600875854492
image_887,../data/train_data/train_data/image_887.png,0,right,818.5224723815918,226.58788108825684,873.9763069152832,356.9759693145752,55.453834533691406,130.38808822631836,846.2493896484375,291.781925201416,1.1368367671966553,0.4720580856005351,1.2138559818267822,0.7436999360720317,0.07701921463012695,0.2716418504714966,1.1753463745117188,0.6078790108362834,2.3512907506351084,98.5224723815918
image_888,../data/train_data/train_data/image_888.png,1,left,-201.9172739982605,215.04385375976562,-129.91292238235474,434.5657207965851,72.00435161590576,219.52186703681946,-165.91509819030762,324.80478727817535,-0.28044065833091736,0.4480080286661784,-0.18043461441993713,0.9053452516595523,0.10000604391098022,0.45733722299337387,-0.23043763637542725,0.6766766401628653,3.04873055739491,129.91292238235474
image_889,../data/train_data/train_data/image_889.png,0,right,821.3026142120361,226.89438247680664,892.565860748291,369.9532117843628,71.26324653625488,143.05882930755615,856.9342374801636,298.4237971305847,1.1406980752944946,0.47269663016001384,1.2396748065948486,0.7707358578840892,0.098976731300354,0.2980392277240753,1.1901864409446716,0.6217162440220515,2.007469996960854,101.30261421203613
image_89,../data/train_data/train_data/image_89.png,0,left,-205.10058403015137,223.53248023986816,-156.6998326778412,369.3482413291931,48.40075135231018,145.81576108932495,-180.90020835399628,296.44036078453064,-0.2848619222640991,0.465692667166392,-0.21763865649700165,0.7694755027691523,0.06722326576709747,0.3037828356027603,-0.2512502893805504,0.6175840849677722,3.012675568359026,156.6998326778412
image_890,../data/train_data/train_data/image_890.png,0,left,-139.07076716423035,225.9248104095459,-106.68153762817383,346.28564262390137,32.38922953605652,120.36083221435547,-122.87615239620209,286.10522651672363,-0.19315384328365326,0.47067668835322063,-0.14816880226135254,0.7214284221331279,0.04498504102230072,0.2507517337799072,-0.1706613227725029,0.5960525552431742,3.7160758047784594,106.68153762817383
image_891,../data/train_data/train_data/image_891.png,1,left,-202.9856300354004,223.24806594848633,-140.7308828830719,373.4778060913086,62.25474715232849,150.22974014282227,-171.85825645923615,298.36293601989746,-0.2819244861602783,0.46510013739267986,-0.19545955955982208,0.7780787626902262,0.08646492660045624,0.3129786252975464,-0.2386920228600502,0.621589450041453,2.413145133739464,140.7308828830719
image_892,../data/train_data/train_data/image_892.png,0,right,807.5293636322021,224.37479400634766,928.013505935669,409.3304362297058,120.4841423034668,184.95564222335815,867.7714347839355,316.85261511802673,1.1215685606002808,0.4674474875132243,1.2889076471328735,0.8527717421452204,0.16733908653259277,0.38532425463199615,1.2052381038665771,0.6601096148292224,1.5351036135320213,87.52936363220215
image_893,../data/train_data/train_data/image_893.png,0,right,811.5085601806641,230.30549430847168,882.9006385803223,347.9614152908325,71.3920783996582,117.65592098236084,847.2045993804932,289.1334547996521,1.1270952224731445,0.47980311314264934,1.2262508869171143,0.7249196151892344,0.09915566444396973,0.24511650204658508,1.1766730546951294,0.6023613641659419,1.648024873624132,91.50856018066406
image_894,../data/train_data/train_data/image_894.png,0,right,846.9356060028076,223.57416534423828,937.8301334381104,400.8570375442505,90.89452743530273,177.2828722000122,892.382869720459,312.2156014442444,1.1762994527816772,0.46577951113382976,1.3025418519973755,0.8351188282171885,0.12624239921569824,0.36933931708335876,1.2394206523895264,0.6504491696755091,1.950424048644725,126.93560600280762
image_895,../data/train_data/train_data/image_895.png,1,right,836.4026355743408,223.70391273498535,915.9572124481201,382.5100555419922,79.5545768737793,158.80614280700684,876.1799240112305,303.10698413848877,1.1616703271865845,0.46604981819788616,1.2721627950668335,0.7968959490458171,0.11049246788024902,0.3308461308479309,1.216916561126709,0.6314728836218516,1.9961911564053378,116.40263557434082
image_896,../data/train_data/train_data/image_896.png,1,right,817.5321578979492,228.1722297668457,896.7810916900635,361.6398801803589,79.24893379211426,133.46765041351318,857.1566247940063,294.9060549736023,1.1354613304138184,0.4753588120142619,1.245529294013977,0.7534164170424144,0.11006796360015869,0.27805760502815247,1.1904953122138977,0.6143876145283381,1.6841570482654746,97.53215789794922
image_897,../data/train_data/train_data/image_897.png,1,right,795.9800720214844,228.2630100250244,855.3509616851807,349.75589179992676,59.37088966369629,121.49288177490234,825.6655168533325,289.0094509124756,1.1055278778076172,0.4755479375521342,1.1879874467849731,0.7286581079165141,0.08245956897735596,0.2531101703643799,1.1467576622962952,0.6021030227343241,2.046337564808162,75.98007202148438
image_899,../data/train_data/train_data/image_899.png,0,left,-213.95451307296753,225.40456199645996,-122.54703998565674,380.52899742126465,91.40747308731079,155.1244354248047,-168.25077652931213,302.9667797088623,-0.2971590459346771,0.4695928374926249,-0.17020422220230103,0.7927687446276347,0.1269548237323761,0.32317590713500977,-0.23368163406848907,0.6311807910601298,1.6970651324824677,122.54703998565674
image_9,../data/train_data/train_data/image_9.png,0,left,-293.9501953125,223.9131965637207,-177.6994800567627,407.16258907318115,116.2507152557373,183.24939250946045,-235.82483768463135,315.5378928184509,-0.40826416015625,0.46648582617441814,-0.2468048334121704,0.8482553939024607,0.1614593267440796,0.3817695677280426,-0.3275344967842102,0.6573706100384394,1.5763291615568495,177.6994800567627
image_90,../data/train_data/train_data/image_90.png,1,right,817.3545742034912,227.91053199768066,879.9134731292725,354.7395362854004,62.55889892578125,126.82900428771973,848.6340236663818,291.3250341415405,1.1352146863937378,0.4748136083285014,1.2221020460128784,0.7390407005945842,0.08688735961914062,0.26422709226608276,1.178658366203308,0.6069271544615428,2.027353525486236,97.35457420349121
image_900,../data/train_data/train_data/image_900.png,1,right,831.5802383422852,224.89166641235352,860.9312438964844,352.19560050964355,29.35100555419922,127.30393409729004,846.2557411193848,288.54363346099854,1.1549725532531738,0.4685243050257365,1.1957378387451172,0.7337408343950907,0.04076528549194336,0.26521652936935425,1.1753551959991455,0.6011325697104136,4.33729378920978,111.58023834228516
image_901,../data/train_data/train_data/image_901.png,0,right,889.7594547271729,219.36797523498535,1017.2014617919922,439.1139783859253,127.44200706481934,219.74600315093994,953.4804582595825,329.2409768104553,1.2357770204544067,0.45701661507288616,1.4127798080444336,0.914820788304011,0.17700278759002686,0.4578041732311249,1.3242784142494202,0.6859187016884486,1.7242823478068194,169.75945472717285
image_903,../data/train_data/train_data/image_903.png,1,right,814.8085784912109,225.70119285583496,841.6283512115479,346.35663890838623,26.819772720336914,120.65544605255127,828.2184648513794,286.0289158821106,1.131678581237793,0.4702108184496562,1.1689282655715942,0.721576331059138,0.03724968433380127,0.2513655126094818,1.1503034234046936,0.5958935747543971,4.498749758645814,94.80857849121094
image_904,../data/train_data/train_data/image_904.png,0,right,889.0801906585693,220.06955528259277,1031.8553352355957,442.98940205574036,142.77514457702637,222.91984677314758,960.4677629470825,331.52947866916656,1.2348335981369019,0.4584782401720683,1.4331324100494385,0.9228945876161257,0.19829881191253662,0.46441634744405746,1.3339830040931702,0.690686413894097,1.5613351149708248,169.08019065856934
image_905,../data/train_data/train_data/image_905.png,0,right,847.1259784698486,224.3325366973877,938.0590438842773,385.3083291053772,90.93306541442871,160.9757924079895,892.592511177063,304.82043290138245,1.1765638589859009,0.46735945145289104,1.3028597831726074,0.8027256856362025,0.12629592418670654,0.33536623418331146,1.2397118210792542,0.6350425685445468,1.770266862492099,127.12597846984863
image_906,../data/train_data/train_data/image_906.png,1,left,-172.48497605323792,228.8021697998047,-98.65917921066284,348.93128776550293,73.82579684257507,120.12911796569824,-135.57207763195038,288.8667287826538,-0.23956246674060822,0.47667118708292644,-0.13702663779258728,0.7269401828447978,0.10253582894802094,0.25026899576187134,-0.18829455226659775,0.6018056849638621,1.6271970382095517,98.65917921066284
image_907,../data/train_data/train_data/image_907.png,1,left,-181.12399578094482,229.42518615722656,-107.03550338745117,351.36963748931885,74.08849239349365,121.94445133209229,-144.079749584198,290.3974118232727,-0.25156110525131226,0.47796913782755535,-0.14866042137145996,0.7320200781027476,0.1029006838798523,0.25405094027519226,-0.2001107633113861,0.6049946079651515,1.6459297171877838,107.03550338745117
image_908,../data/train_data/train_data/image_908.png,0,right,896.2996673583984,219.42110443115234,1018.0058670043945,434.81772327423096,121.7061996459961,215.3966188430786,957.1527671813965,327.11941385269165,1.2448606491088867,0.45712730089823406,1.4138970375061035,0.9058702568213145,0.1690363883972168,0.44874295592308044,1.3293788433074951,0.6814987788597743,1.7698081073075784,176.29966735839844
image_91,../data/train_data/train_data/image_91.png,0,right,848.4028816223145,219.95328330993652,989.6212291717529,451.44436502456665,141.21834754943848,231.49108171463013,919.0120553970337,335.6988241672516,1.1783373355865479,0.4582360068957011,1.3744739294052124,0.9405090938011805,0.19613659381866455,0.48227308690547943,1.2764056324958801,0.6993725503484408,1.6392422495496803,128.40288162231445
image_910,../data/train_data/train_data/image_910.png,0,right,827.7187156677246,222.28424453735352,936.7634296417236,428.56379532814026,109.04471397399902,206.27955079078674,882.2410726547241,325.4240199327469,1.1496093273162842,0.4630921761194865,1.3010603189468384,0.8928412402669589,0.1514509916305542,0.4297490641474724,1.2253348231315613,0.6779667081932227,1.8916969312237613,107.71871566772461
image_911,../data/train_data/train_data/image_911.png,1,left,-217.78013706207275,225.4927101135254,-141.93472266197205,375.1743998527527,75.84541440010071,149.6816897392273,-179.8574298620224,300.33355498313904,-0.30247241258621216,0.4697764794031779,-0.19713155925273895,0.7816133330265681,0.1053408533334732,0.3118368536233902,-0.24980198591947556,0.625694906214873,1.9735100786663846,141.93472266197205
image_912,../data/train_data/train_data/image_912.png,0,left,-209.49262619018555,225.70207977294922,-127.75497794151306,370.19247913360596,81.73764824867249,144.49039936065674,-168.6238020658493,297.9472794532776,-0.29096198081970215,0.4702126661936442,-0.17743746936321259,0.7712343315283458,0.11352451145648956,0.30102166533470154,-0.23419972509145737,0.620723498860995,1.767733748848144,127.75497794151306
image_913,../data/train_data/train_data/image_913.png,1,left,-219.3012499809265,221.63885498046875,-156.90366983413696,394.13240337371826,62.39758014678955,172.4935483932495,-188.10245990753174,307.8856291770935,-0.3045850694179535,0.46174761454264324,-0.21792176365852356,0.8211091736952464,0.08666330575942993,0.35936155915260315,-0.2612534165382385,0.6414283941189448,2.764426889431618,156.90366983413696
image_914,../data/train_data/train_data/image_914.png,0,right,811.8414115905762,227.49665641784668,908.007230758667,380.4862322807312,96.16581916809082,152.98957586288452,859.9243211746216,303.99144434928894,1.1275575160980225,0.4739513675371806,1.261121153831482,0.7926796505848567,0.13356363773345947,0.3187282830476761,1.1943393349647522,0.6333155090610186,1.5908934919534137,91.84141159057617
image_915,../data/train_data/train_data/image_915.png,1,right,915.7820320129395,213.04239654541016,975.3249263763428,446.83886551856995,59.54289436340332,233.7964689731598,945.5534791946411,329.94063103199005,1.2719194889068604,0.44383832613627117,1.354617953300476,0.9309143031636874,0.08269846439361572,0.48707597702741623,1.3132687211036682,0.6873763146499793,3.926521736519034,195.78203201293945
image_916,../data/train_data/train_data/image_916.png,1,right,810.644416809082,222.81041526794434,894.3193817138672,403.94394540786743,83.67496490478516,181.1335301399231,852.4818992614746,313.3771803379059,1.1258950233459473,0.4641883651415507,1.242110252380371,0.8415498862663905,0.11621522903442383,0.3773615211248398,1.1840026378631592,0.6528691257039706,2.164727888993289,90.64441680908203
image_917,../data/train_data/train_data/image_917.png,0,right,870.9853649139404,223.43629264831543,990.3334522247314,411.08229780197144,119.34808731079102,187.646005153656,930.6594085693359,317.25929522514343,1.2097018957138062,0.46549227635065715,1.3754631280899048,0.8564214537541072,0.16576123237609863,0.39092917740345,1.2925825119018555,0.6609568650523822,1.5722581683694041,150.98536491394043
image_918,../data/train_data/train_data/image_918.png,0,right,844.7668361663818,219.7324981689453,938.1975746154785,417.91345500946045,93.43073844909668,198.18095684051514,891.4822053909302,318.8229765892029,1.173287272453308,0.4577760378519694,1.3030521869659424,0.8706530312697093,0.12976491451263428,0.41287699341773987,1.2381697297096252,0.6642145345608393,2.121153703055541,124.76683616638184
image_92,../data/train_data/train_data/image_92.png,0,left,-201.22747421264648,219.59548377990723,-148.43418717384338,397.87138843536377,52.7932870388031,178.27590465545654,-174.83083069324493,308.7334361076355,-0.2794826030731201,0.45749059120814006,-0.2061585932970047,0.8288987259070079,0.07332400977611542,0.3714081346988678,-0.2428205981850624,0.643194658557574,3.376866921061832,148.43418717384338
image_920,../data/train_data/train_data/image_920.png,0,right,822.8506565093994,223.13740158081055,917.9128646850586,393.9412941932678,95.06220817565918,170.80389261245728,870.381760597229,308.5393478870392,1.1428481340408325,0.46486958662668865,1.274878978729248,0.820711029569308,0.13203084468841553,0.3558414429426193,1.2088635563850403,0.6427903080979983,1.7967591526681144,102.85065650939941
image_921,../data/train_data/train_data/image_921.png,0,left,-264.27687406539917,223.36945915222168,-134.1418218612671,428.105988740921,130.13505220413208,204.73652958869934,-199.20934796333313,325.73772394657135,-0.36705121397972107,0.46535303990046184,-0.1863080859184265,0.8918874765435855,0.18074312806129456,0.4265344366431236,-0.2766796499490738,0.6786202582220237,1.5732619776226477,134.1418218612671
image_922,../data/train_data/train_data/image_922.png,0,left,-281.7004609107971,222.6878204345703,-177.58827567100525,414.3270125389099,104.11218523979187,191.6391921043396,-229.64436829090118,318.5074164867401,-0.3912506401538849,0.46393295923868816,-0.24665038287639618,0.863181276122729,0.1446002572774887,0.39924831688404083,-0.31895051151514053,0.6635571176807086,1.840698969702297,177.58827567100525
image_923,../data/train_data/train_data/image_923.png,1,right,884.4019031524658,217.76334190368652,938.688268661499,414.56225299835205,54.2863655090332,196.79891109466553,911.5450859069824,316.1627974510193,1.228335976600647,0.4536736289660136,1.3037337064743042,0.8636713604132334,0.07539772987365723,0.40999773144721985,1.2660348415374756,0.6586724946896235,3.625199610423696,164.40190315246582
image_924,../data/train_data/train_data/image_924.png,1,right,835.107364654541,217.50072860717773,902.1330642700195,418.6458125114441,67.02569961547852,201.14508390426636,868.6202144622803,318.0732705593109,1.1598713397979736,0.4531265179316203,1.252962589263916,0.8721787760655085,0.09309124946594238,0.41905225813388824,1.2064169645309448,0.6626526469985644,3.0010143132890943,115.10736465454102
image_927,../data/train_data/train_data/image_927.png,1,left,-238.57131242752075,220.91201210021973,-159.2859971523285,409.3027844429016,79.28531527519226,188.39077234268188,-198.92865478992462,315.10739827156067,-0.33134904503822327,0.46023335854212444,-0.22123055160045624,0.852714134256045,0.11011849343776703,0.3924807757139206,-0.27628979831933975,0.6564737463990847,2.3761117892865067,159.2859971523285
image_928,../data/train_data/train_data/image_928.png,1,right,853.0393695831299,219.83930015563965,986.6283130645752,442.9574980735779,133.5889434814453,223.11819791793823,919.8338413238525,331.39839911460876,1.1847769021987915,0.45799854199091594,1.3703171014785767,0.9228281209866206,0.18554019927978516,0.46482957899570465,1.277547001838684,0.6904133314887683,1.670184613361569,133.03936958312988
image_929,../data/train_data/train_data/image_929.png,1,right,824.622631072998,222.26410293579102,973.5254859924316,449.85088431835175,148.9028549194336,227.58678138256073,899.0740585327148,336.0574936270714,1.1453092098236084,0.4630502144495646,1.352118730545044,0.9371893423298995,0.20680952072143555,0.47413912788033485,1.2487139701843262,0.700119778389732,1.5284245658399256,104.62263107299805
image_93,../data/train_data/train_data/image_93.png,0,right,891.3702392578125,218.61320877075195,948.2797622680664,410.49834156036377,56.909523010253906,191.88513278961182,919.8250007629395,314.55577516555786,1.2380142211914062,0.4554441849390666,1.3170552253723145,0.8552048782507579,0.0790410041809082,0.3997606933116913,1.2775347232818604,0.6553245315949122,3.371757882332595,171.3702392578125
image_930,../data/train_data/train_data/image_930.png,0,left,-212.46962070465088,217.2071590423584,-148.36897730827332,424.16239762306213,64.10064339637756,206.95523858070374,-180.4192990064621,320.68477833271027,-0.2950966954231262,0.45251491467158,-0.2060680240392685,0.8836716617147128,0.08902867138385773,0.4311567470431328,-0.25058235973119736,0.6680932881931464,3.2285984604079516,148.36897730827332
image_932,../data/train_data/train_data/image_932.png,1,right,844.5858192443848,223.78765487670898,962.7799987792969,414.41534662246704,118.19417953491211,190.62769174575806,903.6829090118408,319.101500749588,1.1730358600616455,0.4662242809931437,1.3371944427490234,0.863365305463473,0.16415858268737793,0.3971410244703293,1.2551151514053345,0.6647947932283084,1.6128348493628706,124.58581924438477
image_933,../data/train_data/train_data/image_933.png,0,right,814.5843887329102,226.81661987304688,918.3566951751709,389.29143810272217,103.77230644226074,162.4748182296753,866.4705419540405,308.0540289878845,1.1313672065734863,0.47253462473551433,1.2754954099655151,0.8110238293806712,0.1441282033920288,0.33848920464515686,1.2034313082695007,0.6417792270580928,1.5656857190514197,94.58438873291016
image_935,../data/train_data/train_data/image_935.png,1,left,-185.9981918334961,223.83128547668457,-136.41188263893127,370.14806175231934,49.58630919456482,146.31677627563477,-161.20503723621368,296.98967361450195,-0.2583308219909668,0.4663151780764262,-0.18946094810962677,0.771141795317332,0.06886987388134003,0.30482661724090576,-0.22389588505029678,0.6187284866968791,2.950749484127216,136.41188263893127
image_936,../data/train_data/train_data/image_936.png,1,right,861.4276885986328,221.24188804626465,990.089693069458,432.99741888046265,128.6620044708252,211.755530834198,925.7586908340454,327.11965346336365,1.196427345275879,0.4609206000963847,1.3751245737075806,0.9020779560009639,0.17869722843170166,0.44115735590457916,1.2857759594917297,0.6814992780486743,1.6458280104147973,141.4276885986328
image_938,../data/train_data/train_data/image_938.png,0,right,857.1742630004883,223.1042137145996,911.0371398925781,374.00436305999756,53.862876892089844,150.90014934539795,884.1057014465332,298.5542883872986,1.1905198097229004,0.4648004452387492,1.265329360961914,0.7791757563749949,0.07480955123901367,0.3143753111362457,1.2279245853424072,0.6219881008068721,2.8015612617149075,137.17426300048828
image_939,../data/train_data/train_data/image_939.png,0,right,828.5999393463135,220.23875617980957,914.6639156341553,406.4422836303711,86.0639762878418,186.20352745056152,871.6319274902344,313.34051990509033,1.150833249092102,0.45883074204126995,1.2703665494918823,0.8467547575632731,0.11953330039978027,0.3879240155220032,1.2105998992919922,0.6527927498022715,2.1635478103847077,108.59993934631348
image_94,../data/train_data/train_data/image_94.png,1,left,-171.71329379081726,227.0930233001709,-96.86216354370117,354.4255247116089,74.85113024711609,127.33250141143799,-134.28772866725922,290.7592740058899,-0.23849068582057953,0.4731104652086894,-0.13453078269958496,0.7383865098158519,0.10395990312099457,0.2652760446071625,-0.18651073426008224,0.6057484875122706,1.7011433359931654,96.86216354370117
image_940,../data/train_data/train_data/image_940.png,0,right,814.5565795898438,226.21139907836914,855.3110504150391,349.1350927352905,40.75447082519531,122.92369365692139,834.9338150024414,287.67324590682983,1.1313285827636719,0.4712737480799357,1.187932014465332,0.7273647765318553,0.056603431701660156,0.25609102845191956,1.159630298614502,0.5993192623058955,3.0162014416569787,94.55657958984375
image_941,../data/train_data/train_data/image_941.png,0,right,870.2251625061035,221.82164573669434,947.969913482666,402.62952709198,77.7447509765625,180.80788135528564,909.0975379943848,312.22558641433716,1.2086460590362549,0.4621284286181132,1.3166248798370361,0.8388115147749583,0.10797882080078125,0.3766830861568451,1.2626354694366455,0.6504699716965358,2.325660306118844,150.22516250610352
image_942,../data/train_data/train_data/image_942.png,1,left,-255.80317497253418,222.93815994262695,-120.37428975105286,436.0495581626892,135.42888522148132,213.11139822006226,-188.08873236179352,329.4938590526581,-0.355282187461853,0.4644544998804728,-0.16718651354312897,0.9084365795056025,0.18809567391872406,0.4439820796251297,-0.261234350502491,0.6864455396930377,1.5736037247263641,120.37428975105286
image_943,../data/train_data/train_data/image_943.png,0,left,-165.69915890693665,225.5501880645752,-136.05056762695312,349.7025337219238,29.64859127998352,124.15234565734863,-150.87486326694489,287.6263608932495,-0.23013772070407867,0.46989622513453166,-0.18895912170410156,0.728546945254008,0.04117859899997711,0.2586507201194763,-0.20954842120409012,0.5992215851942698,4.187461875841867,136.05056762695312
image_945,../data/train_data/train_data/image_945.png,0,left,-219.34165477752686,220.1708641052246,-172.28197574615479,395.0371732711792,47.05967903137207,174.8663091659546,-195.81181526184082,307.6040186882019,-0.3046411871910095,0.45868930021921794,-0.23928052186965942,0.8229941109816233,0.0653606653213501,0.3643048107624054,-0.2719608545303345,0.6408417056004206,3.715841517945351,172.28197574615479
image_947,../data/train_data/train_data/image_947.png,0,left,-175.61811804771423,224.94061851501465,-124.57360982894897,363.5890522003174,51.04450821876526,138.64843368530273,-150.0958639383316,294.264835357666,-0.24391405284404755,0.4686262885729472,-0.1730189025402069,0.7574771920839946,0.07089515030384064,0.28885090351104736,-0.20846647769212723,0.6130517403284709,2.716226260640749,124.57360982894897
image_949,../data/train_data/train_data/image_949.png,0,left,-182.48170852661133,225.01572036743164,-140.85723638534546,355.18579864501953,41.62447214126587,130.1700782775879,-161.6694724559784,290.1007595062256,-0.2534468173980713,0.4687827507654826,-0.19563505053520203,0.7399704138437907,0.05781176686286926,0.2711876630783081,-0.22454093396663666,0.6043765823046366,3.1272487453009465,140.85723638534546
image_95,../data/train_data/train_data/image_95.png,0,right,800.7951736450195,228.94473457336426,870.7960224151611,350.635684967041,70.0008487701416,121.69095039367676,835.7955980300903,289.79020977020264,1.112215518951416,0.4769681970278422,1.2094389200210571,0.7304910103480021,0.09722340106964111,0.2535228133201599,1.1608272194862366,0.6037296036879222,1.738421069625419,80.79517364501953
image_951,../data/train_data/train_data/image_951.png,1,right,830.3610992431641,223.8736572265625,876.8088912963867,361.38260984420776,46.447792053222656,137.50895261764526,853.5849952697754,292.62813353538513,1.1532793045043945,0.46640345255533855,1.217790126800537,0.7528804371754328,0.06451082229614258,0.2864769846200943,1.1855347156524658,0.6096419448653857,2.9605056890557746,110.36109924316406
image_952,../data/train_data/train_data/image_952.png,0,right,817.0890140533447,224.21595001220703,855.2614402770996,359.7345962524414,38.17242622375488,135.51864624023438,836.1752271652222,291.9752731323242,1.1348458528518677,0.4671165625254313,1.1878631114959717,0.7494470755259196,0.053017258644104004,0.2823305130004883,1.1613544821739197,0.6082818190256755,3.550171148301296,97.08901405334473
image_953,../data/train_data/train_data/image_953.png,0,right,850.0609588623047,225.13920211791992,922.1506690979004,369.0438857078552,72.0897102355957,143.9046835899353,886.1058139801025,297.0915439128876,1.1806402206420898,0.4690400044123332,1.2807648181915283,0.7688414285580317,0.10012459754943848,0.29980142414569855,1.230702519416809,0.6189407164851825,1.9961889584469372,130.0609588623047
image_954,../data/train_data/train_data/image_954.png,1,left,-205.88320970535278,220.84772491455078,-151.10254526138306,391.11049795150757,54.78066444396973,170.2627730369568,-178.49287748336792,305.9791114330292,-0.28594890236854553,0.46009942690531414,-0.20986464619636536,0.8148135373989741,0.07608425617218018,0.35471411049366,-0.24790677428245544,0.6374564821521441,3.108081560622607,151.10254526138306
image_955,../data/train_data/train_data/image_955.png,1,right,899.1922473907471,216.0609474182129,957.3536109924316,427.0699336528778,58.16136360168457,211.00898623466492,928.2729291915894,321.56544053554535,1.2488781213760376,0.45012697378794353,1.329657793045044,0.8897290284434954,0.08077967166900635,0.4396020546555519,1.2892679572105408,0.6699280011157195,3.6279924191556145,179.19224739074707
image_958,../data/train_data/train_data/image_958.png,1,right,839.97971534729,218.13118362426758,915.0465488433838,417.42825412750244,75.06683349609375,199.29707050323486,877.5131320953369,317.779718875885,1.1666384935379028,0.4544399658838908,1.2708979845046997,0.8696421960989634,0.10425949096679688,0.41520223021507263,1.2187682390213013,0.6620410809914271,2.6549284313904846,119.97971534729004
image_959,../data/train_data/train_data/image_959.png,1,left,-261.455340385437,217.91497611999512,-176.91176891326904,433.01795387268066,84.54357147216797,215.10297775268555,-219.18355464935303,325.4664649963379,-0.36313241720199585,0.45398953358332317,-0.24571079015731812,0.9021207372347514,0.11742162704467773,0.4481312036514282,-0.304421603679657,0.6780551354090373,2.5442854377579516,176.91176891326904
image_961,../data/train_data/train_data/image_961.png,1,left,-222.9323387145996,224.39233207702637,-122.663254737854,405.7953062057495,100.2690839767456,181.40297412872314,-172.7977967262268,315.09381914138794,-0.3096282482147217,0.4674840251604716,-0.17036563158035278,0.8454068879286448,0.1392626166343689,0.3779228627681732,-0.23999693989753723,0.6564454565445582,1.8091615773690932,122.663254737854
image_963,../data/train_data/train_data/image_963.png,1,left,-265.44777631759644,217.2368278503418,-209.8401117324829,424.5618751049042,55.607664585113525,207.32504725456238,-237.64394402503967,320.899351477623,-0.3686774671077728,0.4525767246882121,-0.2914445996284485,0.8845039064685504,0.07723286747932434,0.4319271817803383,-0.33006103336811066,0.6685403155783812,3.728353794416758,209.8401117324829
image_964,../data/train_data/train_data/image_964.png,0,left,-168.72418642044067,229.21621704101562,-90.80829977989197,350.4065456390381,77.9158866405487,121.19032859802246,-129.76624310016632,289.81138134002686,-0.2343391478061676,0.4775337855021159,-0.1261226385831833,0.730013636747996,0.10821650922298431,0.2524798512458801,-0.18023089319467545,0.603773711125056,1.5553994675965481,90.80829977989197
image_965,../data/train_data/train_data/image_965.png,1,right,794.7742366790771,226.44105339050293,899.7891998291016,389.3533434867859,105.01496315002441,162.91229009628296,847.2817182540894,307.8971984386444,1.1038531064987183,0.4717521945635478,1.2497072219848633,0.8111527989308039,0.14585411548614502,0.33940060436725616,1.1767801642417908,0.6414524967471759,1.5513245466129089,74.77423667907715
image_966,../data/train_data/train_data/image_966.png,1,right,835.1286506652832,225.426420211792,934.1608715057373,392.57070684432983,99.0322208404541,167.14428663253784,884.6447610855103,308.9985635280609,1.1599009037017822,0.4696383754412333,1.2974456548690796,0.8178556392590205,0.13754475116729736,0.34821726381778717,1.228673279285431,0.6437470073501269,1.6877768186357822,115.1286506652832
image_968,../data/train_data/train_data/image_968.png,0,right,860.5286979675293,220.1332130432129,971.9982147216797,421.8456163406372,111.46951675415039,201.71240329742432,916.2634563446045,320.98941469192505,1.195178747177124,0.45861086050669353,1.3499975204467773,0.8788450340429942,0.15481877326965332,0.42023417353630066,1.2725881338119507,0.6687279472748439,1.8095745740273326,140.5286979675293
image_969,../data/train_data/train_data/image_969.png,0,right,839.7503757476807,219.1220989227295,900.3085613250732,409.1058888435364,60.55818557739258,189.98378992080688,870.029468536377,314.11399388313293,1.1663199663162231,0.45650437275568645,1.250428557395935,0.8523039350907008,0.08410859107971191,0.39579956233501434,1.208374261856079,0.6544041539231936,3.137210735582724,119.75037574768066
image_97,../data/train_data/train_data/image_97.png,1,left,-136.97967410087585,224.95598220825195,-103.94346356391907,352.298397064209,33.03621053695679,127.34241485595703,-120.46156883239746,288.62718963623047,-0.19024954736232758,0.4686582962671916,-0.14436592161655426,0.7339549938837687,0.045883625745773315,0.26529669761657715,-0.16730773448944092,0.6013066450754802,3.8546314115991676,103.94346356391907
image_970,../data/train_data/train_data/image_970.png,0,right,879.7546005249023,222.66504669189453,999.6385288238525,432.2969081401825,119.8839282989502,209.63186144828796,939.6965646743774,327.4809774160385,1.22188138961792,0.46388551394144695,1.388386845588684,0.9006185586253802,0.16650545597076416,0.43673304468393326,1.305134117603302,0.6822520362834136,1.74862355966128,159.75460052490234
image_971,../data/train_data/train_data/image_971.png,1,left,-181.23177766799927,228.9302864074707,-114.7002911567688,354.4075860977173,66.53148651123047,125.47729969024658,-147.96603441238403,291.668936252594,-0.25171080231666565,0.47693809668223064,-0.15930595993995667,0.7383491377035777,0.09240484237670898,0.26141104102134705,-0.20550838112831116,0.6076436171929042,1.8859837089175229,114.7002911567688
image_972,../data/train_data/train_data/image_972.png,1,left,-177.46779084205627,229.0771713256836,-113.18694591522217,351.31592178344727,64.2808449268341,122.23875045776367,-145.32736837863922,290.19654655456543,-0.24648304283618927,0.4772441069285075,-0.15720409154891968,0.7319081703821818,0.08927895128726959,0.2546640634536743,-0.20184356719255447,0.6045761386553447,1.90163571429247,113.18694591522217
image_974,../data/train_data/train_data/image_974.png,1,right,810.2362060546875,226.1368408203125,879.4570255279541,373.85796451568604,69.2208194732666,147.72112369537354,844.8466157913208,299.99740266799927,1.1253280639648438,0.47111841837565105,1.2214680910110474,0.7788707594076792,0.09614002704620361,0.3077523410320282,1.1733980774879456,0.6249945888916651,2.1340562683229156,90.2362060546875
image_975,../data/train_data/train_data/image_975.png,0,left,-300.33129930496216,220.5334987640381,-173.37918162345886,443.7102224826813,126.9521176815033,223.1767237186432,-236.8552404642105,332.1218606233597,-0.4171268045902252,0.459444789091746,-0.24080441892147064,0.9243962968389193,0.17632238566875458,0.4649515077471733,-0.32896561175584793,0.6919205429653327,1.7579598339473754,173.37918162345886
image_976,../data/train_data/train_data/image_976.png,0,right,804.9777889251709,228.95017051696777,880.8953762054443,348.8219680786133,75.91758728027344,119.87179756164551,842.9365825653076,288.8860692977905,1.1180247068405151,0.47697952191034954,1.2234658002853394,0.726712433497111,0.10544109344482422,0.24973291158676147,1.1707452535629272,0.6018459777037303,1.578972697315859,84.9777889251709
image_977,../data/train_data/train_data/image_977.png,1,left,-183.60808610916138,225.37778282165527,-100.48670768737793,381.2997856140137,83.12137842178345,155.9220027923584,-142.04739689826965,303.3387842178345,-0.2550112307071686,0.46953704754511516,-0.1395648717880249,0.7943745533625285,0.11544635891914368,0.32483750581741333,-0.19728805124759674,0.6319558004538218,1.8758351431705353,100.48670768737793
image_978,../data/train_data/train_data/image_978.png,0,left,-187.03221559524536,224.44903755187988,-124.08175706863403,375.76591634750366,62.95045852661133,151.31687879562378,-155.5569863319397,300.1074769496918,-0.25976696610450745,0.46760216156641643,-0.17233577370643616,0.7828456590572993,0.08743119239807129,0.3152434974908829,-0.2160513699054718,0.6252239103118579,2.403745458528422,124.08175706863403
image_979,../data/train_data/train_data/image_979.png,1,right,865.9594631195068,215.50731086730957,917.017650604248,429.31354427337646,51.05818748474121,213.8062334060669,891.4885568618774,322.410427570343,1.2027214765548706,0.44897356430689495,1.2736356258392334,0.894403217236201,0.07091414928436279,0.44542965292930603,1.238178551197052,0.671688390771548,4.187501435885539,145.95946311950684
image_98,../data/train_data/train_data/image_98.png,0,left,-210.50944089889526,224.40861129760742,-115.63159704208374,396.3527431488037,94.87784385681152,171.9441318511963,-163.0705189704895,310.38067722320557,-0.29237422347068787,0.4675179402033488,-0.16059944033622742,0.8257348815600077,0.13177478313446045,0.35821694135665894,-0.22648683190345764,0.6466264108816783,1.8122685430192982,115.63159704208374
image_980,../data/train_data/train_data/image_980.png,1,right,857.1533203125,213.90771293640137,927.7362728118896,447.9858889579773,70.58295249938965,234.07817602157593,892.4447965621948,330.94680094718933,1.19049072265625,0.44564106861750286,1.2885226011276245,0.9333039353291194,0.09803187847137451,0.4876628667116165,1.2395066618919373,0.6894725019733111,3.3163556883455687,137.1533203125
image_982,../data/train_data/train_data/image_982.png,0,left,-227.08474159240723,217.2254695892334,-156.54062747955322,432.10144662857056,70.544114112854,214.87597703933716,-191.81268453598022,324.663458108902,-0.3153954744338989,0.45255306164423625,-0.21741753816604614,0.9002113471428553,0.09797793626785278,0.4476582854986191,-0.26640650629997253,0.6763822043935458,3.0459802315411615,156.54062747955322
image_983,../data/train_data/train_data/image_983.png,1,right,794.741792678833,228.18590545654297,883.1900596618652,370.9015908241272,88.44826698303223,142.71568536758423,838.9659261703491,299.5437481403351,1.103808045387268,0.4753873030344645,1.2266528606414795,0.772711647550265,0.12284481525421143,0.2973243445158005,1.1652304530143738,0.6240494752923648,1.6135498211057382,74.74179267883301
image_984,../data/train_data/train_data/image_984.png,0,right,855.9928035736084,221.57290840148926,989.0402412414551,442.36010575294495,133.04743766784668,220.7871973514557,922.5165224075317,331.9665070772171,1.1888788938522339,0.46161022583643596,1.3736670017242432,0.9215835536519686,0.18478810787200928,0.4599733278155327,1.2812729477882385,0.6915968897442023,1.6594622280712505,135.9928035736084
image_985,../data/train_data/train_data/image_985.png,0,left,-221.13543033599854,224.11226654052734,-117.20439076423645,394.5346417427063,103.93103957176208,170.42237520217896,-169.1699105501175,309.3234541416168,-0.3071325421333313,0.4669005552927653,-0.16278387606143951,0.8219471702973048,0.14434866607189178,0.3550466150045395,-0.2349582090973854,0.644423862795035,1.6397639810434694,117.20439076423645
image_986,../data/train_data/train_data/image_986.png,0,right,814.9616146087646,226.2771167755127,902.8679466247559,372.64102125167847,87.90633201599121,146.36390447616577,858.9147806167603,299.4590690135956,1.131891131401062,0.4714106599489848,1.2539832592010498,0.7763354609409968,0.12209212779998779,0.304924800992012,1.192937195301056,0.6238730604449908,1.6649984263879924,94.96161460876465
image_987,../data/train_data/train_data/image_987.png,0,right,872.788667678833,221.71109580993652,947.0353889465332,393.327712059021,74.2467212677002,171.61661624908447,909.9120283126831,307.51940393447876,1.212206482887268,0.4618981162707011,1.3153269290924072,0.8194327334562937,0.10312044620513916,0.35753461718559265,1.2637667059898376,0.6406654248634974,2.311436967436075,152.788667678833
image_988,../data/train_data/train_data/image_988.png,1,left,-213.1973147392273,223.63825225830078,-152.0591175556183,380.133189201355,61.13819718360901,156.4949369430542,-182.6282161474228,301.8857207298279,-0.29610738158226013,0.46591302553812664,-0.21119321882724762,0.7919441441694896,0.08491416275501251,0.3260311186313629,-0.2536503002047539,0.6289285848538081,2.559691717324797,152.0591175556183
image_989,../data/train_data/train_data/image_989.png,1,right,834.5204544067383,223.58775520324707,953.5112285614014,412.98526430130005,118.99077415466309,189.39750909805298,894.0158414840698,318.28650975227356,1.1590561866760254,0.46580782334009807,1.3243211507797241,0.8603859672943751,0.16526496410369873,0.39457814395427704,1.2416886687278748,0.6630968953172366,1.5916991081331724,114.52045440673828
image_99,../data/train_data/train_data/image_99.png,1,left,-183.8292932510376,225.14523887634277,-115.65032958984375,362.82458686828613,68.17896366119385,137.67934799194336,-149.73981142044067,293.98491287231445,-0.25531846284866333,0.4690525809923808,-0.16062545776367188,0.7558845559755961,0.09469300508499146,0.28683197498321533,-0.2079719603061676,0.6124685684839885,2.0193816479247513,115.65032958984375
image_993,../data/train_data/train_data/image_993.png,1,left,-230.06664991378784,222.2894229888916,-148.15109610557556,408.0527892112732,81.91555380821228,185.7633662223816,-189.1088730096817,315.1711061000824,-0.3195370137691498,0.46310296456019084,-0.20576541125774384,0.8501099775234858,0.11377160251140594,0.387007012963295,-0.2626512125134468,0.6566064710418383,2.2677422978462274,148.15109610557556
image_994,../data/train_data/train_data/image_994.png,0,right,850.3379344940186,219.81140518188477,939.1685771942139,413.0384364128113,88.83064270019531,193.2270312309265,894.7532558441162,316.424920797348,1.1810249090194702,0.45794042746225994,1.3044008016586304,0.8604967425266902,0.12337589263916016,0.40255631506443024,1.2427128553390503,0.659218584994475,2.175229463137743,130.33793449401855
image_995,../data/train_data/train_data/image_995.png,1,right,835.9073066711426,226.89006233215332,926.8881797790527,384.8087658882141,90.98087310791016,157.9187035560608,881.3977432250977,305.8494141101837,1.160982370376587,0.47268762985865276,1.2873446941375732,0.8016849289337794,0.12636232376098633,0.32899729907512665,1.22416353225708,0.6371862793962161,1.7357351953388855,115.90730667114258
image_996,../data/train_data/train_data/image_996.png,1,right,854.6315288543701,218.08592224121094,957.3294925689697,425.47228479385376,102.69796371459961,207.38636255264282,905.9805107116699,321.77910351753235,1.1869882345199585,0.4543456713358561,1.3296242952346802,0.8864005933205287,0.14263606071472168,0.43205492198467255,1.2583062648773193,0.6703731323281924,2.0193814468315563,134.63152885437012
image_997,../data/train_data/train_data/image_997.png,1,left,-283.06963205337524,223.7509479522705,-153.54686379432678,422.64898443222046,129.52276825904846,198.89803647994995,-218.308247923851,323.1999661922455,-0.39315226674079895,0.4661478082338969,-0.2132595330476761,0.880518717567126,0.17989273369312286,0.41437090933322906,-0.3032058998942375,0.6733332629005114,1.5356221856079342,153.54686379432678
image_998,../data/train_data/train_data/image_998.png,0,left,-247.07977294921875,226.10442543029785,-132.0724332332611,402.59864234924316,115.00733971595764,176.4942169189453,-189.57610309123993,314.3515338897705,-0.3431663513183594,0.47105088631312053,-0.18343393504619598,0.8387471715609233,0.1597324162721634,0.36769628524780273,-0.2633001431822777,0.6548990289370219,1.5346343751176792,132.0724332332611
image_999,../data/train_data/train_data/image_999.png,1,right,841.5641498565674,216.03336715698242,904.636402130127,431.3424208164215,63.07225227355957,215.3090536594391,873.1002759933472,323.68789398670197,1.1688390970230103,0.45006951491038005,1.256439447402954,0.8986300433675448,0.08760035037994385,0.44856052845716476,1.2126392722129822,0.6743497791389624,3.413688997906588,121.56414985656738
